-98.0877,0.587994,0.405047
-46.3873,0.22268,0.317608
-46.4063,0.22268,0.317926
-167.124,0.587994,0.940511
-57.8628,0.369885,0.387539
-57.9124,0.369885,0.387927
-99.1136,0.587994,0.41538
-46.4977,0.223796,0.319539
-46.5181,0.223796,0.319858
-118.514,0.587994,0.574746
-48.2206,0.24966,0.342516
-48.254,0.24966,0.342859
-91.1151,0.587994,0.256243
-46.4136,0.21631,0.267933
-46.397,0.21631,0.268201
-139.717,0.587994,0.729802
-50.2975,0.290738,0.358481
-50.3367,0.290738,0.35884
-102.091,0.587994,0.443374
-46.8316,0.227094,0.32481
-46.8556,0.227094,0.325135
-166.2,0.587994,0.932945
-57.4314,0.366466,0.386312
-57.4806,0.366466,0.386699
-114.803,0.587994,0.546827
-47.9433,0.243899,0.339421
-47.9754,0.243899,0.33976
-105.36,0.587994,0.160757
-54.7269,0.221808,0.201716
-54.6915,0.221808,0.201918
-106.875,0.587994,0.156219
-55.4081,0.222226,0.197581
-55.3732,0.222226,0.197778
-90.8092,0.587994,0.271304
-46.0467,0.216112,0.27475
-46.0344,0.216112,0.275025
-133.502,0.587994,0.684444
-49.5068,0.277295,0.353501
-49.5441,0.277295,0.353855
-103.894,0.587994,0.459295
-47.0181,0.229207,0.327515
-47.0438,0.229207,0.327843
-101.353,0.587994,0.436665
-46.7526,0.226252,0.323619
-46.7758,0.226252,0.323942
-150.49,0.587994,0.809861
-52.2412,0.317844,0.367851
-52.2839,0.317844,0.368219
-126.895,0.587994,0.636378
-48.8914,0.264129,0.348916
-48.9272,0.264129,0.349265
-157.311,0.587994,0.862147
-54.0611,0.337615,0.374946
-54.1064,0.337615,0.375321
-121.078,0.587994,0.593757
-48.4222,0.253834,0.344602
-48.4564,0.253834,0.344947
-123.163,0.587994,0.609097
-48.5601,0.257528,0.345933
-48.5947,0.257528,0.346279
-152.501,0.587994,0.825123
-52.7102,0.323652,0.369659
-52.7535,0.323652,0.370029
-95.8315,0.587994,0.380423
-46.0997,0.220433,0.311962
-46.1145,0.220433,0.312274
-90.9847,0.587994,0.260853
-46.2716,0.216232,0.270328
-46.2564,0.216232,0.270599
-93.3789,0.587994,0.348413
-45.797,0.218154,0.303678
-45.8055,0.218154,0.303982
-120.492,0.587994,0.589431
-48.3704,0.252889,0.34408
-48.4044,0.252889,0.344424
-65.0431,0.195546,0.405047
-50.1158,0.282822,0.159969
-50.1133,0.282822,0.160129
-234.847,0.195546,0.940511
-61.5324,0.354717,0.421503
-61.5974,0.354717,0.421925
-68.3635,0.195546,0.41538
-49.5843,0.286315,0.16487
-49.5809,0.286315,0.165035
-133.223,0.195546,0.574746
-45.7828,0.321895,0.24167
-45.7821,0.321895,0.241912
-47.4065,0.195546,0.256243
-184.905,0.189225,0.696186
-185.134,0.189225,0.696883
-46.131,0.195175,0.271984
-190.742,0.195351,0.729802
-190.962,0.195351,0.730532
-48.7938,0.340597,0.317621
-78.3381,0.195351,0.443374
-78.5044,0.195351,0.443817
-48.3435,0.294913,0.178168
-233.923,0.195351,0.932945
-234.05,0.195351,0.933878
-60.9461,0.354607,0.417706
-121.388,0.195351,0.546827
-121.625,0.195351,0.547374
-45.9213,0.317564,0.228048
-67.9997,0.195351,0.160757
-67.9591,0.195351,0.160918
-54.5494,0.412541,0.312697
-69.1173,0.195351,0.156219
-69.0796,0.195351,0.156376
-55.4993,0.433602,0.286037
-47.0948,0.294262,0.213243
-47.0862,0.294262,0.213457
-46.1727,0.195546,0.271304
-205.617,0.177914,0.734257
-205.819,0.177914,0.734991
-45.8249,0.195051,0.278728
-176.083,0.195351,0.684444
-176.319,0.195351,0.685128
-47.2781,0.336172,0.295337
-84.4655,0.195351,0.459295
-84.6467,0.195351,0.459754
-47.7811,0.298998,0.185737
-75.8531,0.195351,0.436665
-76.013,0.195351,0.437102
-48.6349,0.292785,0.174906
-211.863,0.195351,0.809861
-212.047,0.195351,0.810671
-52.6226,0.347089,0.357043
-158.484,0.195351,0.636378
-158.73,0.195351,0.637015
-46.2332,0.330724,0.27178
-222.614,0.195351,0.862147
-222.773,0.195351,0.863009
-55.8353,0.350607,0.382825
-141.354,0.195351,0.593757
-141.601,0.195351,0.594351
-45.8119,0.324981,0.25091
-147.66,0.195351,0.609097
-147.908,0.195351,0.609707
-45.9081,0.327198,0.258436
-215.234,0.195351,0.825123
-215.411,0.195351,0.825948
-53.5044,0.348156,0.364558
-58.0366,0.195351,0.380423
-58.1356,0.195351,0.380803
-51.5261,0.273919,0.148382
-46.9523,0.195351,0.260853
-46.9286,0.195351,0.261114
-191.615,0.185686,0.708123
-46.0366,0.194864,0.273712
-46.0229,0.194864,0.273986
-50.9826,0.195546,0.348413
-53.8979,0.259941,0.133628
-53.9028,0.259941,0.133761
-46.27,0.210862,0.270536
-139.551,0.195351,0.589431
-139.798,0.195351,0.59002
-45.7972,0.324404,0.248822
-153.288,0.754353,0.405047
-153.306,0.754353,0.405452
-53.0431,0.278273,0.381842
-194.012,0.754353,0.940511
-194.081,0.754353,0.941452
-111.2,0.301318,0.633622
-153.755,0.754353,0.41538
-153.774,0.754353,0.415796
-53.9784,0.278427,0.388192
-164.512,0.754353,0.574746
-164.558,0.754353,0.575321
-72.2967,0.28236,0.480099
-154.39,0.754353,0.256243
-154.369,0.754353,0.256499
-45.6976,0.278386,0.273591
-177.32,0.754353,0.729802
-177.381,0.754353,0.730532
-90.9674,0.288758,0.554005
-155.217,0.754353,0.443374
-155.242,0.754353,0.443817
-56.8367,0.27888,0.405842
-193.448,0.754353,0.932945
-193.518,0.754353,0.933878
-110.482,0.300862,0.630756
-162.32,0.754353,0.546827
-162.363,0.754353,0.547374
-68.8614,0.281454,0.465333
-171.475,0.754353,0.160757
-171.426,0.754353,0.160918
-49.2469,0.281404,0.188704
-172.888,0.754353,0.156219
-172.839,0.754353,0.156376
-49.4752,0.281525,0.183859
-153.294,0.754353,0.271304
-153.278,0.754353,0.271575
-45.6968,0.27816,0.285693
-173.542,0.754353,0.684444
-173.599,0.754353,0.685128
-85.7222,0.286643,0.533829
-156.159,0.754353,0.459295
-156.188,0.754353,0.459754
-58.57,0.279184,0.415593
-154.842,0.754353,0.436665
-154.866,0.754353,0.437102
-56.1045,0.278769,0.401532
-183.879,0.754353,0.809861
-183.944,0.754353,0.810671
-99.5036,0.292995,0.586846
-169.539,0.754353,0.636378
-169.592,0.754353,0.637015
-79.9123,0.284626,0.511121
-188.033,0.754353,0.862147
-188.101,0.754353,0.863009
-104.598,0.29607,0.606759
-166.041,0.754353,0.593757
-166.089,0.754353,0.594351
-74.6524,0.28302,0.489905
-167.291,0.754353,0.609097
-167.341,0.754353,0.609707
-76.5551,0.283577,0.497674
-185.104,0.754353,0.825123
-185.17,0.754353,0.825948
-101.03,0.293868,0.592773
-152.369,0.754353,0.380423
-152.381,0.754353,0.380803
-50.9117,0.278003,0.365789
-154.019,0.754353,0.260853
-153.999,0.754353,0.261114
-45.6759,0.278333,0.277694
-151.66,0.754353,0.348413
-151.665,0.754353,0.348762
-48.5439,0.277816,0.343596
-165.691,0.754353,0.589431
-165.739,0.754353,0.59002
-74.1185,0.282865,0.487702
-59.156,0.355632,0.405047
-59.2136,0.355632,0.405452
-57.2014,0.242048,0.161
-173.625,0.355632,0.940511
-173.806,0.355632,0.941452
-78.5122,0.52069,0.372987
-60.6625,0.355632,0.41538
-60.7248,0.355632,0.415796
-55.3486,0.250497,0.162876
-91.4212,0.355632,0.574746
-91.5505,0.355632,0.575321
-46.7831,0.367986,0.211554
-46.7698,0.355632,0.256243
-46.7762,0.355632,0.256499
-67.4343,0.139811,0.179546
-45.7888,0.312844,0.244041
-45.7867,0.312844,0.244285
-127.73,0.355988,0.729802
-57.338,0.449181,0.276006
-57.351,0.449181,0.276282
-65.1282,0.355988,0.443374
-51.2277,0.272961,0.169025
-51.2205,0.272961,0.169194
-172.084,0.355988,0.932945
-77.6369,0.518285,0.369438
-77.6734,0.518285,0.369807
-85.2584,0.355988,0.546827
-46.1514,0.350175,0.201191
-46.1502,0.350175,0.201392
-47.0041,0.355988,0.160757
-51.3506,0.13767,0.220315
-51.2906,0.13767,0.220535
-46.9718,0.316336,0.167187
-46.4777,0.336143,0.163794
-46.4751,0.336143,0.163958
-47.1765,0.355988,0.156219
-53.0017,0.137794,0.214674
-52.9359,0.137794,0.214889
-46.9764,0.31715,0.162388
-47.2216,0.355632,0.271304
-47.2313,0.355632,0.271575
-71.449,0.146411,0.171455
-45.7496,0.308302,0.252011
-45.748,0.308302,0.252263
-116.996,0.355988,0.684444
-53.4716,0.428712,0.256268
-53.4801,0.428712,0.256525
-67.8744,0.355988,0.459295
-49.461,0.28551,0.173141
-49.4554,0.28551,0.173314
-64.0172,0.355988,0.436665
-52.1173,0.267485,0.167434
-52.1093,0.267485,0.167601
-146.184,0.355988,0.809861
-65.0889,0.480928,0.312154
-65.1109,0.480928,0.312467
-105.623,0.355988,0.636378
-49.9665,0.4045,0.236067
-49.9708,0.4045,0.236303
-157.626,0.355988,0.862147
-70.2822,0.497805,0.33619
-70.3105,0.497805,0.336526
-95.7253,0.355988,0.593757
-47.5644,0.380141,0.218917
-47.5657,0.380141,0.219136
-99.2558,0.355988,0.609097
-48.2903,0.388763,0.224967
-48.2926,0.388763,0.225192
-149.583,0.355988,0.825123
-66.5159,0.485728,0.319057
-66.5397,0.485728,0.319376
-55.9057,0.355988,0.380423
-62.1844,0.221883,0.157519
-62.163,0.221883,0.157677
-45.6988,0.296352,0.270045
-46.8911,0.355632,0.260853
-46.8984,0.355632,0.261114
-68.8336,0.141681,0.176822
-45.7747,0.311486,0.246663
-45.7728,0.311486,0.246909
-52.3525,0.355988,0.348413
-68.9562,0.196292,0.155888
-68.9194,0.196292,0.156044
-45.6972,0.295437,0.270719
-94.7457,0.355632,0.589431
-94.8802,0.355632,0.59002
-47.3915,0.377805,0.217224
-97.002,0.138744,0.405047
-97.2416,0.138744,0.405452
-57.9644,0.232345,0.171841
-256.399,0.138744,0.940511
-256.44,0.138744,0.941452
-63.3498,0.263357,0.436133
-270.324,3.40168,0.0201669
-270.336,3.40168,0.0201871
-49.3616,0.382783,0.278337
-103.164,0.138744,0.41538
-103.413,0.138744,0.415796
-56.9939,0.233863,0.17692
-190.486,0.138744,0.574746
-190.731,0.138744,0.575321
-46.7213,0.249102,0.255274
-45.777,0.138744,0.256243
-45.7663,0.138744,0.256499
-252.684,0.0974432,0.652775
-45.6829,0.138243,0.258702
-45.6768,0.138243,0.258961
-235.716,0.138883,0.729802
-47.3135,0.256706,0.331783
-47.3388,0.256706,0.332115
-119.988,0.138883,0.443374
-54.5752,0.237141,0.190606
-54.5487,0.237141,0.190797
-256.023,0.138883,0.932945
-62.534,0.26285,0.432291
-62.6288,0.26285,0.432723
-270.18,3.38932,0.0199276
-49.0571,0.379203,0.27807
-49.0702,0.379203,0.278348
-177.679,0.138883,0.546827
-47.7828,0.246891,0.241509
-47.7627,0.246891,0.24175
-77.3404,0.138883,0.160757
-105.28,0.14821,0.436032
-105.527,0.14821,0.436468
-46.6547,0.142904,0.247502
-79.9075,0.138744,0.156219
-79.8187,0.138744,0.156376
-91.6518,0.154985,0.422093
-46.2234,0.146384,0.253902
-46.2026,0.146384,0.254156
-45.8595,0.138883,0.271304
-71.5637,0.200219,0.107011
-71.5795,0.200219,0.107118
-45.779,0.141636,0.258126
-226.375,0.138744,0.684444
-226.537,0.138744,0.685128
-46.0412,0.255144,0.309457
-129.807,0.138744,0.459295
-130.084,0.138744,0.459754
-53.2297,0.239249,0.198447
-116.073,0.138744,0.436665
-116.339,0.138744,0.437102
-55.1029,0.23662,0.187343
-247.112,0.138744,0.809861
-247.199,0.138744,0.810671
-51.6123,0.259849,0.37145
-213.183,0.138744,0.636378
-213.382,0.138744,0.637015
-45.6646,0.25277,0.285696
-251.839,0.138744,0.862147
-251.904,0.138744,0.863009
-55.6818,0.26143,0.39738
-198.235,0.138744,0.593757
-198.466,0.138744,0.594351
-46.2091,0.25032,0.264652
-203.993,0.138744,0.609097
-204.213,0.138744,0.609707
-45.9168,0.251248,0.272226
-248.668,0.138744,0.825123
-248.748,0.138744,0.825948
-52.6991,0.260304,0.378984
-82.918,0.138744,0.380423
-83.127,0.138744,0.380803
-60.2991,0.228569,0.159848
-45.6496,0.138744,0.260853
-45.6465,0.138744,0.261114
-254.527,0.0945845,0.656704
-45.6411,0.138585,0.261575
-45.6394,0.138585,0.261836
-66.6653,0.138883,0.348413
-63.5364,0.22232,0.144245
-63.5246,0.22232,0.14439
-196.361,0.138883,0.589431
-46.3151,0.249806,0.262522
-46.3027,0.249806,0.262785
-135.084,0.705628,0.405047
-51.1843,0.260501,0.368356
-51.2338,0.260501,0.368724
-184.255,0.705628,0.940511
-88.1929,0.303136,0.550007
-88.3357,0.303136,0.550557
-135.715,0.705628,0.41538
-51.9711,0.260758,0.374053
-52.0246,0.260758,0.374428
-149.09,0.705628,0.574746
-65.2906,0.267932,0.446083
-65.3924,0.267932,0.44653
-134.249,0.705628,0.256243
-45.7984,0.259906,0.273932
-45.7927,0.259906,0.274206
-164.418,0.705628,0.729802
-77.2843,0.279544,0.499015
-77.4137,0.279544,0.499514
-137.628,0.705628,0.443374
-54.1454,0.261624,0.388345
-54.209,0.261624,0.388734
-183.587,0.705628,0.932945
-87.8855,0.302136,0.548447
-88.0283,0.302136,0.548996
-146.436,0.705628,0.546827
-62.8991,0.26631,0.434906
-62.994,0.26631,0.435341
-151.87,0.705628,0.160757
-50.8184,0.263915,0.193711
-50.8024,0.263915,0.193905
-153.409,0.705628,0.156219
-51.1995,0.264064,0.188797
-51.1844,0.264064,0.188986
-133.278,0.705628,0.271304
-45.66,0.259674,0.285709
-45.6594,0.259674,0.285995
-159.915,0.705628,0.684444
-74.0991,0.27567,0.485111
-74.2224,0.27567,0.485596
-138.83,0.705628,0.459295
-55.409,0.262216,0.395935
-55.4777,0.262216,0.396331
-137.144,0.705628,0.436665
-53.5655,0.261424,0.38471
-53.6264,0.261424,0.385095
-172.219,0.705628,0.809861
-82.1131,0.287429,0.520641
-82.2502,0.287429,0.521162
-155.132,0.705628,0.636378
-70.3923,0.272011,0.468935
-70.5074,0.272011,0.469404
-177.156,0.705628,0.862147
-84.8916,0.293179,0.533517
-85.0322,0.293179,0.534051
-150.934,0.705628,0.593757
-66.8942,0.269119,0.453385
-67.0005,0.269119,0.453838
-152.436,0.705628,0.609097
-68.1533,0.270135,0.45904
-68.2628,0.270135,0.4595
-173.675,0.705628,0.825123
-83.0306,0.288984,0.524757
-83.169,0.288984,0.525282
-133.781,0.705628,0.380423
-49.5201,0.259953,0.354904
-49.5604,0.259953,0.355259
-133.914,0.705628,0.260853
-45.7295,0.259838,0.27775
-45.7253,0.259838,0.278028
-132.595,0.705628,0.348413
-47.6855,0.259491,0.336236
-47.7135,0.259491,0.336572
-150.512,0.705628,0.589431
-66.5223,0.268849,0.451707
-66.6276,0.268849,0.452159
-226.006,0.0715526,0.405047
-63.7189,0.134286,0.186391
-63.63,0.134286,0.186577
-262.551,0.0715526,0.940511
-122.391,0.141167,0.452002
-122.661,0.141167,0.452454
-273.102,2.1495,0.0241126
-47.569,0.289901,0.208276
-47.5594,0.289901,0.208484
-47.4262,0.294139,0.205267
-225.322,0.794348,0.070353
-225.281,0.794348,0.0704233
-47.2772,0.298463,0.202067
-47.1271,0.302774,0.198757
-47.121,0.302774,0.198956
-87.7017,0.490906,0.11825
-46.6093,0.317456,0.188877
-46.606,0.317456,0.189066
-46.2833,0.335786,0.177991
-230.683,0.0714811,0.41538
-230.854,0.0714811,0.415796
-61.4104,0.134708,0.19148
-258.885,0.0714811,0.574746
-258.914,0.0714811,0.575321
-45.849,0.13801,0.270412
-90.9666,0.0714811,0.256243
-91.2535,0.0714811,0.256499
-108.587,0.126772,0.112826
-46.5401,0.085477,0.198279
-46.5055,0.085477,0.198478
-262.143,0.0715526,0.729802
-65.7143,0.139676,0.347345
-65.8682,0.139676,0.347692
-268.912,2.03838,0.0178231
-54.1053,0.242592,0.188381
-54.0818,0.242592,0.18857
-53.86,0.247462,0.184481
-215.797,0.709517,0.0573414
-215.744,0.709517,0.0573987
-53.3765,0.254338,0.178962
-52.4625,0.263785,0.171682
-52.452,0.263785,0.171854
-78.818,0.433053,0.0992194
-48.074,0.301446,0.148077
-48.0746,0.301446,0.148225
-47.049,0.323906,0.136892
-240.468,0.0714811,0.443374
-240.597,0.0714811,0.443817
-55.8524,0.135487,0.205355
-262.549,0.0714811,0.932945
-262.549,0.0714811,0.933878
-120.016,0.141253,0.448202
-272.918,2.14313,0.023875
-272.936,2.14313,0.0238989
-47.6749,0.289151,0.207066
-47.5543,0.293058,0.203871
-47.5458,0.293058,0.204075
-225.429,0.793296,0.069767
-47.3869,0.297613,0.20051
-47.3796,0.297613,0.200711
-47.1796,0.302775,0.19704
-87.7862,0.489602,0.117247
-87.7218,0.489602,0.117364
-46.6408,0.317357,0.187298
-46.31,0.334495,0.176785
-46.3078,0.334495,0.176962
-54.3252,0.40509,0.14397
-46.3078,0.335469,0.176232
-46.3056,0.335469,0.176408
-257.113,0.0715526,0.546827
-45.729,0.137442,0.256579
-45.7203,0.137442,0.256836
-54.9597,0.0715526,0.160757
-259.346,0.0450205,0.390181
-259.374,0.0450205,0.390571
-47.4905,0.0689742,0.172481
-58.1663,0.0714811,0.156219
-58.0463,0.0714811,0.156376
-258.31,0.0455039,0.38106
-48.5466,0.0686711,0.169062
-48.4805,0.0686711,0.169232
-108.107,0.0715526,0.271304
-103.787,0.127848,0.120256
-103.713,0.127848,0.120377
-261.764,0.0715526,0.684444
-56.9671,0.139218,0.324797
-57.0812,0.139218,0.325122
-268.189,2.00518,0.0164706
-56.3551,0.223673,0.191141
-56.3217,0.223673,0.191333
-244.6,0.0715526,0.459295
-53.1949,0.135743,0.213241
-53.1276,0.135743,0.213455
-238.304,0.0715526,0.436665
-57.0684,0.135159,0.20201
-56.9906,0.135159,0.202212
-262.433,0.0715526,0.809861
-85.1952,0.14032,0.387062
-85.4089,0.14032,0.387449
-270.333,2.08581,0.0201957
-50.673,0.266508,0.191799
-50.6582,0.266508,0.191991
-50.1799,0.274105,0.186192
-222.655,0.755374,0.0613211
-222.61,0.755374,0.0613825
-49.5482,0.282366,0.180238
-48.8145,0.291227,0.174054
-48.8097,0.291227,0.174228
-89.1435,0.469495,0.103311
-47.2131,0.312963,0.160866
-47.212,0.312963,0.161027
-46.7088,0.33029,0.151819
-261.006,0.0714811,0.636378
-261.02,0.0714811,0.637015
-50.1275,0.138832,0.300974
-267.39,1.96565,0.0150585
-267.398,1.96565,0.0150735
-56.9768,0.19717,0.202498
-45.6744,0.153336,0.268712
-45.6692,0.153336,0.26898
-262.506,0.0715526,0.862147
-99.6912,0.140685,0.413031
-99.9343,0.140685,0.413445
-271.376,2.11302,0.0217565
-49.1295,0.277658,0.197275
-49.1174,0.277658,0.197472
-48.7826,0.284154,0.192587
-224.328,0.774095,0.0647305
-224.286,0.774095,0.0647952
-48.3849,0.290909,0.187732
-47.9563,0.297883,0.182761
-47.9511,0.297883,0.182944
-89.6081,0.480678,0.108767
-46.9509,0.315795,0.171523
-46.9487,0.315795,0.171694
-46.522,0.333031,0.162072
-259.739,0.0714811,0.593757
-259.763,0.0714811,0.594351
-46.5952,0.138281,0.279836
-266.677,1.927,0.0138064
-266.684,1.927,0.0138202
-52.4605,0.167967,0.224114
-45.6386,0.144382,0.266073
-45.6376,0.144382,0.266339
-260.266,0.0715526,0.609097
-47.5975,0.13835,0.287443
-47.6424,0.13835,0.287731
-266.928,1.94343,0.0142565
-54.9374,0.179066,0.214362
-54.8827,0.179066,0.214576
-45.6457,0.147665,0.267219
-262.461,0.0714811,0.825123
-262.462,0.0714811,0.825948
-89.1954,0.140572,0.394641
-270.626,2.09196,0.0206507
-270.639,2.09196,0.0206714
-50.141,0.270331,0.193204
-49.7443,0.277132,0.187826
-49.7335,0.277132,0.188014
-223.428,0.762175,0.0622795
-49.1806,0.285004,0.182167
-49.1729,0.285004,0.182349
-48.4899,0.293876,0.176361
-89.3302,0.472798,0.104803
-89.2584,0.472798,0.104908
-47.114,0.314264,0.163902
-46.6544,0.331258,0.154572
-46.6518,0.331258,0.154727
-212.799,0.0715526,0.380423
-69.8524,0.133471,0.174203
-69.7584,0.133471,0.174377
-95.9742,0.0715526,0.260853
-107.172,0.12703,0.1151
-107.104,0.12703,0.115215
-46.4641,0.0863159,0.199746
-190.003,0.0714811,0.348413
-190.292,0.0714811,0.348762
-78.9135,0.132347,0.158358
-259.564,0.0714811,0.589431
-259.589,0.0714811,0.59002
-46.379,0.138221,0.277691
-70.5363,0.45809,0.405047
-70.5879,0.45809,0.405452
-51.7854,0.204035,0.225261
-161.897,0.45809,0.940511
-162.049,0.45809,0.941452
-72.9078,0.505709,0.347661
-71.8747,0.45809,0.41538
-71.9295,0.45809,0.415796
-51.679,0.208247,0.224807
-96.9845,0.45809,0.574746
-97.0855,0.45809,0.575321
-46.3339,0.293013,0.235055
-58.1134,0.45809,0.256243
-58.1204,0.45809,0.256499
-50.0664,0.169303,0.235345
-125.147,0.45809,0.729802
-125.281,0.45809,0.730532
-49.6832,0.389849,0.272063
-75.7241,0.45809,0.443374
-75.7876,0.45809,0.443817
-51.1216,0.220732,0.224115
-160.669,0.45809,0.932945
-160.821,0.45809,0.933878
-71.825,0.501797,0.344611
-92.1395,0.45809,0.546827
-92.2331,0.45809,0.547374
-47.1714,0.276473,0.230805
-63.0924,0.45809,0.160757
-63.0637,0.45809,0.160918
-57.698,0.173779,0.20477
-63.961,0.45809,0.156219
-63.9292,0.45809,0.156376
-58.4289,0.17451,0.202249
-58.6223,0.45809,0.271304
-58.6333,0.45809,0.271575
-49.8853,0.170299,0.236459
-116.825,0.45809,0.684444
-116.951,0.45809,0.685128
-47.1534,0.361702,0.259085
-78.0459,0.45809,0.459295
-78.1142,0.45809,0.459754
-50.6322,0.228345,0.224264
-74.7735,0.45809,0.436665
-74.8349,0.45809,0.437102
-51.2992,0.217675,0.224117
-139.627,0.45809,0.809861
-139.771,0.45809,0.810671
-56.6853,0.436623,0.298289
-108.031,0.45809,0.636378
-108.147,0.45809,0.637015
-45.8769,0.331666,0.247081
-148.792,0.45809,0.862147
-148.94,0.45809,0.863009
-62.7936,0.466345,0.317211
-100.349,0.45809,0.593757
-100.455,0.45809,0.594351
-45.9616,0.304707,0.238366
-103.095,0.45809,0.609097
-103.205,0.45809,0.609707
-45.803,0.314535,0.24123
-142.332,0.45809,0.825123
-142.477,0.45809,0.825948
-58.4262,0.445835,0.303666
-67.5466,0.45809,0.380423
-67.5906,0.45809,0.380803
-51.7838,0.194767,0.226953
-58.2451,0.45809,0.260853
-58.2532,0.45809,0.261114
-49.9215,0.16953,0.236139
-64.1296,0.45809,0.348413
-64.1637,0.45809,0.348762
-51.3294,0.184616,0.230054
-99.5794,0.45809,0.589431
-99.684,0.45809,0.59002
-46.0303,0.301996,0.237591
-74.4285,0.481608,0.405047
-74.4784,0.481608,0.405452
-48.8699,0.203661,0.243847
-161.482,0.481608,0.940511
-161.627,0.481608,0.941452
-68.8772,0.486286,0.346008
-75.7241,0.481608,0.41538
-75.7771,0.481608,0.415796
-48.8687,0.207021,0.243452
-99.8287,0.481608,0.574746
-99.925,0.481608,0.575321
-46.2547,0.27828,0.249245
-62.6323,0.481608,0.256243
-62.6368,0.481608,0.256499
-48.6261,0.17753,0.244997
-126.584,0.481608,0.729802
-126.711,0.481608,0.730532
-48.2185,0.367285,0.278794
-79.4442,0.481608,0.443374
-79.5055,0.481608,0.443817
-48.7351,0.217046,0.242689
-160.311,0.481608,0.932945
-160.456,0.481608,0.933878
-67.9112,0.482528,0.343211
-95.2036,0.481608,0.546827
-95.2931,0.481608,0.547374
-46.8166,0.26341,0.246525
-69.4038,0.481608,0.160757
-69.3693,0.481608,0.160918
-57.2584,0.18278,0.205124
-70.4321,0.481608,0.156219
-70.3944,0.481608,0.156376
-58.0271,0.183457,0.202196
-63.0342,0.481608,0.271304
-63.0439,0.481608,0.271575
-48.5281,0.178223,0.245748
-118.692,0.481608,0.684444
-118.812,0.481608,0.685128
-46.4596,0.340763,0.267928
-81.6832,0.481608,0.459295
-81.749,0.481608,0.459754
-48.561,0.223261,0.242595
-78.5264,0.481608,0.436665
-78.5856,0.481608,0.437102
-48.7789,0.214484,0.242885
-140.314,0.481608,0.809861
-140.45,0.481608,0.810671
-54.0153,0.414963,0.301318
-110.343,0.481608,0.636378
-110.453,0.481608,0.637015
-45.7415,0.312724,0.258348
-149.012,0.481608,0.862147
-149.153,0.481608,0.863009
-59.3199,0.444596,0.318209
-103.035,0.481608,0.593757
-103.136,0.481608,0.594351
-45.9627,0.288573,0.251688
-105.649,0.481608,0.609097
-105.753,0.481608,0.609707
-45.805,0.297049,0.253925
-142.88,0.481608,0.825123
-143.018,0.481608,0.825948
-55.4359,0.423594,0.306107
-71.5318,0.481608,0.380423
-71.5744,0.481608,0.380803
-48.7812,0.196401,0.244993
-62.7282,0.481608,0.260853
-62.7344,0.481608,0.261114
-48.6091,0.177694,0.245132
-68.2223,0.481608,0.348413
-68.2553,0.481608,0.348762
-48.5658,0.188658,0.24648
-102.302,0.481608,0.589431
-102.402,0.481608,0.59002
-46.0218,0.285969,0.251229
-210.116,0.888517,0.405047
-210.119,0.888517,0.405452
-57.0253,0.327209,0.40122
-227.73,0.888517,0.940511
-227.763,0.888517,0.941452
-155.596,0.329851,0.828415
-210.228,0.888517,0.41538
-210.233,0.888517,0.415796
-58.3346,0.327222,0.409986
-214.299,0.888517,0.574746
-214.319,0.888517,0.575321
-85.1779,0.327674,0.544467
-213.078,0.888517,0.256243
-213.062,0.888517,0.256499
-46.0419,0.327463,0.266846
-220.002,0.888517,0.729802
-220.03,0.888517,0.730532
-116.198,0.32845,0.668692
-210.659,0.888517,0.443374
-210.668,0.888517,0.443817
-62.285,0.327266,0.434216
-227.467,0.888517,0.932945
-227.5,0.888517,0.933878
-154.303,0.329796,0.822816
-213.374,0.888517,0.546827
-213.391,0.888517,0.547374
-79.865,0.327564,0.521441
-223.38,0.888517,0.160757
-223.354,0.888517,0.160918
-46.4479,0.328259,0.174243
-224.14,0.888517,0.156219
-224.114,0.888517,0.156376
-46.5052,0.328275,0.169424
-212.231,0.888517,0.271304
-212.217,0.888517,0.271575
-46.3821,0.327389,0.280825
-218.285,0.888517,0.684444
-218.311,0.888517,0.685128
-107.057,0.328197,0.63297
-210.976,0.888517,0.459295
-210.986,0.888517,0.459754
-64.7397,0.327295,0.448021
-210.541,0.888517,0.436665
-210.548,0.888517,0.437102
-61.295,0.327254,0.428407
-223.019,0.888517,0.809861
-223.049,0.888517,0.810671
-131.949,0.32894,0.730588
-216.492,0.888517,0.636378
-216.516,0.888517,0.637015
-97.367,0.32795,0.594608
-224.945,0.888517,0.862147
-224.977,0.888517,0.863009
-141.78,0.329287,0.770224
-214.957,0.888517,0.593757
-214.978,0.888517,0.594351
-88.9015,0.327752,0.56011
-215.501,0.888517,0.609097
-215.523,0.888517,0.609707
-91.9166,0.327822,0.572544
-223.586,0.888517,0.825123
-223.617,0.888517,0.825948
-134.847,0.329042,0.742159
-209.966,0.888517,0.380423
-209.967,0.888517,0.380803
-54.1019,0.327195,0.37972
-212.8,0.888517,0.260853
-212.785,0.888517,0.261114
-46.1264,0.327434,0.271035
-210.067,0.888517,0.348413
-210.064,0.888517,0.348762
-50.9011,0.327205,0.351308
-214.806,0.888517,0.589431
-214.826,0.888517,0.59002
-88.0303,0.327736,0.556481
-255.794,0.985972,0.405047
-255.794,0.985972,0.405452
-59.6741,0.363082,0.404988
-257.875,0.985972,0.940511
-257.88,0.985972,0.941452
-169.821,0.363111,0.928609
-255.797,0.985972,0.41538
-255.798,0.985972,0.415796
-61.1463,0.363082,0.415197
-256.207,0.985972,0.574746
-256.209,0.985972,0.575321
-90.7276,0.363087,0.571816
-256.395,0.985972,0.256243
-256.392,0.985972,0.256499
-47.1906,0.363088,0.257716
-256.897,0.985972,0.729802
-256.901,0.985972,0.730532
-125.498,0.363096,0.723485
-255.825,0.985972,0.443374
-255.826,0.985972,0.443817
-65.4611,0.363082,0.442771
-257.842,0.985972,0.932945
-257.846,0.985972,0.933878
-168.388,0.363111,0.921264
-256.101,0.985972,0.546827
-256.103,0.985972,0.547374
-84.8301,0.363085,0.544438
-257.871,0.985972,0.160757
-257.868,0.985972,0.160918
-47.3367,0.363102,0.162473
-257.974,0.985972,0.156219
-257.97,0.985972,0.156376
-47.5345,0.363104,0.157938
-256.26,0.985972,0.271304
-256.257,0.985972,0.271575
-47.6932,0.363086,0.272654
-256.685,0.985972,0.684444
-256.688,0.985972,0.685128
-115.207,0.363093,0.679183
-255.852,0.985972,0.459295
-255.853,0.985972,0.459754
-68.1179,0.363083,0.458441
-255.816,0.985972,0.436665
-255.817,0.985972,0.437102
-64.3818,0.363082,0.43615
-257.276,0.985972,0.809861
-257.28,0.985972,0.810671
-143.254,0.363101,0.801546
-256.466,0.985972,0.636378
-256.469,0.985972,0.637015
-104.323,0.36309,0.632186
-257.52,0.985972,0.862147
-257.524,0.985972,0.863009
-154.322,0.363105,0.852448
-256.284,0.985972,0.593757
-256.286,0.985972,0.594351
-94.8521,0.363088,0.590452
-256.348,0.985972,0.609097
-256.351,0.985972,0.609707
-98.2304,0.363088,0.60548
-257.347,0.985972,0.825123
-257.351,0.985972,0.825948
-146.536,0.363102,0.816408
-255.804,0.985972,0.380423
-255.803,0.985972,0.380803
-56.4648,0.363082,0.380703
-256.351,0.985972,0.260853
-256.349,0.985972,0.261114
-47.3285,0.363088,0.262313
-255.859,0.985972,0.348413
-255.858,0.985972,0.348762
-52.9437,0.363083,0.349083
-256.266,0.985972,0.589431
-256.268,0.985972,0.59002
-93.9078,0.363087,0.586215
-107.458,0.621245,0.405047
-107.493,0.621245,0.405452
-47.6825,0.23288,0.335689
-170.958,0.621245,0.940511
-171.063,0.621245,0.941452
-61.0429,0.340273,0.423547
-108.378,0.621245,0.41538
-108.416,0.621245,0.415796
-47.9743,0.233622,0.338812
-126.155,0.621245,0.574746
-126.227,0.621245,0.575321
-52.2114,0.251832,0.374772
-102.306,0.621245,0.256243
-102.293,0.621245,0.256499
-46.1517,0.229145,0.271284
-145.716,0.621245,0.729802
-145.808,0.621245,0.730532
-55.4327,0.281033,0.397497
-111.07,0.621245,0.443374
-111.115,0.621245,0.443817
-48.7651,0.235931,0.346568
-170.107,0.621245,0.932945
-170.212,0.621245,0.933878
-60.7525,0.337822,0.422463
-122.733,0.621245,0.546827
-122.799,0.621245,0.547374
-51.5534,0.247763,0.369744
-118.151,0.621245,0.160757
-118.098,0.621245,0.160918
-53.6967,0.2342,0.199373
-119.729,0.621245,0.156219
-119.673,0.621245,0.156376
-54.2924,0.234542,0.195013
-101.774,0.621245,0.271304
-101.767,0.621245,0.271575
-45.8273,0.228883,0.279873
-139.986,0.621245,0.684444
-140.072,0.621245,0.685128
-54.5048,0.271361,0.391414
-112.713,0.621245,0.459295
-112.762,0.621245,0.459754
-49.2101,0.23743,0.350607
-110.401,0.621245,0.436665
-110.444,0.621245,0.437102
-48.5574,0.235367,0.344624
-155.641,0.621245,0.809861
-155.74,0.621245,0.810671
-57.1264,0.300916,0.407099
-133.89,0.621245,0.636378
-133.97,0.621245,0.637015
-53.5384,0.262111,0.384609
-161.922,0.621245,0.862147
-162.024,0.621245,0.863009
-58.4727,0.31562,0.41345
-128.521,0.621245,0.593757
-128.595,0.621245,0.594351
-52.6482,0.254789,0.378043
-130.445,0.621245,0.609097
-130.522,0.621245,0.609707
-52.9689,0.257342,0.380441
-157.493,0.621245,0.825123
-157.593,0.621245,0.825948
-57.4843,0.305118,0.408863
-105.46,0.621245,0.380423
-105.489,0.621245,0.380803
-47.0156,0.231345,0.327712
-102.105,0.621245,0.260853
-102.094,0.621245,0.261114
-46.0362,0.229045,0.273899
-103.358,0.621245,0.348413
-103.377,0.621245,0.348762
-46.2589,0.229872,0.315944
-127.981,0.621245,0.589431
-128.054,0.621245,0.59002
-52.539,0.254125,0.377243
-144.664,0.73177,0.405047
-144.684,0.73177,0.405452
-52.2291,0.270209,0.376212
-189.313,0.73177,0.940511
-189.389,0.73177,0.941452
-100.566,0.301048,0.595202
-145.205,0.73177,0.41538
-145.228,0.73177,0.415796
-53.0922,0.270409,0.382206
-157.175,0.73177,0.574746
-157.225,0.73177,0.575321
-69.2395,0.27562,0.465323
-144.935,0.73177,0.256243
-144.915,0.73177,0.256499
-45.7265,0.270095,0.274241
-171.158,0.73177,0.729802
-171.224,0.73177,0.730532
-84.8726,0.284098,0.529524
-146.874,0.73177,0.443374
-146.902,0.73177,0.443817
-55.6484,0.271027,0.398341
-188.701,0.73177,0.932945
-188.776,0.73177,0.933878
-100.247,0.300222,0.593596
-154.768,0.73177,0.546827
-154.814,0.73177,0.547374
-66.2454,0.27444,0.452091
-162.409,0.73177,0.160757
-162.359,0.73177,0.160918
-50.003,0.273372,0.190336
-163.889,0.73177,0.156219
-163.836,0.73177,0.156376
-50.2138,0.273729,0.186348
-143.884,0.73177,0.271304
-143.868,0.73177,0.271575
-45.6693,0.269837,0.285784
-167.042,0.73177,0.684444
-167.104,0.73177,0.685128
-80.5957,0.281272,0.512345
-147.936,0.73177,0.459295
-147.968,0.73177,0.459754
-57.1799,0.271443,0.407155
-146.449,0.73177,0.436665
-146.476,0.73177,0.437102
-55.0469,0.270854,0.394723
-178.295,0.73177,0.809861
-178.366,0.73177,0.810671
-91.8075,0.289683,0.557513
-162.675,0.73177,0.636378
-162.733,0.73177,0.637015
-75.7275,0.27861,0.492608
-182.813,0.73177,0.862147
-182.886,0.73177,0.863009
-95.6772,0.29389,0.573667
-158.85,0.73177,0.593757
-158.903,0.73177,0.594351
-71.2643,0.276488,0.474006
-160.218,0.73177,0.609097
-160.273,0.73177,0.609707
-72.8776,0.277227,0.480807
-179.627,0.73177,0.825123
-179.699,0.73177,0.825948
-92.938,0.290901,0.562221
-143.571,0.73177,0.380423
-143.585,0.73177,0.380803
-50.2984,0.269831,0.361305
-144.579,0.73177,0.260853
-144.559,0.73177,0.261114
-45.6849,0.270037,0.278278
-142.65,0.73177,0.348413
-142.656,0.73177,0.348762
-48.1911,0.269535,0.341014
-158.467,0.73177,0.589431
-158.519,0.73177,0.59002
-70.8021,0.276287,0.472041
-140.91,0.721672,0.405047
-140.932,0.721672,0.405452
-51.8602,0.266629,0.373517
-187.31,0.721672,0.940511
-187.388,0.721672,0.941452
-95.899,0.301497,0.578336
-141.486,0.721672,0.41538
-141.51,0.721672,0.415796
-52.6646,0.266863,0.379181
-153.999,0.721672,0.574746
-154.051,0.721672,0.575321
-67.7861,0.272745,0.458299
-140.772,0.721672,0.256243
-140.752,0.721672,0.256499
-45.7505,0.266357,0.274086
-168.504,0.721672,0.729802
-168.572,0.721672,0.730532
-82.0806,0.282284,0.518352
-143.248,0.721672,0.443374
-143.278,0.721672,0.443817
-55.0783,0.267568,0.394635
-186.676,0.721672,0.932945
-186.754,0.721672,0.933878
-95.4476,0.300738,0.576303
-151.496,0.721672,0.546827
-151.544,0.721672,0.547374
-65.0233,0.271408,0.445866
-158.339,0.721672,0.160757
-158.288,0.721672,0.160918
-50.3162,0.269874,0.191449
-159.848,0.721672,0.156219
-159.794,0.721672,0.156376
-50.5452,0.270258,0.187511
-139.749,0.721672,0.271304
-139.733,0.721672,0.271575
-45.6639,0.266135,0.28623
-164.238,0.721672,0.684444
-164.302,0.721672,0.685128
-78.1372,0.27915,0.502134
-144.365,0.721672,0.459295
-144.398,0.721672,0.459754
-56.5656,0.268019,0.403305
-142.801,0.721672,0.436665
-142.83,0.721672,0.437102
-54.5141,0.26737,0.391192
-175.898,0.721672,0.809861
-175.971,0.721672,0.810671
-88.1788,0.288673,0.543815
-159.71,0.721672,0.636378
-159.769,0.721672,0.637015
-73.7518,0.276114,0.483903
-180.578,0.721672,0.862147
-180.654,0.721672,0.863009
-91.6378,0.293396,0.558749
-155.74,0.721672,0.593757
-155.794,0.721672,0.594351
-69.6561,0.273722,0.466474
-157.16,0.721672,0.609097
-157.216,0.721672,0.609707
-71.1359,0.274558,0.47284
-177.278,0.721672,0.825123
-177.352,0.721672,0.825948
-89.222,0.290013,0.548276
-139.737,0.721672,0.380423
-139.753,0.721672,0.380803
-49.9732,0.266214,0.358707
-140.422,0.721672,0.260853
-140.403,0.721672,0.261114
-45.6983,0.266296,0.278042
-138.716,0.721672,0.348413
-138.723,0.721672,0.348762
-47.9684,0.265855,0.338935
-155.341,0.721672,0.589431
-155.396,0.721672,0.59002
-69.2258,0.273498,0.464609
-61.2769,0.213833,0.405047
-61.3828,0.213833,0.405452
-49.0374,0.291877,0.15654
-226.044,0.213833,0.940511
-226.191,0.213833,0.941452
-62.852,0.382204,0.416396
-64.0697,0.213833,0.41538
-64.1858,0.213833,0.415796
-48.5619,0.296009,0.16129
-121.598,0.213833,0.574746
-121.825,0.213833,0.575321
-45.9674,0.340533,0.237047
-47.3394,0.213833,0.256243
-47.3156,0.213833,0.256499
-152.364,0.236114,0.693187
-45.9138,0.215556,0.277975
-45.9035,0.215556,0.278253
-177.49,0.214047,0.729802
-49.9106,0.363651,0.312749
-49.9326,0.363651,0.313062
-72.4388,0.214047,0.443374
-47.5088,0.306133,0.17434
-47.5058,0.306133,0.174515
-224.743,0.214047,0.932945
-62.2382,0.381323,0.412662
-62.2971,0.381323,0.413075
-110.461,0.214047,0.546827
-45.8777,0.334654,0.223643
-45.877,0.334654,0.223867
-63.576,0.214047,0.160757
-69.8509,0.513366,0.260493
-69.8539,0.513366,0.260754
-46.0854,0.327941,0.203371
-64.3864,0.213833,0.156219
-64.3612,0.213833,0.156376
-74.4315,0.530224,0.237974
-46.2575,0.327687,0.190438
-46.255,0.327687,0.190629
-46.2227,0.214047,0.271304
-176.398,0.21926,0.737249
-176.624,0.21926,0.737986
-45.7884,0.214251,0.281823
-162.744,0.213833,0.684444
-162.98,0.213833,0.685128
-48.2128,0.358432,0.290541
-77.7659,0.213833,0.459295
-77.9227,0.213833,0.459754
-47.0417,0.311328,0.181731
-70.3698,0.213833,0.436665
-70.5061,0.213833,0.437102
-47.7013,0.304234,0.171232
-199.982,0.213833,0.809861
-200.182,0.213833,0.810671
-53.9774,0.372183,0.352062
-145.424,0.213833,0.636378
-145.662,0.213833,0.637015
-46.8675,0.351337,0.266991
-211.866,0.213833,0.862147
-212.045,0.213833,0.863009
-57.2223,0.376594,0.377782
-129.072,0.213833,0.593757
-129.304,0.213833,0.594351
-46.1486,0.344266,0.246313
-135.037,0.213833,0.609097
-135.273,0.213833,0.609707
-46.3565,0.346935,0.253744
-203.666,0.213833,0.825123
-203.86,0.213833,0.825948
-54.878,0.373533,0.359565
-55.4176,0.213833,0.380423
-55.4991,0.213833,0.380803
-50.482,0.28051,0.145262
-46.9371,0.213833,0.260853
-46.9159,0.213833,0.261114
-159.789,0.230892,0.707037
-45.8854,0.214914,0.278758
-45.8756,0.214914,0.279037
-49.6866,0.214047,0.348413
-53.0124,0.263677,0.131051
-53.0186,0.263677,0.131182
-46.1357,0.225691,0.272101
-127.377,0.213833,0.589431
-127.608,0.213833,0.59002
-46.0982,0.343414,0.244192
-59.3955,0.227752,0.405047
-59.4897,0.227752,0.405452
-48.6502,0.295528,0.154202
-219.291,0.227752,0.940511
-219.451,0.227752,0.941452
-64.1665,0.401574,0.412448
-61.8833,0.227752,0.41538
-61.987,0.227752,0.415796
-48.2019,0.299958,0.158789
-114.569,0.227752,0.574746
-114.783,0.227752,0.575321
-46.2633,0.35257,0.233686
-47.1297,0.227752,0.256243
-47.1092,0.227752,0.256499
-130.875,0.279103,0.682283
-45.783,0.232165,0.281187
-45.7762,0.232165,0.281468
-168.732,0.22798,0.729802
-50.913,0.379689,0.308971
-50.9348,0.379689,0.309281
-69.3854,0.22798,0.443374
-47.1519,0.312163,0.171642
-47.1496,0.312163,0.171814
-217.876,0.22798,0.932945
-63.5481,0.400592,0.408723
-63.6043,0.400592,0.409132
-104.161,0.22798,0.546827
-46.0107,0.345528,0.220333
-46.0108,0.345528,0.220554
-60.3233,0.22798,0.160757
-89.4657,0.578762,0.230609
-89.4485,0.578762,0.230839
-46.4127,0.324842,0.184359
-60.9133,0.227752,0.156219
-60.8957,0.227752,0.156376
-95.7547,0.59151,0.211222
-46.6183,0.322548,0.174402
-46.6162,0.322548,0.174576
-46.1591,0.22798,0.271304
-154.223,0.257213,0.732024
-154.442,0.257213,0.732756
-45.7335,0.229234,0.28372
-154.097,0.227752,0.684444
-154.328,0.227752,0.685128
-49.0624,0.373594,0.286888
-74.1798,0.227752,0.459295
-74.3214,0.227752,0.459754
-46.7232,0.318468,0.178969
-67.5203,0.227752,0.436665
-67.6427,0.227752,0.437102
-47.3426,0.309741,0.168559
-191.62,0.227752,0.809861
-191.827,0.227752,0.810671
-55.1949,0.389713,0.348187
-137.244,0.227752,0.636378
-137.474,0.227752,0.637015
-47.5117,0.36552,0.263546
-204.059,0.227752,0.862147
-204.248,0.227752,0.863009
-58.521,0.394975,0.373895
-121.623,0.227752,0.593757
-121.843,0.227752,0.594351
-46.5551,0.356986,0.242901
-127.291,0.227752,0.609097
-127.515,0.227752,0.609707
-46.855,0.360291,0.250347
-195.448,0.227752,0.825123
-195.65,0.227752,0.825948
-56.1334,0.391381,0.355718
-54.1999,0.227752,0.380423
-54.2717,0.227752,0.380803
-50.1316,0.28277,0.143273
-46.7816,0.227752,0.260853
-46.7633,0.227752,0.261114
-138.06,0.271864,0.698084
-45.7766,0.230891,0.281598
-45.7699,0.230891,0.28188
-49.1585,0.22798,0.348413
-53.0154,0.263288,0.129536
-53.0224,0.263288,0.129665
-46.0081,0.236226,0.273396
-120.019,0.227752,0.589431
-120.238,0.227752,0.59002
-46.4682,0.355741,0.240712
-96.2552,0.581085,0.405047
-96.2954,0.581085,0.405452
-46.1964,0.221153,0.313999
-166.438,0.581085,0.940511
-166.554,0.581085,0.941452
-57.7555,0.376529,0.382201
-97.3023,0.581085,0.41538
-97.3453,0.581085,0.415796
-46.2808,0.222354,0.315714
-117.029,0.581085,0.574746
-117.108,0.581085,0.575321
-47.6447,0.250085,0.336211
-88.9095,0.581085,0.256243
-88.9021,0.581085,0.256499
-46.4931,0.214159,0.266836
-138.575,0.581085,0.729802
-138.676,0.581085,0.730532
-49.6568,0.293738,0.35162
-100.336,0.581085,0.443374
-100.386,0.581085,0.443817
-46.5399,0.225898,0.320443
-165.499,0.581085,0.932945
-165.615,0.581085,0.933878
-57.2993,0.37349,0.38063
-113.259,0.581085,0.546827
-113.332,0.581085,0.547374
-47.4106,0.243931,0.333399
-102.767,0.581085,0.160757
-102.715,0.581085,0.160918
-54.8287,0.219804,0.202356
-104.263,0.581085,0.156219
-104.209,0.581085,0.156376
-55.5208,0.220239,0.198263
-88.6533,0.581085,0.271304
-88.652,0.581085,0.271575
-46.1162,0.213989,0.273343
-132.259,0.581085,0.684444
-132.354,0.581085,0.685128
-48.876,0.279314,0.34688
-102.172,0.581085,0.459295
-102.226,0.581085,0.459754
-46.6854,0.228163,0.322871
-99.5848,0.581085,0.436665
-99.6332,0.581085,0.437102
-46.4801,0.224989,0.319399
-149.526,0.581085,0.809861
-149.635,0.581085,0.810671
-51.6944,0.322552,0.361113
-125.545,0.581085,0.636378
-125.633,0.581085,0.637015
-48.2685,0.265393,0.342372
-156.462,0.581085,0.862147
-156.574,0.581085,0.863009
-53.6568,0.34305,0.368778
-119.634,0.581085,0.593757
-119.716,0.581085,0.594351
-47.823,0.254529,0.338157
-121.752,0.581085,0.609097
-121.837,0.581085,0.609707
-47.9657,0.258353,0.339585
-151.571,0.581085,0.825123
-151.681,0.581085,0.825948
-52.215,0.328266,0.363336
-93.948,0.581085,0.380423
-93.9815,0.581085,0.380803
-45.9644,0.218761,0.308675
-88.7947,0.581085,0.260853
-88.789,0.581085,0.261114
-46.3489,0.214087,0.269115
-91.4257,0.581085,0.348413
-91.4499,0.581085,0.348762
-45.7306,0.216318,0.300809
-119.039,0.581085,0.589431
-119.12,0.581085,0.59002
-47.7902,0.253445,0.337819
-232.246,0.936475,0.405047
-232.248,0.936475,0.405452
-58.3212,0.344856,0.403952
-242.008,0.936475,0.940511
-242.027,0.936475,0.941452
-163.869,0.345575,0.881697
-232.287,0.936475,0.41538
-232.289,0.936475,0.415796
-59.7123,0.344858,0.413409
-234.389,0.936475,0.574746
-234.4,0.936475,0.575321
-88.1699,0.344978,0.559602
-234.446,0.936475,0.256243
-234.436,0.936475,0.256499
-46.4776,0.344957,0.262575
-237.586,0.936475,0.729802
-237.602,0.936475,0.730532
-121.425,0.345193,0.698202
-232.476,0.936475,0.443374
-232.479,0.936475,0.443817
-63.8893,0.344868,0.439499
-241.857,0.936475,0.932945
-241.875,0.936475,0.933878
-162.49,0.34556,0.8752
-233.884,0.936475,0.546827
-233.893,0.936475,0.547374
-82.5234,0.344947,0.534343
-240.744,0.936475,0.160757
-240.728,0.936475,0.160918
-46.4618,0.345228,0.168406
-241.192,0.936475,0.156219
-241.176,0.936475,0.156376
-46.5536,0.345252,0.163899
-233.898,0.936475,0.271304
-233.889,0.936475,0.271575
-46.9131,0.344932,0.277133
-236.614,0.936475,0.684444
-236.628,0.936475,0.685128
-111.588,0.345123,0.657969
-232.628,0.936475,0.459295
-232.633,0.936475,0.459754
-66.4402,0.344876,0.454158
-232.421,0.936475,0.436665
-232.424,0.936475,0.437102
-62.844,0.344865,0.433243
-239.306,0.936475,0.809861
-239.323,0.936475,0.810671
-138.394,0.345328,0.768561
-235.606,0.936475,0.636378
-235.619,0.936475,0.637015
-101.182,0.345055,0.615061
-240.408,0.936475,0.862147
-240.426,0.936475,0.863009
-148.989,0.345423,0.81409
-234.752,0.936475,0.593757
-234.763,0.936475,0.594351
-92.1184,0.345,0.576759
-235.053,0.936475,0.609097
-235.066,0.936475,0.609707
-95.3507,0.345019,0.590566
-239.63,0.936475,0.825123
-239.647,0.936475,0.825948
-141.536,0.345355,0.781892
-232.223,0.936475,0.380423
-232.223,0.936475,0.380803
-55.2143,0.344855,0.380825
-234.268,0.936475,0.260853
-234.258,0.936475,0.261114
-46.5924,0.344947,0.26698
-232.375,0.936475,0.348413
-232.372,0.936475,0.348762
-51.8469,0.344863,0.350837
-234.668,0.936475,0.589431
-234.679,0.936475,0.59002
-91.2171,0.344995,0.572874
-107.382,0.620986,0.405047
-107.417,0.620986,0.405452
-47.6719,0.232799,0.335566
-170.924,0.620986,0.940511
-171.03,0.620986,0.941452
-61.0186,0.340303,0.423386
-108.302,0.620986,0.41538
-108.34,0.620986,0.415796
-47.9586,0.233548,0.338643
-126.093,0.620986,0.574746
-126.164,0.620986,0.575321
-52.1809,0.251793,0.374564
-102.215,0.620986,0.256243
-102.202,0.620986,0.256499
-46.1561,0.229046,0.271207
-145.666,0.620986,0.729802
-145.758,0.620986,0.730532
-55.3717,0.281121,0.397118
-110.997,0.620986,0.443374
-111.042,0.620986,0.443817
-48.7454,0.235865,0.346384
-170.073,0.620986,0.932945
-170.178,0.620986,0.933878
-60.7299,0.337832,0.422319
-122.668,0.620986,0.546827
-122.735,0.620986,0.547374
-51.5202,0.247726,0.369511
-118.05,0.620986,0.160757
-117.997,0.620986,0.160918
-53.7103,0.234099,0.199361
-119.627,0.620986,0.156219
-119.572,0.620986,0.156376
-54.3066,0.234442,0.195004
-101.685,0.620986,0.271304
-101.678,0.620986,0.271575
-45.8301,0.228785,0.279785
-139.932,0.620986,0.684444
-140.019,0.620986,0.685128
-54.4725,0.271343,0.391211
-112.641,0.620986,0.459295
-112.69,0.620986,0.459754
-49.2002,0.237349,0.350512
-110.327,0.620986,0.436665
-110.37,0.620986,0.437102
-48.5387,0.235299,0.344445
-155.597,0.620986,0.809861
-155.696,0.620986,0.810671
-57.064,0.301074,0.406695
-133.832,0.620986,0.636378
-133.913,0.620986,0.637015
-53.4904,0.262123,0.384304
-161.883,0.620986,0.862147
-161.985,0.620986,0.863009
-58.4145,0.315819,0.413051
-128.46,0.620986,0.593757
-128.534,0.620986,0.594351
-52.6007,0.254789,0.377733
-130.386,0.620986,0.609097
-130.462,0.620986,0.609707
-52.925,0.257337,0.380157
-157.451,0.620986,0.825123
-157.551,0.620986,0.825948
-57.4236,0.305286,0.408463
-105.382,0.620986,0.380423
-105.41,0.620986,0.380803
-47.0073,0.231261,0.327596
-102.015,0.620986,0.260853
-102.004,0.620986,0.261114
-46.0257,0.22896,0.274164
-103.277,0.620986,0.348413
-103.296,0.620986,0.348762
-46.2518,0.229786,0.315804
-127.919,0.620986,0.589431
-127.993,0.620986,0.59002
-52.504,0.254097,0.37701
-245.061,0.963575,0.405047
-245.062,0.963575,0.405452
-59.0583,0.354834,0.404736
-250.557,0.963575,0.940511
-250.567,0.963575,0.941452
-167.396,0.355049,0.908343
-245.077,0.963575,0.41538
-245.078,0.963575,0.415796
-60.4927,0.354835,0.41459
-246.206,0.963575,0.574746
-246.212,0.963575,0.575321
-89.6288,0.354869,0.566703
-246.487,0.963575,0.256243
-246.481,0.963575,0.256499
-46.8306,0.354871,0.25997
-248.018,0.963575,0.729802
-248.027,0.963575,0.730532
-123.792,0.354935,0.712643
-245.166,0.963575,0.443374
-245.167,0.963575,0.443817
-64.7599,0.354837,0.441567
-250.47,0.963575,0.932945
-250.48,0.963575,0.933878
-165.984,0.355045,0.901369
-245.924,0.963575,0.546827
-245.93,0.963575,0.547374
-83.8169,0.354861,0.540179
-250.223,0.963575,0.160757
-250.214,0.963575,0.160918
-46.818,0.354966,0.165199
-250.485,0.963575,0.156219
-250.476,0.963575,0.156376
-46.9593,0.354974,0.160672
-246.152,0.963575,0.271304
-246.147,0.963575,0.271575
-47.3081,0.354863,0.274777
-247.463,0.963575,0.684444
-247.472,0.963575,0.685128
-113.68,0.354914,0.670117
-245.243,0.963575,0.459295
-245.246,0.963575,0.459754
-67.3749,0.354839,0.456802
-245.138,0.963575,0.436665
-245.14,0.963575,0.437102
-63.6933,0.354836,0.4351
-249.003,0.963575,0.809861
-249.012,0.963575,0.810671
-141.243,0.354975,0.787347
-246.891,0.963575,0.636378
-246.898,0.963575,0.637015
-102.989,0.354893,0.624921
-249.636,0.963575,0.862147
-249.646,0.963575,0.863009
-152.135,0.355003,0.835937
-246.409,0.963575,0.593757
-246.416,0.963575,0.594351
-93.6834,0.354876,0.584696
-246.579,0.963575,0.609097
-246.586,0.963575,0.609707
-97.0036,0.354882,0.599192
-249.189,0.963575,0.825123
-249.199,0.963575,0.825948
-144.47,0.354983,0.801539
-245.069,0.963575,0.380423
-245.068,0.963575,0.380803
-55.884,0.354834,0.380905
-246.378,0.963575,0.260853
-246.372,0.963575,0.261114
-46.959,0.354868,0.264472
-245.187,0.963575,0.348413
-245.185,0.963575,0.348762
-52.4246,0.354838,0.34997
-246.362,0.963575,0.589431
-246.369,0.963575,0.59002
-92.7492,0.354875,0.580581
-115.761,0.64838,0.405047
-115.792,0.64838,0.405452
-48.8525,0.241541,0.348057
-174.701,0.64838,0.940511
-174.799,0.64838,0.941452
-66.9366,0.322531,0.460159
-116.589,0.64838,0.41538
-116.623,0.64838,0.415796
-49.3001,0.242083,0.351994
-132.988,0.64838,0.574746
-133.054,0.64838,0.575321
-56.2863,0.255647,0.399671
-112.079,0.64838,0.256243
-112.065,0.64838,0.256499
-46.0266,0.239205,0.272285
-151.203,0.64838,0.729802
-151.288,0.64838,0.730532
-61.4362,0.277666,0.430297
-119.037,0.64838,0.443374
-119.078,0.64838,0.443817
-50.5373,0.243785,0.361934
-173.909,0.64838,0.932945
-174.007,0.64838,0.933878
-66.7171,0.320618,0.459144
-129.807,0.64838,0.546827
-129.868,0.64838,0.547374
-55.1427,0.25261,0.392731
-128.869,0.64838,0.160757
-128.814,0.64838,0.160918
-52.6897,0.244106,0.198163
-130.46,0.64838,0.156219
-130.403,0.64838,0.156376
-53.204,0.244412,0.193683
-111.38,0.64838,0.271304
-111.371,0.64838,0.271575
-45.7426,0.238945,0.282077
-145.865,0.64838,0.684444
-145.946,0.64838,0.685128
-60.1338,0.270286,0.422542
-120.542,0.64838,0.459295
-120.586,0.64838,0.459754
-51.2707,0.244876,0.367341
-118.425,0.64838,0.436665
-118.465,0.64838,0.437102
-50.2318,0.243354,0.359588
-160.444,0.64838,0.809861
-160.536,0.64838,0.810671
-63.4995,0.292655,0.442394
-140.187,0.64838,0.636378
-140.262,0.64838,0.637015
-58.5566,0.263361,0.41321
-166.291,0.64838,0.862147
-166.386,0.64838,0.863009
-64.8171,0.303789,0.449665
-135.189,0.64838,0.593757
-135.258,0.64838,0.594351
-57.0169,0.257888,0.404056
-136.98,0.64838,0.609097
-137.051,0.64838,0.609707
-57.6053,0.259761,0.407546
-162.169,0.64838,0.825123
-162.261,0.64838,0.825948
-63.8895,0.295774,0.444591
-113.984,0.64838,0.380423
-114.009,0.64838,0.380803
-47.8066,0.240466,0.337752
-111.826,0.64838,0.260853
-111.813,0.64838,0.261114
-45.9117,0.239123,0.275533
-112.179,0.64838,0.348413
-112.195,0.64838,0.348762
-46.7076,0.239404,0.323853
-134.686,0.64838,0.589431
-134.754,0.64838,0.59002
-56.8414,0.257383,0.403017
-164.093,0.781591,0.405047
-164.107,0.781591,0.405452
-53.9139,0.288108,0.38731
-200.071,0.781591,0.940511
-200.133,0.781591,0.941452
-122.997,0.304121,0.677954
-164.473,0.781591,0.41538
-164.489,0.781591,0.415796
-54.9619,0.288209,0.394324
-173.783,0.781591,0.574746
-173.824,0.781591,0.575321
-75.6082,0.290957,0.496245
-166.016,0.781591,0.256243
-165.994,0.781591,0.256499
-45.686,0.288408,0.273161
-185.16,0.781591,0.729802
-185.215,0.781591,0.730532
-97.6039,0.295449,0.581445
-165.695,0.781591,0.443374
-165.716,0.781591,0.443817
-58.1018,0.288523,0.413454
-199.567,0.781591,0.932945
-199.629,0.781591,0.933878
-122.195,0.303767,0.674781
-171.853,0.781591,0.546827
-171.89,0.781591,0.547374
-71.6657,0.290318,0.479582
-182.324,0.781591,0.160757
-182.279,0.781591,0.160918
-48.4584,0.290884,0.185874
-183.64,0.781591,0.156219
-183.593,0.781591,0.156376
-48.6082,0.291046,0.181303
-164.899,0.781591,0.271304
-164.882,0.781591,0.271575
-45.7602,0.288192,0.28546
-181.794,0.781591,0.684444
-181.845,0.781591,0.685128
-91.303,0.293973,0.557799
-166.496,0.781591,0.459295
-166.52,0.781591,0.459754
-60.0368,0.288731,0.424201
-165.378,0.781591,0.436665
-165.399,0.781591,0.437102
-57.3359,0.288436,0.409005
-191.014,0.781591,0.809861
-191.073,0.781591,0.810671
-108.066,0.2984,0.62054
-178.235,0.781591,0.636378
-178.282,0.781591,0.637015
-84.4622,0.29255,0.531632
-194.726,0.781591,0.862147
-194.786,0.781591,0.863009
-114.471,0.300512,0.644724
-175.134,0.781591,0.593757
-175.177,0.781591,0.594351
-78.3381,0.291418,0.507405
-176.241,0.781591,0.609097
-176.285,0.781591,0.609707
-80.5383,0.291812,0.516224
-192.109,0.781591,0.825123
-192.167,0.781591,0.825948
-109.983,0.298997,0.627738
-163.369,0.781591,0.380423
-163.378,0.781591,0.380803
-51.5479,0.287936,0.369744
-165.641,0.781591,0.260853
-165.621,0.781591,0.261114
-45.69,0.288339,0.27701
-162.894,0.781591,0.348413
-162.896,0.781591,0.348762
-49.0057,0.287824,0.346418
-174.825,0.781591,0.589431
-174.867,0.781591,0.59002
-77.7145,0.291311,0.50488
-228.58,0.928639,0.405047
-228.581,0.928639,0.405452
-58.1134,0.341971,0.403656
-239.6,0.928639,0.940511
-239.621,0.928639,0.941452
-162.711,0.342904,0.873546
-228.63,0.928639,0.41538
-228.632,0.928639,0.415796
-59.4903,0.341975,0.412988
-231.033,0.928639,0.574746
-231.045,0.928639,0.575321
-87.7132,0.342131,0.557332
-230.958,0.928639,0.256243
-230.946,0.928639,0.256499
-46.3922,0.342097,0.263355
-234.635,0.928639,0.729802
-234.653,0.928639,0.730532
-120.668,0.342409,0.693737
-228.852,0.928639,0.443374
-228.857,0.928639,0.443817
-63.6367,0.341987,0.4388
-239.43,0.928639,0.932945
-239.451,0.928639,0.933878
-161.344,0.342885,0.867191
-230.461,0.928639,0.546827
-230.472,0.928639,0.547374
-82.1218,0.34209,0.532457
-237.956,0.928639,0.160757
-237.939,0.928639,0.160918
-46.4065,0.342448,0.169486
-238.459,0.928639,0.156219
-238.441,0.928639,0.156376
-46.4875,0.342479,0.164985
-230.354,0.928639,0.271304
-230.343,0.928639,0.271575
-46.8168,0.342068,0.2779
-233.542,0.928639,0.684444
-233.558,0.928639,0.685128
-110.93,0.342318,0.654216
-229.029,0.928639,0.459295
-229.034,0.928639,0.459754
-66.1662,0.341999,0.45328
-228.788,0.928639,0.436665
-228.792,0.928639,0.437102
-62.5989,0.341984,0.432611
-236.567,0.928639,0.809861
-236.586,0.928639,0.810671
-137.471,0.342584,0.762769
-232.406,0.928639,0.636378
-232.421,0.928639,0.637015
-100.621,0.34223,0.61201
-237.805,0.928639,0.862147
-237.825,0.928639,0.863009
-147.964,0.342707,0.807383
-231.443,0.928639,0.593757
-231.456,0.928639,0.594351
-91.628,0.34216,0.574243
-231.783,0.928639,0.609097
-231.797,0.928639,0.609707
-94.8498,0.342183,0.587921
-236.931,0.928639,0.825123
-236.951,0.928639,0.825948
-140.582,0.342619,0.775836
-228.542,0.928639,0.380423
-228.541,0.928639,0.380803
-55.0293,0.341969,0.380753
-230.761,0.928639,0.260853
-230.75,0.928639,0.261114
-46.5045,0.342087,0.267791
-228.695,0.928639,0.348413
-228.692,0.928639,0.348762
-51.663,0.341977,0.350778
-231.348,0.928639,0.589431
-231.361,0.928639,0.59002
-90.7338,0.342153,0.570412
-98.4998,0.589527,0.405047
-98.5391,0.589527,0.405452
-46.4421,0.223531,0.318617
-167.281,0.589527,0.940511
-167.396,0.589527,0.941452
-57.9661,0.367901,0.38959
-99.5211,0.589527,0.41538
-99.563,0.589527,0.415796
-46.5927,0.224536,0.321091
-118.848,0.589527,0.574746
-118.925,0.589527,0.575321
-48.4292,0.249887,0.344631
-91.6096,0.589527,0.256243
-91.6015,0.589527,0.256499
-46.4452,0.217288,0.267355
-139.976,0.589527,0.729802
-140.075,0.589527,0.730532
-50.5311,0.290285,0.360693
-102.485,0.589527,0.443374
-102.534,0.589527,0.443817
-46.943,0.227785,0.326378
-166.361,0.589527,0.932945
-166.475,0.589527,0.933878
-57.5468,0.364766,0.388254
-115.15,0.589527,0.546827
-115.222,0.589527,0.547374
-48.1221,0.244295,0.341306
-105.94,0.589527,0.160757
-105.888,0.589527,0.160918
-54.5816,0.222875,0.201884
-107.459,0.589527,0.156219
-107.404,0.589527,0.156376
-55.2556,0.223291,0.197724
-91.2944,0.589527,0.271304
-91.2914,0.589527,0.271575
-46.0056,0.217119,0.275652
-133.783,0.589527,0.684444
-133.877,0.589527,0.685128
-49.749,0.276997,0.35581
-104.282,0.589527,0.459295
-104.335,0.589527,0.459754
-47.1302,0.229893,0.329002
-101.751,0.589527,0.436665
-101.798,0.589527,0.437102
-46.8607,0.226955,0.325186
-150.709,0.589527,0.809861
-150.815,0.589527,0.810671
-52.4481,0.317057,0.369903
-127.2,0.589527,0.636378
-127.287,0.589527,0.637015
-49.1199,0.264106,0.351118
-157.505,0.589527,0.862147
-157.615,0.589527,0.863009
-54.2489,0.336296,0.3771
-121.403,0.589527,0.593757
-121.483,0.589527,0.594351
-48.634,0.254009,0.346707
-123.481,0.589527,0.609097
-123.563,0.589527,0.609707
-48.781,0.257615,0.348109
-152.713,0.589527,0.825123
-152.821,0.589527,0.825948
-52.9309,0.322414,0.372008
-96.2551,0.589527,0.380423
-96.2875,0.589527,0.380803
-46.1534,0.22128,0.313165
-91.4759,0.589527,0.260853
-91.4695,0.589527,0.261114
-46.2994,0.217215,0.269778
-93.8181,0.589527,0.348413
-93.8414,0.589527,0.348762
-45.8063,0.21912,0.304093
-120.819,0.589527,0.589431
-120.899,0.589527,0.59002
-48.573,0.253113,0.346105
-61.5927,0.385956,0.405047
-61.6484,0.385956,0.405452
-58.9958,0.224453,0.174916
-168.205,0.385956,0.940511
-168.379,0.385956,0.941452
-79.3129,0.528295,0.363816
-63.0429,0.385956,0.41538
-63.1026,0.385956,0.415796
-57.5074,0.23185,0.175809
-91.7284,0.385956,0.574746
-91.8473,0.385956,0.575321
-46.0866,0.349081,0.21253
-48.7306,0.385956,0.256243
-48.739,0.385956,0.256499
-59.263,0.146795,0.199132
-45.8411,0.309241,0.241865
-45.8381,0.309241,0.242107
-125.158,0.386342,0.729802
-55.8986,0.441494,0.270928
-55.9105,0.441494,0.271199
-67.3104,0.386342,0.443374
-53.6334,0.252484,0.179276
-53.6165,0.252484,0.179455
-166.745,0.386342,0.932945
-78.3569,0.525479,0.360377
-78.3903,0.525479,0.360737
-86.0661,0.386342,0.546827
-46.0637,0.32907,0.203757
-46.0613,0.32907,0.203961
-49.5458,0.386342,0.160757
-56.7144,0.146498,0.206043
-56.6426,0.146498,0.206249
-46.8719,0.317986,0.16898
-49.8534,0.385956,0.156219
-49.8401,0.385956,0.156376
-57.6487,0.14729,0.203568
-46.9328,0.317604,0.164807
-46.9312,0.317604,0.164972
-49.3399,0.386342,0.271304
-61.6624,0.150611,0.193428
-61.5855,0.150611,0.193621
-45.7785,0.30636,0.249595
-115.269,0.385956,0.684444
-115.419,0.385956,0.685128
-51.9127,0.417775,0.252565
-69.8703,0.385956,0.459295
-69.947,0.385956,0.459754
-51.6435,0.264642,0.182004
-66.2236,0.385956,0.436665
-66.2915,0.385956,0.437102
-54.516,0.24748,0.178365
-142.335,0.385956,0.809861
-142.505,0.385956,0.810671
-64.4204,0.479932,0.30511
-104.801,0.385956,0.636378
-104.938,0.385956,0.637015
-48.4433,0.389114,0.234116
-153.077,0.385956,0.862147
-153.25,0.385956,0.863009
-70.3306,0.501142,0.328278
-95.6954,0.385956,0.593757
-95.8203,0.385956,0.594351
-46.5093,0.361809,0.218902
-98.9436,0.385956,0.609097
-99.0733,0.385956,0.609707
-47.0706,0.372022,0.224234
-145.517,0.385956,0.825123
-145.688,0.385956,0.825948
-66.1311,0.486418,0.311819
-58.4018,0.385956,0.380423
-58.4482,0.385956,0.380803
-62.3971,0.207109,0.174067
-45.694,0.293918,0.270335
-45.6939,0.293918,0.270606
-48.9221,0.386342,0.260853
-59.9739,0.14772,0.197423
-59.8973,0.14772,0.19762
-45.8173,0.308537,0.244379
-54.8509,0.385956,0.348413
-54.8858,0.385956,0.348762
-65.5479,0.186386,0.175699
-45.6944,0.293937,0.269773
-45.6941,0.293937,0.270042
-94.7956,0.386342,0.589431
-46.3629,0.358307,0.21744
-46.3635,0.358307,0.217658
alistipes_putredinis_masked.csv
alistipes_putredinis_unmasked.csv
alistipes_shahii_masked.csv
alistipes_shahii_unmasked.csv
bacteroidales_bacterium_masked.csv
bacteroidales_bacterium_unmasked.csv
bacteroides_caccae_masked.csv
bacteroides_caccae_unmasked.csv
bacteroides_cellulosilyticus_masked.csv
bacteroides_cellulosilyticus_unmasked.csv
bacteroides_fragilis_masked.csv
bacteroides_fragilis_unmasked.csv
bacteroides_massiliensis_masked.csv
bacteroides_massiliensis_unmasked.csv
bacteroides_ovatus_masked.csv
bacteroides_ovatus_unmasked.csv
bacteroides_stercoris_masked.csv
bacteroides_stercoris_unmasked.csv
bacteroides_thetaiotaomicron_masked.csv
bacteroides_thetaiotaomicron_unmasked.csv
bacteroides_uniformis_masked.csv
bacteroides_uniformis_unmasked.csv
bacteroides_vulgatus_masked.csv
bacteroides_vulgatus_unmasked.csv
bacteroides_xylanisolvens_masked.csv
bacteroides_xylanisolvens_unmasked.csv
barnesiella_intestinihominis_masked.csv
barnesiella_intestinihominis_unmasked.csv
coprococcus_sp_masked.csv
coprococcus_sp_unmasked.csv
dialister_invisus_masked.csv
dialister_invisus_unmasked.csv
eubacterium_eligens_masked.csv
eubacterium_eligens_unmasked.csv
eubacterium_rectale_masked.csv
eubacterium_rectale_unmasked.csv
faecalibacterium_prausnitzii_masked.csv
faecalibacterium_prausnitzii_unmasked.csv
odoribacter_splanchnicus_masked.csv
odoribacter_splanchnicus_unmasked.csv
oscillibacter_sp_masked.csv
oscillibacter_sp_unmasked.csv
parabacteroides_distasonis_masked.csv
parabacteroides_distasonis_unmasked.csv
parabacteroides_merdae_masked.csv
parabacteroides_merdae_unmasked.csv
phascolarctobacterium_sp_masked.csv
phascolarctobacterium_sp_unmasked.csv
prevotella_copri_masked.csv
prevotella_copri_unmasked.csv
ruminococcus_bicirculans_masked.csv
ruminococcus_bicirculans_unmasked.csv
ruminococcus_bromii_masked.csv
ruminococcus_bromii_unmasked.csv
