-39.6473, 3.41927, 79.9008
-39.6473, 3.41586, 59.6678
-39.6473, 3.41586, 59.7275
-39.6473, 3.41927, 54.5996
-39.6473, 1.65736, 108.926
-39.6473, 1.65736, 109.035
-39.6473, 3.41927, 80.0722
-39.6473, 3.41586, 60.6056
-39.6473, 3.41586, 60.6662
-39.6473, 3.41927, 46.8687
-39.6473, 1.65894, 93.5954
-39.6473, 1.65894, 93.6891
-39.6474, 3.41927, 41.2972
-39.6473, 1.6579, 82.4151
-39.6473, 1.6579, 82.4975
-39.6473, 3.41927, 72.0267
-39.7256, 3.41586, 17.4973
-39.7252, 3.41586, 17.5148
-39.6473, 1.63792, 34.4334
-39.6473, 3.41586, 75.0052
-39.6473, 3.41586, 75.0802
-39.6473, 3.41927, 91.9975
-39.6473, 3.41586, 71.8763
-39.6473, 3.41586, 71.9482
-39.6473, 3.41927, 72.654
-39.6495, 3.41586, 29.3565
-39.6494, 3.41586, 29.3859
-39.6473, 1.65391, 58.3763
-39.6473, 3.41586, 72.9456
-39.6473, 3.41586, 73.0186
-39.6679, 3.41927, 21.7812
-39.6473, 1.64451, 43.0966
-39.6473, 1.64451, 43.1397
-39.6473, 3.41927, 84.4836
-39.6473, 3.41586, 67.9888
-39.6473, 3.41586, 68.0568
-40.1777, 3.41927, 12.2611
-39.6473, 1.6195, 23.8558
-39.6473, 1.6195, 23.8796
-39.6473, 3.41927, 88.1481
-39.6473, 3.41586, 76.2747
-39.6473, 3.41586, 76.351
-39.6481, 3.41927, 32.9596
-39.6473, 1.65457, 65.6375
-39.6473, 1.65457, 65.7032
-39.6473, 3.41927, 54.1555
-39.6473, 1.65761, 108.057
-39.6473, 1.65761, 108.165
-39.6473, 3.41927, 82.01
-39.6473, 3.41586, 90.2109
-39.6473, 3.41586, 90.3012
-39.6473, 3.01266, 79.9008
-39.6473, 3.00965, 59.6678
-39.6473, 3.00965, 59.7275
-39.6473, 3.01266, 54.5996
-39.6473, 3.00965, 80.0722
-39.6473, 3.00965, 80.1523
-39.6473, 3.01266, 60.6056
-39.6473, 3.00965, 46.8687
-39.6473, 3.00965, 46.9156
-39.6473, 1.46621, 93.8009
-39.6473, 3.00965, 41.2972
-39.6473, 3.00965, 41.3385
-39.6473, 1.46121, 82.3566
-39.6473, 3.00965, 72.0267
-39.6473, 3.00965, 72.0988
-39.6822, 3.01266, 17.4973
-39.6473, 1.43932, 34.3713
-39.6473, 1.43932, 34.4057
-39.6473, 3.01266, 75.0052
-39.6473, 3.00965, 91.9975
-39.6473, 3.00965, 92.0896
-39.6473, 3.01266, 71.8763
-39.6473, 3.00965, 72.654
-39.6473, 3.00965, 72.7267
-39.6479, 3.01266, 29.3565
-39.6473, 1.45374, 58.2899
-39.6473, 1.45374, 58.3482
-39.6473, 3.01266, 72.9456
-39.6553, 3.00965, 21.7812
-39.6552, 3.00965, 21.803
-39.6473, 1.44813, 43.0242
-39.6473, 3.00965, 84.4836
-39.6473, 3.00965, 84.5682
-39.6473, 3.01266, 67.9888
-39.9022, 3.00965, 12.2611
-39.9008, 3.00965, 12.2734
-39.6473, 1.42541, 23.8008
-39.6473, 3.00965, 88.1481
-39.6473, 3.00965, 88.2363
-39.6473, 3.01266, 76.2747
-39.6475, 3.00965, 32.9596
-39.6475, 3.00965, 32.9925
-39.6473, 1.45748, 65.5527
-39.6473, 3.00965, 54.1555
-39.6473, 3.00965, 54.2097
-39.6473, 3.01266, 82.01
-39.6473, 3.00965, 90.2109
-39.6473, 3.00965, 90.3012
-39.6473, 2.27777, 79.9008
-39.6473, 2.27549, 59.6678
-39.6473, 2.27549, 59.7275
-39.6473, 2.27777, 54.5996
-39.6473, 2.27549, 80.0722
-39.6473, 2.27549, 80.1523
-39.6473, 2.27777, 60.6056
-39.6473, 2.27549, 46.8687
-39.6473, 2.27549, 46.9156
-39.6473, 2.27777, 41.2972
-39.6473, 2.27549, 72.0267
-39.6473, 2.27549, 72.0988
-39.6516, 2.27777, 17.4973
-39.6473, 1.08242, 34.1695
-39.6473, 1.08242, 34.2037
-39.6473, 2.27777, 75.0052
-39.6473, 2.27549, 91.9975
-39.6473, 2.27549, 92.0896
-39.6473, 2.27777, 71.8763
-39.6473, 2.27549, 72.654
-39.6473, 2.27549, 72.7267
-39.6473, 2.27777, 29.3565
-39.6473, 1.09325, 57.9566
-39.6473, 1.09325, 58.0146
-39.6473, 2.27777, 72.9456
-39.6479, 2.27549, 21.7812
-39.6479, 2.27549, 21.803
-39.6473, 1.08963, 42.8003
-39.6473, 2.27549, 84.4836
-39.6473, 2.27549, 84.5682
-39.6473, 2.27777, 67.9888
-39.6926, 2.27549, 12.2611
-39.6924, 2.27549, 12.2734
-39.6473, 1.07048, 23.619
-39.6473, 2.27549, 88.1481
-39.6473, 2.27549, 88.2363
-39.6473, 2.27777, 76.2747
-39.6473, 2.27549, 32.9596
-39.6473, 2.27549, 32.9925
-39.6473, 1.09184, 64.9089
-39.6473, 2.27549, 54.1555
-39.6473, 2.27549, 54.2097
-39.6473, 2.27777, 82.01
-39.6473, 2.27549, 90.2109
-39.6473, 2.27549, 90.3012
-39.6473, 4.7251, 79.9008
-39.6473, 2.28528, 159.033
-39.6473, 2.28528, 159.192
-39.6473, 4.7251, 59.6678
-39.6473, 2.30057, 119.591
-39.6473, 2.30057, 119.711
-39.6474, 4.7251, 54.5996
-39.6473, 2.30001, 109.406
-39.6473, 2.30001, 109.515
-39.6473, 4.7251, 80.0722
-39.6473, 2.28289, 159.198
-39.6473, 2.28289, 159.358
-39.6473, 4.7251, 60.6056
-39.6473, 2.30055, 121.469
-39.6473, 2.30055, 121.591
-39.6479, 4.7251, 46.8687
-39.6473, 2.29841, 93.8471
-39.6473, 2.29841, 93.941
-39.6494, 4.7251, 41.2972
-39.6473, 2.29647, 82.6185
-39.6473, 2.29647, 82.7012
-39.6473, 4.7251, 72.0267
-39.6473, 2.29834, 144.217
-39.6473, 2.29834, 144.361
-40.1711, 4.7251, 17.4973
-39.6473, 2.26753, 34.538
-39.6473, 2.26753, 34.5725
-39.6473, 4.7251, 75.0052
-39.6473, 2.29531, 149.975
-39.6473, 2.29531, 150.125
-39.6473, 4.7251, 91.9975
-39.6473, 4.72038, 71.8763
-39.6473, 4.72038, 71.9482
-39.6473, 2.30096, 143.937
-39.6473, 4.72038, 72.654
-39.6473, 4.72038, 72.7267
-39.6473, 2.29983, 145.42
-39.6743, 4.72038, 29.3565
-39.6741, 4.72038, 29.3859
-39.6473, 2.29087, 58.5194
-39.6473, 4.72038, 72.9456
-39.6473, 4.72038, 73.0186
-39.6473, 2.29973, 145.997
-39.8075, 4.72038, 21.7812
-39.8066, 4.72038, 21.803
-39.6473, 2.27994, 43.1999
-39.6473, 4.72038, 84.4836
-39.6473, 4.72038, 84.5682
-39.6473, 4.7251, 67.9888
-39.6473, 2.29983, 136.224
-39.6473, 2.29983, 136.36
-42.6552, 4.7251, 12.2611
-39.6475, 2.24595, 23.9505
-39.6475, 2.24595, 23.9745
-39.6473, 4.7251, 88.1481
-39.6473, 4.72038, 76.2747
-39.6473, 4.72038, 76.351
-39.6473, 2.29523, 152.349
-39.6596, 4.72038, 32.9596
-39.6595, 4.72038, 32.9925
-39.6473, 2.29391, 65.7932
-39.6474, 4.72038, 54.1555
-39.6474, 4.72038, 54.2097
-39.6473, 2.30225, 108.513
-39.6473, 4.72038, 82.01
-39.6473, 4.72038, 82.092
-39.6473, 4.7251, 90.2109
-39.6473, 3.80616, 79.9008
-39.6473, 3.80616, 79.9807
-39.6473, 3.80997, 59.6678
-39.6473, 1.85542, 119.619
-39.6473, 1.85542, 119.739
-39.6473, 3.80997, 54.5996
-39.6473, 1.85273, 109.294
-39.6473, 1.85273, 109.403
-39.6473, 3.80997, 80.0722
-39.6473, 3.80616, 60.6056
-39.6473, 3.80616, 60.6662
-39.6473, 1.85805, 121.551
-39.6474, 3.80616, 46.8687
-39.6474, 3.80616, 46.9156
-39.6473, 1.85256, 93.7124
-39.6475, 3.80616, 41.2972
-39.6475, 3.80616, 41.3385
-39.6473, 1.85089, 82.4949
-39.6473, 3.80616, 72.0267
-39.6473, 3.80616, 72.0988
-39.7991, 3.80997, 17.4973
-39.6473, 1.82531, 34.4756
-39.6473, 1.82531, 34.5101
-39.6473, 3.80997, 75.0052
-39.6473, 3.80616, 91.9975
-39.6473, 3.80616, 92.0896
-39.6473, 3.80997, 71.8763
-39.6473, 3.80616, 72.654
-39.6473, 3.80616, 72.7267
-39.6528, 3.80997, 29.3565
-39.6473, 1.84278, 58.4341
-39.6473, 1.84278, 58.4926
-39.6473, 3.80997, 72.9456
-39.6898, 3.80616, 21.7812
-39.6895, 3.80616, 21.803
-39.6473, 1.83568, 43.1325
-39.6473, 3.80616, 84.4836
-39.6473, 3.80616, 84.5682
-39.6473, 3.80997, 67.9888
-40.61, 3.80616, 12.2611
-40.6052, 3.80616, 12.2734
-39.6473, 1.80891, 23.8937
-39.6473, 3.80616, 88.1481
-39.6473, 3.80616, 88.2363
-39.6473, 3.80997, 76.2747
-39.6494, 3.80616, 32.9596
-39.6494, 3.80616, 32.9925
-39.6473, 1.84719, 65.702
-39.6473, 3.80616, 54.1555
-39.6473, 3.80616, 54.2097
-39.6473, 1.85454, 108.403
-39.6473, 3.80616, 82.01
-39.6473, 3.80616, 82.092
-39.6473, 3.80997, 90.2109
-39.6484, 8.42248, 79.9008
-39.6484, 8.42248, 79.9807
-39.6473, 4.12372, 160.735
-39.6597, 8.42248, 59.6678
-39.6596, 8.42248, 59.7275
-39.6473, 4.12046, 119.935
-39.6703, 8.42248, 54.5996
-39.6702, 8.42248, 54.6542
-39.6473, 4.11786, 109.677
-39.6484, 8.42248, 80.0722
-39.6484, 8.42248, 80.1523
-39.6473, 4.12395, 161.089
-39.6584, 8.42248, 60.6056
-39.6583, 8.42248, 60.6662
-39.6473, 4.12074, 121.829
-39.7085, 8.42248, 46.8687
-39.7082, 8.42248, 46.9156
-39.6473, 4.11427, 94.0632
-39.777, 8.42248, 41.2972
-39.7763, 8.42248, 41.3385
-39.6473, 4.10959, 82.7842
-39.6501, 8.42248, 72.0267
-39.6501, 8.42248, 72.0988
-39.6473, 4.12317, 144.875
-49.4623, 8.42248, 17.4973
-49.4215, 8.42248, 17.5148
-39.6498, 4.06058, 34.6353
-39.6493, 8.42248, 75.0052
-39.6493, 8.42248, 75.0802
-39.6473, 4.12333, 150.872
-39.6476, 8.42248, 91.9975
-39.6476, 8.42248, 92.0896
-39.6473, 4.12453, 185.107
-39.6502, 8.42248, 71.8763
-39.6501, 8.42248, 71.9482
-39.6473, 4.12297, 144.565
-39.6499, 8.42248, 72.654
-39.6499, 8.42248, 72.7267
-39.6473, 4.12307, 146.133
-40.4931, 8.42248, 29.3565
-40.4887, 8.42248, 29.3859
-39.6473, 4.09481, 58.6281
-39.6498, 8.42248, 72.9456
-39.6498, 8.42248, 73.0186
-39.6473, 4.12311, 146.721
-43.3754, 8.42248, 21.7812
-43.358, 8.42248, 21.803
-39.6476, 4.07676, 43.298
-39.6479, 8.42248, 84.4836
-39.6479, 8.42248, 84.5682
-39.6473, 4.12419, 169.974
-39.6519, 8.42248, 67.9888
-39.6518, 8.42248, 68.0568
-39.6473, 4.12233, 136.725
-77.441, 8.42248, 12.2611
-77.3113, 8.42248, 12.2734
-39.6805, 4.0295, 24.0695
-39.6477, 8.42248, 88.1481
-39.6477, 8.42248, 88.2363
-39.6473, 4.12422, 177.348
-39.649, 8.42248, 76.2747
-39.649, 8.42248, 76.351
-39.6473, 4.12405, 153.453
-40.1038, 8.42248, 32.9596
-40.1013, 8.42248, 32.9925
-39.6473, 4.10041, 65.9177
-39.6716, 8.42248, 54.1555
-39.6715, 8.42248, 54.2097
-39.6473, 4.11751, 108.776
-39.6482, 8.42248, 82.01
-39.6482, 8.42248, 82.092
-39.6473, 4.12413, 164.995
-39.6476, 8.42248, 90.2109
-39.6476, 8.42248, 90.3012
-39.6473, 4.12441, 181.507
-39.6473, 4.72594, 79.9008
-39.6473, 4.72594, 79.9807
-39.6473, 2.35117, 163.327
-39.6473, 4.72594, 59.6678
-39.6473, 4.72594, 59.7275
-39.6473, 2.30661, 119.646
-39.6474, 4.72594, 54.5996
-39.6474, 4.72594, 54.6542
-39.6473, 2.30545, 109.427
-39.6473, 4.72594, 80.0722
-39.6473, 4.72594, 80.1523
-39.6473, 4.73066, 60.6056
-39.6473, 2.30475, 121.551
-39.6473, 2.30475, 121.673
-39.6479, 4.73066, 46.8687
-39.6473, 2.30112, 93.8471
-39.6473, 2.30112, 93.941
-39.6494, 4.73066, 41.2972
-39.6473, 2.2992, 82.6195
-39.6473, 2.2992, 82.7021
-39.6473, 4.73066, 72.0267
-39.6473, 2.3137, 145.033
-39.6473, 2.3137, 145.178
-40.1746, 4.73066, 17.4973
-39.6473, 2.27022, 34.5382
-39.6473, 2.27022, 34.5728
-39.6473, 4.73066, 75.0052
-39.6473, 2.3201, 151.455
-39.6473, 2.3201, 151.606
-39.6473, 4.73066, 91.9975
-39.6473, 4.72594, 71.8763
-39.6473, 4.72594, 71.9482
-39.6473, 2.31519, 144.677
-39.6473, 4.72594, 72.654
-39.6473, 4.72594, 72.7267
-39.6473, 2.31663, 146.336
-39.6745, 4.72594, 29.3565
-39.6743, 4.72594, 29.3859
-39.6473, 2.29392, 58.529
-39.6473, 4.72594, 72.9456
-39.6473, 4.72594, 73.0186
-39.6473, 2.31733, 146.968
-39.8086, 4.72594, 21.7812
-39.8077, 4.72594, 21.803
-39.6473, 2.28265, 43.2004
-39.6473, 4.72594, 84.4836
-39.6473, 4.72594, 84.5682
-39.6473, 4.73066, 67.9888
-39.6473, 2.3079, 136.551
-39.6473, 2.3079, 136.688
-42.673, 4.73066, 12.2611
-39.6475, 2.24865, 23.9512
-39.6475, 2.24865, 23.9751
-39.6473, 4.73066, 88.1481
-39.6473, 4.72594, 76.2747
-39.6473, 4.72594, 76.351
-39.6473, 2.32653, 154.294
-39.6597, 4.72594, 32.9596
-39.6596, 4.72594, 32.9925
-39.6473, 2.29663, 65.7937
-39.6474, 4.72594, 54.1555
-39.6474, 4.72594, 54.2097
-39.6473, 2.30534, 108.531
-39.6473, 4.72594, 82.01
-39.6473, 4.72594, 82.092
-39.6473, 4.73066, 90.2109
-39.6473, 3.23132, 79.9008
-39.6473, 3.23132, 79.9807
-39.6473, 3.23455, 59.6678
-39.6473, 3.23132, 54.5996
-39.6473, 3.23132, 54.6542
-39.6473, 3.23455, 80.0722
-39.6473, 3.23132, 60.6056
-39.6473, 3.23132, 60.6662
-39.6473, 3.23455, 46.8687
-39.6473, 1.57077, 93.686
-39.6473, 1.57077, 93.7798
-39.6473, 3.23455, 41.2972
-39.6473, 1.56802, 82.3982
-39.6473, 1.56802, 82.4806
-39.6473, 3.23455, 72.0267
-39.7025, 3.23132, 17.4973
-39.7022, 3.23132, 17.5148
-39.6473, 1.5485, 34.4107
-39.6473, 3.23132, 75.0052
-39.6473, 3.23132, 75.0802
-39.6473, 3.23455, 91.9975
-39.6473, 3.23132, 71.8763
-39.6473, 3.23132, 71.9482
-39.6473, 3.23455, 72.654
-39.6486, 3.23132, 29.3565
-39.6486, 3.23132, 29.3859
-39.6473, 1.5637, 58.3424
-39.6473, 3.23132, 72.9456
-39.6473, 3.23132, 73.0186
-39.6611, 3.23455, 21.7812
-39.6473, 1.55467, 43.0669
-39.6473, 1.55467, 43.11
-39.6473, 3.23455, 84.4836
-39.6473, 3.23132, 67.9888
-39.6473, 3.23132, 68.0568
-40.034, 3.23455, 12.2611
-39.6473, 1.53072, 23.8333
-39.6473, 1.53072, 23.8572
-39.6473, 3.23455, 88.1481
-39.6473, 3.23132, 76.2747
-39.6473, 3.23132, 76.351
-39.6477, 3.23455, 32.9596
-39.6473, 1.56459, 65.6116
-39.6473, 1.56459, 65.6772
-39.6473, 3.23455, 54.1555
-39.6473, 1.58533, 109.283
-39.6473, 1.58533, 109.392
-39.6473, 3.23455, 82.01
-39.6473, 3.23132, 90.2109
-39.6473, 3.23132, 90.3012
-39.6494, 9.03864, 79.9008
-39.6473, 4.41781, 160.782
-39.6473, 4.41781, 160.943
-39.6678, 9.03864, 59.6678
-39.6473, 4.41432, 119.971
-39.6473, 4.41432, 120.091
-39.6843, 9.03864, 54.5996
-39.6473, 4.41105, 109.697
-39.6473, 4.41105, 109.807
-39.6494, 9.03864, 80.0722
-39.6473, 4.41817, 161.14
-39.6473, 4.41817, 161.302
-39.6658, 9.03864, 60.6056
-39.6473, 4.41452, 121.862
-39.6473, 4.41452, 121.984
-39.7418, 9.03864, 46.8687
-39.6473, 4.40624, 94.0589
-39.6473, 4.40624, 94.153
-39.8436, 9.03864, 41.2972
-39.6473, 4.40189, 82.7932
-39.6473, 4.40189, 82.8761
-39.6524, 9.03864, 72.0267
-39.6473, 4.41679, 144.903
-39.6473, 4.41679, 145.048
-53.0036, 9.03864, 17.4973
-39.6517, 4.34895, 34.6354
-39.6517, 4.34895, 34.6701
-39.651, 9.03864, 75.0052
-39.6473, 4.41725, 150.911
-39.6473, 4.41725, 151.062
-39.6479, 9.03864, 91.9975
-39.6473, 4.41885, 185.168
-39.6473, 4.41885, 185.353
-39.6525, 9.03864, 71.8763
-39.6473, 4.41676, 144.599
-39.6473, 4.41676, 144.744
-39.6521, 9.03864, 72.654
-39.6473, 4.4169, 146.168
-39.6473, 4.4169, 146.315
-40.8846, 9.03864, 29.3565
-39.6473, 4.38619, 58.6366
-39.6473, 4.38619, 58.6952
-39.6519, 9.03864, 72.9456
-39.6473, 4.41695, 146.757
-39.6473, 4.41695, 146.904
-44.8907, 9.03864, 21.7812
-39.6479, 4.37015, 43.3388
-39.6479, 4.37015, 43.3821
-39.6486, 9.03864, 84.4836
-39.6473, 4.41864, 170.037
-39.6473, 4.41864, 170.207
-39.6553, 9.03864, 67.9888
-39.6473, 4.41592, 136.752
-39.6473, 4.41592, 136.889
-88.6677, 9.03864, 12.2611
-39.6993, 4.31232, 24.0492
-39.699, 4.31232, 24.0732
-39.6482, 9.03864, 88.1481
-39.6473, 4.41794, 177.383
-39.6473, 4.41794, 177.561
-39.6505, 9.03864, 76.2747
-39.6473, 4.41741, 153.471
-39.6473, 4.41741, 153.624
-40.3227, 9.03864, 32.9596
-39.6473, 4.39217, 65.9267
-39.6473, 4.39217, 65.9927
-39.6863, 9.03864, 54.1555
-39.6473, 4.41054, 108.792
-39.6473, 4.41054, 108.901
-39.649, 9.03864, 82.01
-39.6473, 4.41787, 165.028
-39.6473, 4.41787, 165.193
-39.648, 9.03864, 90.2109
-39.6473, 4.41823, 181.546
-39.6473, 4.41823, 181.728
-39.6473, 2.64915, 79.9008
-39.6473, 2.64651, 59.6678
-39.6473, 2.64651, 59.7275
-39.6473, 2.64915, 54.5996
-39.6473, 2.64651, 80.0722
-39.6473, 2.64651, 80.1523
-39.6473, 2.64915, 60.6056
-39.6473, 2.64651, 46.8687
-39.6473, 2.64651, 46.9156
-39.6473, 2.64915, 41.2972
-39.6473, 1.2718, 81.5515
-39.6473, 1.2718, 81.6331
-39.6473, 2.64915, 72.0267
-39.6614, 2.64651, 17.4973
-39.6613, 2.64651, 17.5148
-39.6473, 1.26454, 34.3008
-39.6473, 2.64651, 75.0052
-39.6473, 2.64651, 75.0802
-39.6473, 2.64915, 91.9975
-39.6473, 2.64651, 71.8763
-39.6473, 2.64651, 71.9482
-39.6473, 2.64915, 72.654
-39.6475, 2.64651, 29.3565
-39.6475, 2.64651, 29.3859
-39.6473, 1.27745, 58.1853
-39.6473, 2.64651, 72.9456
-39.6473, 2.64651, 73.0186
-39.6501, 2.64915, 21.7812
-39.6473, 1.26973, 42.9366
-39.6473, 1.26973, 42.9796
-39.6473, 2.64915, 84.4836
-39.6473, 2.64651, 67.9888
-39.6473, 2.64651, 68.0568
-39.7663, 2.64915, 12.2611
-39.6473, 1.24883, 23.7289
-39.6473, 1.24883, 23.7527
-39.6473, 2.64915, 88.1481
-39.6473, 2.64651, 76.2747
-39.6473, 2.64651, 76.351
-39.6473, 2.64915, 32.9596
-39.6473, 1.27769, 65.4092
-39.6473, 1.27769, 65.4747
-39.6473, 2.64915, 54.1555
-39.6473, 2.64651, 82.01
-39.6473, 2.64651, 82.092
-39.6473, 2.64915, 90.2109
-39.6481, 8.17045, 79.9008
-39.6481, 8.17045, 79.9807
-39.6473, 4.00032, 160.735
-39.6572, 8.17045, 59.6678
-39.6571, 8.17045, 59.7275
-39.6473, 3.99646, 119.914
-39.6659, 8.17045, 54.5996
-39.6658, 8.17045, 54.6542
-39.6473, 3.99438, 109.67
-39.6481, 8.17045, 80.0722
-39.6481, 8.17045, 80.1523
-39.6473, 4.00064, 161.093
-39.6561, 8.17045, 60.6056
-39.656, 8.17045, 60.6662
-39.6473, 3.99677, 121.808
-39.6978, 8.17045, 46.8687
-39.6975, 8.17045, 46.9156
-39.6473, 3.99129, 94.0666
-39.7555, 8.17045, 41.2972
-39.7549, 8.17045, 41.3385
-39.6473, 3.98623, 82.7758
-39.6495, 8.17045, 72.0267
-39.6494, 8.17045, 72.0988
-39.6473, 3.99936, 144.859
-48.2138, 8.17045, 17.4973
-48.1776, 8.17045, 17.5148
-39.6492, 3.93847, 34.6296
-39.6488, 8.17045, 75.0052
-39.6488, 8.17045, 75.0802
-39.6473, 4.00013, 150.879
-39.6475, 8.17045, 91.9975
-39.6475, 8.17045, 92.0896
-39.6473, 4.00123, 185.113
-39.6495, 8.17045, 71.8763
-39.6495, 8.17045, 71.9482
-39.6473, 3.99914, 144.549
-39.6493, 8.17045, 72.654
-39.6493, 8.17045, 72.7267
-39.6473, 3.99961, 146.13
-40.3637, 8.17045, 29.3565
-40.3599, 8.17045, 29.3859
-39.6473, 3.97202, 58.6242
-39.6492, 8.17045, 72.9456
-39.6492, 8.17045, 73.0186
-39.6473, 3.99982, 146.725
-42.8555, 8.17045, 21.7812
-42.8404, 8.17045, 21.803
-39.6475, 3.95451, 43.295
-39.6478, 8.17045, 84.4836
-39.6478, 8.17045, 84.5682
-39.6473, 4.001, 169.984
-39.6508, 8.17045, 67.9888
-39.6508, 8.17045, 68.0568
-39.6473, 3.99857, 136.711
-73.3399, 8.17045, 12.2611
-73.2226, 8.17045, 12.2734
-39.6744, 3.90708, 24.0571
-39.6476, 8.17045, 88.1481
-39.6476, 8.17045, 88.2363
-39.6473, 4.00089, 177.352
-39.6486, 8.17045, 76.2747
-39.6486, 8.17045, 76.351
-39.6473, 4, 153.428
-40.0322, 8.17045, 32.9596
-40.0301, 8.17045, 32.9925
-39.6473, 3.97747, 65.9135
-39.667, 8.17045, 54.1555
-39.6669, 8.17045, 54.2097
-39.6473, 3.99512, 108.798
-39.6479, 8.17045, 82.01
-39.6479, 8.17045, 82.092
-39.6473, 4.00015, 164.971
-39.6475, 8.17045, 90.2109
-39.6475, 8.17045, 90.3012
-39.6473, 4.0008, 181.498
-39.6476, 7.42938, 79.9008
-39.6476, 7.42938, 79.9807
-39.6473, 3.63575, 160.656
-39.652, 7.42938, 59.6678
-39.6519, 7.42938, 59.7275
-39.6473, 3.63296, 119.88
-39.6566, 7.42938, 54.5996
-39.6565, 7.42938, 54.6542
-39.6473, 3.63136, 109.647
-39.6476, 7.42938, 80.0722
-39.6476, 7.42938, 80.1523
-39.6473, 3.63576, 161.002
-39.6514, 7.42938, 60.6056
-39.6514, 7.42938, 60.6662
-39.6473, 3.63319, 121.772
-39.6744, 7.42938, 46.8687
-39.6742, 7.42938, 46.9156
-39.6473, 3.62832, 94.041
-39.7077, 7.42938, 41.2972
-39.7074, 7.42938, 41.3385
-39.6473, 3.62393, 82.7583
-39.6482, 7.42938, 72.0267
-39.6482, 7.42938, 72.0988
-39.6473, 3.63509, 144.797
-45.1665, 7.42938, 17.4973
-45.1421, 7.42938, 17.5148
-39.6481, 3.58133, 34.6304
-39.6479, 7.42938, 75.0052
-39.6479, 7.42938, 75.0802
-39.6473, 3.63588, 150.819
-39.6474, 7.42938, 91.9975
-39.6474, 7.42938, 92.0896
-39.6473, 3.63668, 185.028
-39.6482, 7.42938, 71.8763
-39.6482, 7.42938, 71.9482
-39.6473, 3.63495, 144.489
-39.6481, 7.42938, 72.654
-39.6481, 7.42938, 72.7267
-39.6473, 3.6354, 146.071
-40.0697, 7.42938, 29.3565
-40.0675, 7.42938, 29.3859
-39.6473, 3.61096, 58.6108
-39.6481, 7.42938, 72.9456
-39.6481, 7.42938, 73.0186
-39.6473, 3.63505, 146.643
-41.627, 7.42938, 21.7812
-41.6173, 7.42938, 21.803
-39.6474, 3.59637, 43.3019
-39.6475, 7.42938, 84.4836
-39.6475, 7.42938, 84.5682
-39.6473, 3.63626, 169.896
-39.6488, 7.42938, 67.9888
-39.6488, 7.42938, 68.0568
-39.6473, 3.63472, 136.665
-62.8855, 7.42938, 12.2611
-62.8007, 7.42938, 12.2734
-39.6611, 3.54851, 24.0259
-39.6474, 7.42938, 88.1481
-39.6474, 7.42938, 88.2363
-39.6473, 3.63645, 177.274
-39.6478, 7.42938, 76.2747
-39.6478, 7.42938, 76.351
-39.6473, 3.63544, 153.352
-39.8711, 7.42938, 32.9596
-39.8698, 7.42938, 32.9925
-39.6473, 3.61601, 65.9002
-39.6572, 7.42938, 54.1555
-39.6571, 7.42938, 54.2097
-39.6473, 3.63119, 108.75
-39.6475, 7.42938, 82.01
-39.6475, 7.42938, 82.092
-39.6473, 3.63597, 164.908
-39.6474, 7.42938, 90.2109
-39.6474, 7.42938, 90.3012
-39.6473, 3.63658, 181.429
-39.6494, 9.03492, 79.9008
-39.6494, 9.03492, 79.9807
-39.6473, 4.42523, 160.797
-39.6678, 9.03492, 59.6678
-39.6676, 9.03492, 59.7275
-39.6473, 4.42127, 119.969
-39.6842, 9.03492, 54.5996
-39.684, 9.03492, 54.6542
-39.6473, 4.41853, 109.709
-39.6494, 9.03492, 80.0722
-39.6494, 9.03492, 80.1523
-39.6473, 4.42497, 161.132
-39.6657, 9.03492, 60.6056
-39.6656, 9.03492, 60.6662
-39.6473, 4.42162, 121.864
-39.7416, 9.03492, 46.8687
-39.7411, 9.03492, 46.9156
-39.6473, 4.41407, 94.0771
-39.8431, 9.03492, 41.2972
-39.842, 9.03492, 41.3385
-39.6473, 4.40889, 82.7933
-39.6524, 9.03492, 72.0267
-39.6523, 9.03492, 72.0988
-39.6473, 4.4239, 144.906
-52.9801, 9.03492, 17.4973
-52.9265, 9.03492, 17.5148
-39.6518, 4.35925, 34.6642
-39.6509, 9.03492, 75.0052
-39.6509, 9.03492, 75.0802
-39.6473, 4.4244, 150.915
-39.6479, 9.03492, 91.9975
-39.6479, 9.03492, 92.0896
-39.6473, 4.4258, 185.165
-39.6525, 9.03492, 71.8763
-39.6524, 9.03492, 71.9482
-39.6473, 4.42387, 144.602
-39.652, 9.03492, 72.654
-39.652, 9.03492, 72.7267
-39.6473, 4.42402, 146.172
-40.8819, 9.03492, 29.3565
-40.8756, 9.03492, 29.3859
-39.6473, 4.39315, 58.6364
-39.6519, 9.03492, 72.9456
-39.6519, 9.03492, 73.0186
-39.6473, 4.42407, 146.76
-44.8805, 9.03492, 21.7812
-44.8569, 9.03492, 21.803
-39.6479, 4.37465, 43.3132
-39.6486, 9.03492, 84.4836
-39.6486, 9.03492, 84.5682
-39.6473, 4.42535, 170.024
-39.6553, 9.03492, 67.9888
-39.6552, 9.03492, 68.0568
-39.6473, 4.423, 136.754
-88.5946, 9.03492, 12.2611
-88.4327, 9.03492, 12.2734
-39.6998, 4.32032, 24.0562
-39.6482, 9.03492, 88.1481
-39.6481, 9.03492, 88.2363
-39.6473, 4.42625, 177.436
-39.6505, 9.03492, 76.2747
-39.6504, 9.03492, 76.351
-39.6473, 4.42457, 153.476
-40.3212, 9.03492, 32.9596
-40.3176, 9.03492, 32.9925
-39.6473, 4.39971, 65.9353
-39.6862, 9.03492, 54.1555
-39.6859, 9.03492, 54.2097
-39.6473, 4.41715, 108.781
-39.649, 9.03492, 82.01
-39.649, 9.03492, 82.092
-39.6473, 4.42517, 165.039
-39.648, 9.03492, 90.2109
-39.648, 9.03492, 90.3012
-39.6473, 4.4262, 181.586
-39.6478, 7.83339, 79.9008
-39.6478, 7.83339, 79.9807
-39.6473, 3.835, 160.722
-39.6544, 7.83339, 59.6678
-39.6544, 7.83339, 59.7275
-39.6473, 3.83117, 119.9
-39.6611, 7.83339, 54.5996
-39.661, 7.83339, 54.6542
-39.6473, 3.82931, 109.661
-39.6478, 7.83339, 80.0722
-39.6478, 7.83339, 80.1523
-39.6473, 3.8341, 161.028
-39.6536, 7.83339, 60.6056
-39.6536, 7.83339, 60.6662
-39.6473, 3.83144, 121.794
-39.6858, 7.83339, 46.8687
-39.6856, 7.83339, 46.9156
-39.6473, 3.82593, 94.0487
-39.7311, 7.83339, 41.2972
-39.7306, 7.83339, 41.3385
-39.6473, 3.82259, 82.794
-39.6488, 7.83339, 72.0267
-39.6487, 7.83339, 72.0988
-39.6473, 3.83348, 144.825
-46.7158, 7.83339, 17.4973
-46.6853, 7.83339, 17.5148
-39.6486, 3.77509, 34.6207
-39.6483, 7.83339, 75.0052
-39.6483, 7.83339, 75.0802
-39.6473, 3.83404, 150.836
-39.6474, 7.83339, 91.9975
-39.6474, 7.83339, 92.0896
-39.6473, 3.83523, 185.067
-39.6488, 7.83339, 71.8763
-39.6488, 7.83339, 71.9482
-39.6473, 3.83391, 144.539
-39.6487, 7.83339, 72.654
-39.6486, 7.83339, 72.7267
-39.6473, 3.83362, 146.091
-40.2151, 7.83339, 29.3565
-40.212, 7.83339, 29.3859
-39.6473, 3.80781, 58.6186
-39.6486, 7.83339, 72.9456
-39.6486, 7.83339, 73.0186
-39.6473, 3.83421, 146.701
-42.2438, 7.83339, 21.7812
-42.2313, 7.83339, 21.803
-39.6474, 3.7922, 43.305
-39.6476, 7.83339, 84.4836
-39.6476, 7.83339, 84.5682
-39.6473, 3.83471, 169.928
-39.6498, 7.83339, 67.9888
-39.6497, 7.83339, 68.0568
-39.6473, 3.83301, 136.688
-68.2919, 7.83339, 12.2611
-68.19, 7.83339, 12.2734
-39.6675, 3.74354, 24.0405
-39.6475, 7.83339, 88.1481
-39.6475, 7.83339, 88.2363
-39.6473, 3.83497, 177.311
-39.6482, 7.83339, 76.2747
-39.6481, 7.83339, 76.351
-39.6473, 3.83409, 153.391
-39.9504, 7.83339, 32.9596
-39.9488, 7.83339, 32.9925
-39.6473, 3.81304, 65.9072
-39.6619, 7.83339, 54.1555
-39.6618, 7.83339, 54.2097
-39.6473, 3.82911, 108.764
-39.6477, 7.83339, 82.01
-39.6477, 7.83339, 82.092
-39.6473, 3.83449, 164.942
-39.6474, 7.83339, 90.2109
-39.6474, 7.83339, 90.3012
-39.6473, 3.83524, 181.473
-39.6507, 9.53826, 79.9008
-39.6507, 9.53826, 79.9807
-39.6473, 4.67245, 160.821
-39.677, 9.53826, 59.6678
-39.6768, 9.53826, 59.7275
-39.6473, 4.66797, 119.979
-39.6996, 9.53826, 54.5996
-39.6993, 9.53826, 54.6542
-39.6473, 4.66573, 109.734
-39.6506, 9.53826, 80.0722
-39.6506, 9.53826, 80.1523
-39.6473, 4.67247, 161.166
-39.6741, 9.53826, 60.6056
-39.6739, 9.53826, 60.6662
-39.6473, 4.66703, 121.84
-39.7778, 9.53826, 46.8687
-39.777, 9.53826, 46.9156
-39.6473, 4.65962, 94.0697
-39.9149, 9.53826, 41.2972
-39.9134, 9.53826, 41.3385
-39.6473, 4.65495, 82.8013
-39.6551, 9.53826, 72.0267
-39.6551, 9.53826, 72.0988
-39.6473, 4.67106, 144.928
-56.4114, 9.53826, 17.4973
-56.3459, 9.53826, 17.5148
-39.6543, 4.59979, 34.6456
-39.653, 9.53826, 75.0052
-39.653, 9.53826, 75.0802
-39.6473, 4.67169, 150.942
-39.6483, 9.53826, 91.9975
-39.6482, 9.53826, 92.0896
-39.6473, 4.67365, 185.217
-39.6553, 9.53826, 71.8763
-39.6552, 9.53826, 71.9482
-39.6473, 4.67107, 144.626
-39.6546, 9.53826, 72.654
-39.6546, 9.53826, 72.7267
-39.6473, 4.67121, 146.195
-41.2914, 9.53826, 29.3565
-41.2831, 9.53826, 29.3859
-39.6473, 4.63833, 58.6422
-39.6544, 9.53826, 72.9456
-39.6543, 9.53826, 73.0186
-39.6473, 4.67131, 146.785
-46.3954, 9.53826, 21.7812
-46.3657, 9.53826, 21.803
-39.6484, 4.62121, 43.3414
-39.6494, 9.53826, 84.4836
-39.6494, 9.53826, 84.5682
-39.6473, 4.67291, 170.062
-39.6593, 9.53826, 67.9888
-39.6593, 9.53826, 68.0568
-39.6473, 4.67075, 136.794
-99.0437, 9.53826, 12.2611
-98.8525, 9.53826, 12.2734
-39.7211, 4.56066, 24.0542
-39.6487, 9.53826, 88.1481
-39.6487, 9.53826, 88.2363
-39.6473, 4.67314, 177.447
-39.6523, 9.53826, 76.2747
-39.6523, 9.53826, 76.351
-39.6473, 4.67192, 153.505
-40.5535, 9.53826, 32.9596
-40.5487, 9.53826, 32.9925
-39.6473, 4.64478, 65.9349
-39.7023, 9.53826, 54.1555
-39.702, 9.53826, 54.2097
-39.6473, 4.6639, 108.798
-39.65, 9.53826, 82.01
-39.65, 9.53826, 82.092
-39.6473, 4.67268, 165.075
-39.6485, 9.53826, 90.2109
-39.6484, 9.53826, 90.3012
-39.6473, 4.67323, 181.604
-39.6473, 0.0309035, 79.9008
-39.6473, 0.0309035, 79.9807
-39.6473, 0.0309344, 59.6678
-39.6473, 0.0309035, 54.5996
-39.6473, 0.0309035, 54.6542
-39.6473, 0.0309344, 80.0722
-39.6473, 0.0309035, 60.6056
-39.6473, 0.0309035, 60.6662
-39.6473, 0.0309344, 46.8687
-39.6473, 0.0309035, 41.2972
-39.6473, 0.0309035, 41.3385
-39.6473, 0.0309344, 72.0267
-39.6473, 0.0309035, 17.4973
-39.6473, 0.0309035, 17.5148
-39.6473, 0.0309344, 75.0052
-39.6473, 0.0309035, 91.9975
-39.6473, 0.0309035, 92.0896
-39.6473, 0.0309344, 71.8763
-39.6473, 0.0309035, 72.654
-39.6473, 0.0309035, 72.7267
-39.6473, 0.0309344, 29.3565
-39.6473, 0.0309035, 72.9456
-39.6473, 0.0309035, 73.0186
-39.6473, 0.0309344, 21.7812
-39.6473, 0.0309035, 84.4836
-39.6473, 0.0309035, 84.5682
-39.6473, 0.0309344, 67.9888
-39.6473, 0.0309035, 12.2611
-39.6473, 0.0309035, 12.2734
-39.6473, 0.0309344, 88.1481
-39.6473, 0.0309035, 76.2747
-39.6473, 0.0309035, 76.351
-39.6473, 0.0309344, 32.9596
-39.6473, 0.0309035, 54.1555
-39.6473, 0.0309035, 54.2097
-39.6473, 0.0309344, 82.01
-39.6473, 0.0309035, 90.2109
-39.6473, 0.0309035, 90.3012
-39.6477, 7.60797, 79.9008
-39.6473, 3.7162, 160.678
-39.6473, 3.7162, 160.839
-39.653, 7.60797, 59.6678
-39.6473, 3.71313, 119.889
-39.6473, 3.71313, 120.009
-39.6584, 7.60797, 54.5996
-39.6473, 3.71188, 109.667
-39.6473, 3.71188, 109.777
-39.6477, 7.60797, 80.0722
-39.6473, 3.71624, 161.025
-39.6473, 3.71624, 161.186
-39.6523, 7.60797, 60.6056
-39.6473, 3.71337, 121.781
-39.6473, 3.71337, 121.903
-39.6791, 7.60797, 46.8687
-39.6473, 3.70769, 94.0298
-39.6473, 3.70769, 94.1239
-39.7174, 7.60797, 41.2972
-39.6473, 3.70371, 82.7601
-39.6473, 3.70371, 82.8429
-39.6484, 7.60797, 72.0267
-39.6473, 3.71552, 144.816
-39.6473, 3.71552, 144.961
-45.8193, 7.60797, 17.4973
-39.6482, 3.65869, 34.6163
-39.6482, 3.65869, 34.6509
-39.6481, 7.60797, 75.0052
-39.6473, 3.71592, 150.822
-39.6473, 3.71592, 150.973
-39.6474, 7.60797, 91.9975
-39.6473, 3.71642, 185.016
-39.6473, 3.71642, 185.201
-39.6484, 7.60797, 71.8763
-39.6473, 3.71538, 144.509
-39.6473, 3.71538, 144.653
-39.6483, 7.60797, 72.654
-39.6473, 3.71561, 146.081
-39.6473, 3.71561, 146.228
-40.1299, 7.60797, 29.3565
-39.6473, 3.69058, 58.6142
-39.6473, 3.69058, 58.6729
-39.6483, 7.60797, 72.9456
-39.6473, 3.71518, 146.65
-39.6473, 3.71518, 146.797
-41.8847, 7.60797, 21.7812
-39.6474, 3.67428, 43.2871
-39.6474, 3.67428, 43.3304
-39.6475, 7.60797, 84.4836
-39.6473, 3.71652, 169.909
-39.6473, 3.71652, 170.079
-39.6492, 7.60797, 67.9888
-39.6473, 3.71473, 136.668
-39.6473, 3.71473, 136.805
-65.1899, 7.60797, 12.2611
-39.6635, 3.62813, 24.0374
-39.6634, 3.62813, 24.0615
-39.6474, 7.60797, 88.1481
-39.6473, 3.71639, 177.273
-39.6473, 3.71639, 177.45
-39.6479, 7.60797, 76.2747
-39.6473, 3.71619, 153.386
-39.6473, 3.71619, 153.539
-39.9038, 7.60797, 32.9596
-39.6473, 3.69567, 65.9027
-39.6473, 3.69567, 65.9687
-39.6591, 7.60797, 54.1555
-39.6473, 3.71125, 108.756
-39.6473, 3.71125, 108.865
-39.6476, 7.60797, 82.01
-39.6473, 3.71605, 164.913
-39.6473, 3.71605, 165.078
-39.6474, 7.60797, 90.2109
-39.6473, 3.71642, 181.423
-39.6473, 3.71642, 181.604
-39.6473, 3.45809, 79.9008
-39.6473, 3.45463, 59.6678
-39.6473, 3.45463, 59.7275
-39.6473, 3.45809, 54.5996
-39.6473, 1.6705, 108.537
-39.6473, 1.6705, 108.646
-39.6473, 3.45809, 80.0722
-39.6473, 3.45463, 60.6056
-39.6473, 3.45463, 60.6662
-39.6473, 3.45809, 46.8687
-39.6473, 1.67713, 93.5584
-39.6473, 1.67713, 93.652
-39.6474, 3.45809, 41.2972
-39.6473, 1.67671, 82.4146
-39.6473, 1.67671, 82.497
-39.6473, 3.45809, 72.0267
-39.7313, 3.45463, 17.4973
-39.7308, 3.45463, 17.5148
-39.6473, 1.65682, 34.4403
-39.6473, 3.45463, 75.0052
-39.6473, 3.45463, 75.0802
-39.6473, 3.45809, 91.9975
-39.6473, 3.45463, 71.8763
-39.6473, 3.45463, 71.9482
-39.6473, 3.45809, 72.654
-39.6497, 3.45463, 29.3565
-39.6497, 3.45463, 29.3859
-39.6473, 1.67287, 58.3828
-39.6473, 3.45463, 72.9456
-39.6473, 3.45463, 73.0186
-39.6696, 3.45809, 21.7812
-39.6473, 1.66322, 43.0977
-39.6473, 1.66322, 43.1408
-39.6473, 3.45809, 84.4836
-39.6473, 3.45463, 67.9888
-39.6473, 3.45463, 68.0568
-40.2125, 3.45809, 12.2611
-39.6473, 1.63814, 23.8601
-39.6473, 1.63814, 23.8839
-39.6473, 3.45809, 88.1481
-39.6473, 3.45463, 76.2747
-39.6473, 3.45463, 76.351
-39.6482, 3.45809, 32.9596
-39.6473, 1.67357, 65.6466
-39.6473, 1.67357, 65.7123
-39.6473, 3.45809, 54.1555
-39.6473, 1.67147, 107.721
-39.6473, 1.67147, 107.828
-39.6473, 3.45809, 82.01
-39.6473, 3.45463, 90.2109
-39.6473, 3.45463, 90.3012
-39.6516, 9.81124, 79.9008
-39.6473, 4.79702, 160.836
-39.6473, 4.79702, 160.997
-39.6831, 9.81124, 59.6678
-39.6473, 4.79227, 119.987
-39.6473, 4.79227, 120.107
-39.7098, 9.81124, 54.5996
-39.6473, 4.78847, 109.706
-39.6473, 4.78847, 109.815
-39.6515, 9.81124, 80.0722
-39.6473, 4.79696, 161.179
-39.6473, 4.79696, 161.34
-39.6796, 9.81124, 60.6056
-39.6473, 4.79231, 121.873
-39.6473, 4.79231, 121.995
-39.8014, 9.81124, 46.8687
-39.6473, 4.78363, 94.0743
-39.6473, 4.78363, 94.1684
-39.9616, 9.81124, 41.2972
-39.6473, 4.77881, 82.805
-39.6473, 4.77881, 82.8879
-39.657, 9.81124, 72.0267
-39.6473, 4.79547, 144.938
-39.6473, 4.79547, 145.083
-58.4856, 9.81124, 17.4973
-39.6558, 4.7237, 34.659
-39.6558, 4.7237, 34.6937
-39.6544, 9.81124, 75.0052
-39.6473, 4.79611, 150.952
-39.6473, 4.79611, 151.103
-39.6486, 9.81124, 91.9975
-39.6473, 4.79783, 185.218
-39.6473, 4.79783, 185.404
-39.6572, 9.81124, 71.8763
-39.6473, 4.79538, 144.633
-39.6473, 4.79538, 144.777
-39.6564, 9.81124, 72.654
-39.6473, 4.79558, 146.204
-39.6473, 4.79558, 146.35
-41.5516, 9.81124, 29.3565
-39.6474, 4.76205, 58.6486
-39.6474, 4.76205, 58.7073
-39.6561, 9.81124, 72.9456
-39.6473, 4.79565, 146.793
-39.6473, 4.79565, 146.94
-47.3296, 9.81124, 21.7812
-39.6487, 4.74065, 43.3093
-39.6487, 4.74065, 43.3527
-39.65, 9.81124, 84.4836
-39.6473, 4.79755, 170.08
-39.6473, 4.79755, 170.251
-39.6621, 9.81124, 67.9888
-39.6473, 4.79465, 136.789
-39.6473, 4.79465, 136.926
-105.201, 9.81124, 12.2611
-39.7341, 4.68294, 24.0605
-39.7336, 4.68294, 24.0846
-39.6492, 9.81124, 88.1481
-39.6473, 4.79769, 177.463
-39.6473, 4.79769, 177.641
-39.6536, 9.81124, 76.2747
-39.6473, 4.79635, 153.515
-39.6473, 4.79635, 153.669
-40.7026, 9.81124, 32.9596
-39.6473, 4.76827, 65.9363
-39.6473, 4.76827, 66.0023
-39.713, 9.81124, 54.1555
-39.6473, 4.7884, 108.812
-39.6473, 4.7884, 108.921
-39.6508, 9.81124, 82.01
-39.6473, 4.7972, 165.088
-39.6473, 4.7972, 165.253
-39.6488, 9.81124, 90.2109
-39.6473, 4.79854, 181.649
-39.6473, 4.79854, 181.83
-39.6473, 3.33835, 79.9008
-39.6473, 3.33502, 59.6678
-39.6473, 3.33502, 59.7275
-39.6473, 3.33835, 54.5996
-39.6473, 1.61848, 108.95
-39.6473, 1.61848, 109.059
-39.6473, 3.33835, 80.0722
-39.6473, 3.33502, 60.6056
-39.6473, 3.33502, 60.6662
-39.6473, 3.33835, 46.8687
-39.6473, 1.61934, 93.5754
-39.6473, 1.61934, 93.669
-39.6474, 3.33835, 41.2972
-39.6473, 1.61833, 82.3974
-39.6473, 1.61833, 82.4798
-39.6473, 3.33835, 72.0267
-39.7147, 3.33502, 17.4973
-39.7144, 3.33502, 17.5148
-39.6473, 1.59871, 34.4228
-39.6473, 3.33502, 75.0052
-39.6473, 3.33502, 75.0802
-39.6473, 3.33835, 91.9975
-39.6473, 3.33502, 71.8763
-39.6473, 3.33502, 71.9482
-39.6473, 3.33835, 72.654
-39.649, 3.33502, 29.3565
-39.649, 3.33502, 29.3859
-39.6473, 1.61439, 58.3616
-39.6473, 3.33502, 72.9456
-39.6473, 3.33502, 73.0186
-39.6647, 3.33835, 21.7812
-39.6473, 1.60505, 43.0809
-39.6473, 1.60505, 43.124
-39.6473, 3.33835, 84.4836
-39.6473, 3.33502, 67.9888
-39.6473, 3.33502, 68.0568
-40.1104, 3.33835, 12.2611
-39.6473, 1.58061, 23.8463
-39.6473, 1.58061, 23.8701
-39.6473, 3.33835, 88.1481
-39.6473, 3.33502, 76.2747
-39.6473, 3.33502, 76.351
-39.6479, 3.33835, 32.9596
-39.6473, 1.61503, 65.6213
-39.6473, 1.61503, 65.6869
-39.6473, 3.33835, 54.1555
-39.6473, 1.61917, 108.111
-39.6473, 1.61917, 108.22
-39.6473, 3.33835, 82.01
-39.6473, 3.33502, 90.2109
-39.6473, 3.33502, 90.3012
-39.6476, 7.37306, 79.9008
-39.6473, 3.60122, 160.667
-39.6473, 3.60122, 160.828
-39.6517, 7.37306, 59.6678
-39.6473, 3.59811, 119.876
-39.6473, 3.59811, 119.996
-39.6561, 7.37306, 54.5996
-39.6473, 3.59655, 109.645
-39.6473, 3.59655, 109.754
-39.6476, 7.37306, 80.0722
-39.6473, 3.6009, 160.997
-39.6473, 3.6009, 161.158
-39.6512, 7.37306, 60.6056
-39.6473, 3.59841, 121.77
-39.6473, 3.59841, 121.892
-39.673, 7.37306, 46.8687
-39.6473, 3.59328, 94.0319
-39.6473, 3.59328, 94.126
-39.7049, 7.37306, 41.2972
-39.6473, 3.58928, 82.7584
-39.6473, 3.58928, 82.8412
-39.6481, 7.37306, 72.0267
-39.6473, 3.6001, 144.788
-39.6473, 3.6001, 144.933
-44.9709, 7.37306, 17.4973
-39.648, 3.54765, 34.6364
-39.648, 3.54765, 34.6711
-39.6478, 7.37306, 75.0052
-39.6473, 3.60061, 150.797
-39.6473, 3.60061, 150.948
-39.6474, 7.37306, 91.9975
-39.6473, 3.60161, 185.013
-39.6473, 3.60161, 185.198
-39.6481, 7.37306, 71.8763
-39.6473, 3.59987, 144.476
-39.6473, 3.59987, 144.62
-39.6481, 7.37306, 72.654
-39.6473, 3.60076, 146.076
-39.6473, 3.60076, 146.222
-40.052, 7.37306, 29.3565
-39.6473, 3.57636, 58.6095
-39.6473, 3.57636, 58.6682
-39.648, 7.37306, 72.9456
-39.6473, 3.60059, 146.655
-39.6473, 3.60059, 146.802
-41.5505, 7.37306, 21.7812
-39.6474, 3.56052, 43.2831
-39.6474, 3.56052, 43.3264
-39.6475, 7.37306, 84.4836
-39.6473, 3.60122, 169.883
-39.6473, 3.60122, 170.053
-39.6487, 7.37306, 67.9888
-39.6473, 3.59954, 136.649
-39.6473, 3.59954, 136.786
-62.1865, 7.37306, 12.2611
-39.6602, 3.51723, 24.0459
-39.6601, 3.51723, 24.0699
-39.6474, 7.37306, 88.1481
-39.6473, 3.60141, 177.261
-39.6473, 3.60141, 177.438
-39.6478, 7.37306, 76.2747
-39.6473, 3.60088, 153.361
-39.6473, 3.60088, 153.514
-39.8614, 7.37306, 32.9596
-39.6473, 3.58128, 65.8974
-39.6473, 3.58128, 65.9634
-39.6566, 7.37306, 54.1555
-39.6473, 3.59655, 108.753
-39.6473, 3.59655, 108.862
-39.6475, 7.37306, 82.01
-39.6473, 3.60103, 164.9
-39.6473, 3.60103, 165.065
-39.6474, 7.37306, 90.2109
-39.6473, 3.60153, 181.415
-39.6473, 3.60153, 181.597
-39.6473, 3.74551, 79.9008
-39.6473, 3.74177, 59.6678
-39.6473, 3.74177, 59.7275
-39.6473, 1.79116, 117.205
-39.6473, 3.74177, 54.5996
-39.6473, 3.74177, 54.6542
-39.6473, 1.81309, 108.66
-39.6473, 3.74177, 80.0722
-39.6473, 3.74177, 80.1523
-39.6473, 3.74551, 60.6056
-39.6473, 1.78184, 118.497
-39.6473, 1.78184, 118.615
-39.6473, 3.74551, 46.8687
-39.6473, 1.81766, 93.6192
-39.6473, 1.81766, 93.7129
-39.6475, 3.74551, 41.2972
-39.6473, 1.8172, 82.4681
-39.6473, 1.8172, 82.5506
-39.6473, 3.74551, 72.0267
-39.7836, 3.74177, 17.4973
-39.7829, 3.74177, 17.5148
-39.6473, 1.79617, 34.4744
-39.6473, 3.74177, 75.0052
-39.6473, 3.74177, 75.0802
-39.6473, 3.74551, 91.9975
-39.6473, 3.74177, 71.8763
-39.6473, 3.74177, 71.9482
-39.6473, 3.74551, 72.654
-39.652, 3.74177, 29.3565
-39.652, 3.74177, 29.3859
-39.6473, 1.81316, 58.4253
-39.6473, 3.74177, 72.9456
-39.6473, 3.74177, 73.0186
-39.6856, 3.74551, 21.7812
-39.6473, 1.8027, 43.1292
-39.6473, 1.8027, 43.1724
-39.6473, 3.74551, 84.4836
-39.6473, 3.74177, 67.9888
-39.6473, 3.74177, 68.0568
-40.5287, 3.74551, 12.2611
-39.6473, 1.77616, 23.888
-39.6473, 1.77616, 23.9119
-39.6473, 3.74551, 88.1481
-39.6473, 3.74177, 76.2747
-39.6473, 3.74177, 76.351
-39.6491, 3.74551, 32.9596
-39.6473, 1.81384, 65.6911
-39.6473, 1.81384, 65.7569
-39.6473, 3.74551, 54.1555
-39.6473, 1.81204, 107.824
-39.6473, 1.81204, 107.932
-39.6473, 3.74551, 82.01
-39.6473, 3.74177, 90.2109
-39.6473, 3.74177, 90.3012
-39.6473, 6.27582, 79.9008
-39.6473, 3.06084, 160.428
-39.6473, 3.06084, 160.588
-39.6483, 6.27582, 59.6678
-39.6473, 3.06048, 119.789
-39.6473, 3.06048, 119.909
-39.6496, 6.27582, 54.5996
-39.6473, 3.05942, 109.575
-39.6473, 3.05942, 109.684
-39.6473, 6.27582, 80.0722
-39.6473, 3.06077, 160.768
-39.6473, 3.06077, 160.929
-39.6482, 6.27582, 60.6056
-39.6473, 3.06054, 121.674
-39.6473, 3.06054, 121.796
-39.6553, 6.27582, 46.8687
-39.6473, 3.05696, 93.9817
-39.6473, 3.05696, 94.0758
-39.6671, 6.27582, 41.2972
-39.6473, 3.05397, 82.726
-39.6473, 3.05397, 82.8088
-39.6474, 6.27582, 72.0267
-39.6473, 3.06163, 144.656
-39.6473, 3.06163, 144.801
-42.0519, 6.27582, 17.4973
-39.6474, 3.01624, 34.5939
-39.6474, 3.01624, 34.6285
-39.6474, 6.27582, 75.0052
-39.6473, 3.06146, 150.63
-39.6473, 3.06146, 150.781
-39.6473, 6.27582, 91.9975
-39.6473, 3.05161, 184.141
-39.6473, 3.05161, 184.325
-39.6474, 6.27582, 71.8763
-39.6473, 3.06163, 144.354
-39.6473, 3.06163, 144.499
-39.6474, 6.27582, 72.654
-39.6473, 3.06157, 145.913
-39.6473, 3.06157, 146.059
-39.8077, 6.27582, 29.3565
-39.6473, 3.04273, 58.5814
-39.6473, 3.04273, 58.64
-39.6474, 6.27582, 72.9456
-39.6473, 3.06156, 146.498
-39.6473, 3.06156, 146.645
-40.453, 6.27582, 21.7812
-39.6473, 3.0291, 43.2596
-39.6473, 3.0291, 43.3029
-39.6473, 6.27582, 84.4836
-39.6473, 3.05909, 169.529
-39.6473, 3.05909, 169.699
-39.6476, 6.27582, 67.9888
-39.6473, 3.0617, 136.55
-39.6473, 3.0617, 136.687
-51.1065, 6.27582, 12.2611
-39.6509, 2.99159, 24.0263
-39.6508, 2.99159, 24.0504
-39.6473, 6.27582, 88.1481
-39.6473, 3.05672, 176.741
-39.6473, 3.05672, 176.918
-39.6474, 6.27582, 76.2747
-39.6473, 3.06134, 153.173
-39.6473, 3.06134, 153.326
-39.7296, 6.27582, 32.9596
-39.6473, 3.04703, 65.8683
-39.6473, 3.04703, 65.9342
-39.6498, 6.27582, 54.1555
-39.6473, 3.05931, 108.68
-39.6473, 3.05931, 108.788
-39.6473, 6.27582, 82.01
-39.6473, 3.06017, 164.625
-39.6473, 3.06017, 164.79
-39.6473, 6.27582, 90.2109
-39.6473, 3.05439, 180.735
-39.6473, 3.05439, 180.916
-39.6473, 2.55818, 79.9008
-39.6473, 2.55563, 59.6678
-39.6473, 2.55563, 59.7275
-39.6473, 2.55818, 54.5996
-39.6473, 2.55563, 80.0722
-39.6473, 2.55563, 80.1523
-39.6473, 2.55818, 60.6056
-39.6473, 2.55563, 46.8687
-39.6473, 2.55563, 46.9156
-39.6473, 2.55818, 41.2972
-39.6473, 1.25331, 83.3009
-39.6473, 1.25331, 83.3843
-39.6473, 2.55818, 72.0267
-39.6581, 2.55563, 17.4973
-39.658, 2.55563, 17.5148
-39.6473, 1.22013, 34.2703
-39.6473, 2.55563, 75.0052
-39.6473, 2.55563, 75.0802
-39.6473, 2.55818, 91.9975
-39.6473, 2.55563, 71.8763
-39.6473, 2.55563, 71.9482
-39.6473, 2.55818, 72.654
-39.6474, 2.55563, 29.3565
-39.6474, 2.55563, 29.3859
-39.6473, 1.23326, 58.1688
-39.6473, 2.55563, 72.9456
-39.6473, 2.55563, 73.0186
-39.6493, 2.55818, 21.7812
-39.6473, 1.22539, 42.9087
-39.6473, 1.22539, 42.9517
-39.6473, 2.55818, 84.4836
-39.6473, 2.55563, 67.9888
-39.6473, 2.55563, 68.0568
-39.7433, 2.55818, 12.2611
-39.6473, 1.2049, 23.7055
-39.6473, 1.2049, 23.7293
-39.6473, 2.55818, 88.1481
-39.6473, 2.55563, 76.2747
-39.6473, 2.55563, 76.351
-39.6473, 2.55818, 32.9596
-39.6473, 1.23444, 65.4443
-39.6473, 1.23444, 65.5098
-39.6473, 2.55818, 54.1555
-39.6473, 2.55563, 82.01
-39.6473, 2.55563, 82.092
-39.6473, 2.55818, 90.2109
-39.6473, 2.79387, 79.9008
-39.6473, 2.79387, 79.9807
-39.6473, 2.79667, 59.6678
-39.6473, 2.79387, 54.5996
-39.6473, 2.79387, 54.6542
-39.6473, 2.79667, 80.0722
-39.6473, 2.79387, 60.6056
-39.6473, 2.79387, 60.6662
-39.6473, 2.79667, 46.8687
-39.6473, 1.32433, 91.1685
-39.6473, 1.32433, 91.2597
-39.6473, 2.79667, 41.2972
-39.6473, 1.34828, 81.9191
-39.6473, 1.34828, 82.0011
-39.6473, 2.79667, 72.0267
-39.6681, 2.79387, 17.4973
-39.668, 2.79387, 17.5148
-39.6473, 1.33607, 34.3321
-39.6473, 2.79387, 75.0052
-39.6473, 2.79387, 75.0802
-39.6473, 2.79667, 91.9975
-39.6473, 2.79387, 71.8763
-39.6473, 2.79387, 71.9482
-39.6473, 2.79667, 72.654
-39.6476, 2.79387, 29.3565
-39.6476, 2.79387, 29.3859
-39.6473, 1.34971, 58.2371
-39.6473, 2.79387, 72.9456
-39.6473, 2.79387, 73.0186
-39.6517, 2.79667, 21.7812
-39.6473, 1.34163, 42.9779
-39.6473, 1.34163, 43.0209
-39.6473, 2.79667, 84.4836
-39.6473, 2.79387, 67.9888
-39.6473, 2.79387, 68.0568
-39.8124, 2.79667, 12.2611
-39.6473, 1.31997, 23.7617
-39.6473, 1.31997, 23.7854
-39.6473, 2.79667, 88.1481
-39.6473, 2.79387, 76.2747
-39.6473, 2.79387, 76.351
-39.6474, 2.79667, 32.9596
-39.6473, 1.35004, 65.471
-39.6473, 1.35004, 65.5365
-39.6473, 2.79667, 54.1555
-39.6473, 2.79387, 82.01
-39.6473, 2.79387, 82.092
-39.6473, 2.79667, 90.2109
