-990.724, 0.467303, 0.201736
-266.611, 1.26353, 0.183863
-266.538, 1.26353, 0.184047
-913.228, 0.467303, 0.136013
-315.377, 1.22099, 0.103311
-315.319, 1.22099, 0.103414
-586.369, 0.467303, 0.8637
-378.959, 0.47472, 2.34745
-378.91, 0.47472, 2.3498
-994.317, 0.467303, 0.248559
-241.304, 1.26656, 0.264442
-241.246, 1.26656, 0.264706
-666.994, 0.467303, 0.708232
-405.362, 0.591998, 1.87086
-405.248, 0.591998, 1.87273
-725.703, 0.467303, 0.617033
-427.857, 0.697742, 1.54166
-427.728, 0.697742, 1.54321
-602.981, 0.467303, 0.827775
-382.837, 0.496505, 2.24585
-382.775, 0.496505, 2.2481
-991.299, 0.467303, 0.203098
-265.12, 1.26461, 0.186897
-265.048, 1.26461, 0.187084
-835.224, 0.467303, 0.106434
-336.408, 1.18856, 0.0745611
-336.367, 1.18856, 0.0746357
-372.879, 0.467303, 0.00347014
-369.113, 1.07129, 0.0019885
-369.113, 1.07129, 0.00199049
-646.03, 0.467303, 0.744592
-396.907, 0.558863, 1.99125
-396.809, 0.558863, 1.99324
-814.617, 0.467303, 0.499007
-415.775, 0.887058, 1.07425
-415.72, 0.887058, 1.07533
-841.034, 0.467303, 0.466765
-393.72, 0.948387, 0.945062
-393.696, 0.948387, 0.946007
-542.166, 0.467303, 0.973611
-372.532, 0.423305, 2.63387
-372.512, 0.423305, 2.63651
-669.745, 0.467303, 0.703628
-406.568, 0.597132, 1.8547
-406.452, 0.597132, 1.85656
-587.571, 0.467303, 0.861015
-379.253, 0.476912, 2.33995
-379.203, 0.476912, 2.34229
-660.006, 0.467303, 0.720093
-402.484, 0.580862, 1.91067
-402.375, 0.580862, 1.91258
-995.847, 0.467303, 0.2395
-244.721, 1.26833, 0.247339
-244.659, 1.26833, 0.247587
-651.267, 0.467303, 0.735286
-398.962, 0.567075, 1.9609
-398.86, 0.567075, 1.96286
-618.084, 0.467303, 0.79711
-387.161, 0.517707, 2.15518
-387.086, 0.517707, 2.15734
-591.34, 0.467303, 0.852689
-380.036, 0.481245, 2.31678
-379.984, 0.481245, 2.3191
-700.138, 0.467303, 0.655062
-419.14, 0.650221, 1.68285
-419.012, 0.650221, 1.68453
-597.362, 0.467303, 0.839655
-381.434, 0.489105, 2.27994
-381.377, 0.489105, 2.28222
-591.181, 0.467303, 0.853038
-380.024, 0.481384, 2.3177
-379.972, 0.481384, 2.32002
-550.954, 0.467303, 0.949787
-373.428, 0.432915, 2.57444
-373.403, 0.432915, 2.57702
-632.096, 0.689147, 0.201736
-180.14, 1.85636, 0.177694
-179.994, 1.85636, 0.177872
-578.823, 0.689147, 0.136013
-249.963, 1.82965, 0.110108
-249.833, 1.82965, 0.110218
-525.851, 0.689147, 0.8637
-188.491, 1.60838, 1.46612
-188.637, 1.60838, 1.46759
-649.624, 0.689147, 0.248559
-141.146, 1.86702, 0.232081
-141.009, 1.86702, 0.232313
-563.152, 0.689147, 0.708232
-119.965, 1.71915, 1.0599
-120.064, 1.71915, 1.06096
-587.753, 0.689147, 0.617033
-91.9848, 1.77367, 0.852409
-92.0396, 1.77367, 0.853262
-533.892, 0.689147, 0.827775
-171.198, 1.63586, 1.36608
-171.338, 1.63586, 1.36745
-632.813, 0.689147, 0.203098
-178.49, 1.85728, 0.179605
-178.342, 1.85728, 0.179784
-540.609, 0.689147, 0.106434
-284.331, 1.81281, 0.0828687
-284.225, 1.81281, 0.0829516
-370.309, 0.689147, 0.00347014
-368.883, 1.74736, 0.00241141
-368.883, 1.74736, 0.00241382
-553.856, 0.689147, 0.744592
-134.127, 1.69518, 1.14879
-134.241, 1.69518, 1.14994
-620.666, 0.689147, 0.499007
-74.6049, 1.82973, 0.616284
-74.6037, 1.82973, 0.616901
-629.229, 0.689147, 0.466765
-73.8984, 1.84154, 0.558098
-73.8832, 1.84154, 0.558657
-503.394, 0.689147, 0.973611
-241.938, 1.51791, 1.79597
-242.082, 1.51791, 1.79776
-564.352, 0.689147, 0.703628
-118.192, 1.72236, 1.04854
-118.288, 1.72236, 1.04959
-526.44, 0.689147, 0.861015
-187.159, 1.61053, 1.45842
-187.304, 1.61053, 1.45988
-560.083, 0.689147, 0.720093
-124.343, 1.71168, 1.08821
-124.446, 1.71168, 1.0893
-647.265, 0.689147, 0.2395
-147.884, 1.86547, 0.221139
-147.746, 1.86547, 0.22136
-556.204, 0.689147, 0.735286
-130.378, 1.70139, 1.12576
-130.489, 1.70139, 1.12688
-541.035, 0.689147, 0.79711
-156.977, 1.65831, 1.28386
-157.109, 1.65831, 1.28515
-528.278, 0.689147, 0.852689
-183.133, 1.61695, 1.43502
-183.277, 1.61695, 1.43645
-577.301, 0.689147, 0.655062
-102.149, 1.7522, 0.935941
-102.222, 1.7522, 0.936877
-531.194, 0.689147, 0.839655
-176.978, 1.62661, 1.39915
-177.12, 1.62661, 1.40055
-528.201, 0.689147, 0.853038
-183.321, 1.61663, 1.43606
-183.465, 1.61663, 1.4375
-507.994, 0.689147, 0.949787
-230.681, 1.53799, 1.72188
-230.828, 1.53799, 1.7236
-868.609, 0.530857, 0.201736
-231.145, 1.43049, 0.178202
-231.04, 1.43049, 0.17838
-791.744, 0.530857, 0.136013
-290.392, 1.3888, 0.103771
-290.306, 1.3888, 0.103874
-579.352, 0.530857, 0.8637
-390.614, 0.715751, 2.24221
-390.547, 0.715751, 2.24445
-882.015, 0.530857, 0.248559
-196.719, 1.4415, 0.246063
-196.628, 1.4415, 0.246309
-646.731, 0.530857, 0.708232
-391.678, 0.895929, 1.65949
-391.636, 0.895929, 1.66115
-694.321, 0.530857, 0.617033
-359.893, 1.02756, 1.30625
-359.904, 1.02756, 1.30756
-593.448, 0.530857, 0.827775
-393.754, 0.751687, 2.11314
-393.685, 0.751687, 2.11525
-869.395, 0.530857, 0.203098
-229.467, 1.43172, 0.180687
-229.363, 1.43172, 0.180868
-724.983, 0.530857, 0.106434
-316.282, 1.36271, 0.0764643
-316.216, 1.36271, 0.0765408
-371.78, 0.530857, 0.00347014
-369.028, 1.2491, 0.00207168
-369.028, 1.2491, 0.00207375
-629.45, 0.530857, 0.744592
-395.629, 0.848416, 1.80005
-395.573, 0.848416, 1.80185
-764.004, 0.530857, 0.499007
-269.223, 1.21032, 0.877903
-269.283, 1.21032, 0.878781
-784.032, 0.530857, 0.466765
-240.538, 1.2587, 0.771807
-240.594, 1.2587, 0.772579
-541.2, 0.530857, 0.973611
-380.553, 0.624078, 2.61149
-380.505, 0.624078, 2.6141
-648.988, 0.530857, 0.703628
-390.861, 0.902259, 1.6415
-390.822, 0.902259, 1.64314
-580.376, 0.530857, 0.861015
-390.872, 0.71863, 2.2324
-390.805, 0.71863, 2.23463
-640.988, 0.530857, 0.720093
-393.5, 0.879461, 1.7062
-393.453, 0.879461, 1.7079
-881.325, 0.530857, 0.2395
-202.114, 1.44096, 0.232604
-202.018, 1.44096, 0.232837
-633.781, 0.530857, 0.735286
-394.997, 0.860185, 1.76432
-394.944, 0.860185, 1.76608
-606.16, 0.530857, 0.79711
-395.663, 0.785549, 1.99935
-395.596, 0.785549, 2.00135
-583.583, 0.530857, 0.852689
-391.643, 0.726878, 2.20261
-391.575, 0.726878, 2.20482
-673.743, 0.530857, 0.655062
-377.459, 0.970855, 1.45272
-377.446, 0.970855, 1.45418
-588.693, 0.530857, 0.839655
-392.789, 0.739816, 2.15587
-392.721, 0.739816, 2.15803
-583.448, 0.530857, 0.853038
-391.607, 0.726216, 2.20418
-391.54, 0.726216, 2.20638
-548.868, 0.530857, 0.949787
-382.49, 0.641409, 2.5351
-382.438, 0.641409, 2.53764
-523.084, 0.790344, 0.201736
-159.928, 2.13603, 0.182995
-159.768, 2.13603, 0.183178
-488.829, 0.790344, 0.136013
-232.144, 2.11977, 0.116249
-231.996, 2.11977, 0.116365
-477.599, 0.790344, 0.8637
-67.4612, 2.06477, 1.13764
-67.5325, 2.06477, 1.13878
-536.138, 0.790344, 0.248559
-122.169, 2.14214, 0.233669
-122.024, 2.14214, 0.233903
-499.457, 0.790344, 0.708232
-51.8671, 2.10112, 0.869398
-51.8905, 2.10112, 0.870268
-513.229, 0.790344, 0.617033
-48.4914, 2.11845, 0.724741
-48.4947, 2.11845, 0.725466
-482.398, 0.790344, 0.827775
-62.6715, 2.07382, 1.07329
-62.7303, 2.07382, 1.07436
-523.581, 0.790344, 0.203098
-158.99, 2.13586, 0.184079
-158.831, 2.13586, 0.184263
-465.828, 0.790344, 0.106434
-269.305, 2.11025, 0.0886253
-269.181, 2.11025, 0.088714
-369.808, 0.790344, 0.00347014
-368.793, 2.08774, 0.00274764
-368.792, 2.08774, 0.00275038
-494.11, 0.790344, 0.744592
-54.3157, 2.09351, 0.929349
-54.3485, 2.09351, 0.930279
-530.474, 0.790344, 0.499007
-50.3865, 2.1358, 0.550717
-50.363, 2.1358, 0.551268
-534.611, 0.790344, 0.466765
-52.6355, 2.13919, 0.506143
-52.6017, 2.13919, 0.506649
-463.961, 0.790344, 0.973611
-86.9532, 2.03356, 1.34609
-87.0644, 2.03356, 1.34744
-500.142, 0.790344, 0.703628
-51.5907, 2.10216, 0.861695
-51.613, 2.10216, 0.862557
-477.952, 0.790344, 0.861015
-67.053, 2.06557, 1.13257
-67.1231, 2.06557, 1.13371
-497.7, 0.790344, 0.720093
-52.6016, 2.09862, 0.888918
-52.6284, 2.09862, 0.889807
-534.205, 0.790344, 0.2395
-128.574, 2.14124, 0.223709
-128.425, 2.14124, 0.223933
-495.467, 0.790344, 0.735286
-53.6262, 2.09549, 0.913873
-53.6564, 2.09549, 0.914788
-486.622, 0.790344, 0.79711
-59.1339, 2.08138, 1.01924
-59.1827, 2.08138, 1.02026
-479.053, 0.790344, 0.852689
-65.9372, 2.06749, 1.11794
-66.0045, 2.06749, 1.11906
-507.451, 0.790344, 0.655062
-49.4249, 2.11162, 0.783935
-49.4363, 2.11162, 0.784719
-480.793, 0.790344, 0.839655
-64.1528, 2.07097, 1.09422
-64.2154, 2.07097, 1.09531
-479.006, 0.790344, 0.853038
-65.9852, 2.0674, 1.11857
-66.0527, 2.0674, 1.11969
-466.783, 0.790344, 0.949787
-82.0508, 2.041, 1.29896
-82.1532, 2.041, 1.30026
-629.267, 0.691468, 0.201736
-179.893, 1.8623, 0.177466
-179.745, 1.8623, 0.177643
-576.426, 0.691468, 0.136013
-249.634, 1.83592, 0.11014
-249.504, 1.83592, 0.11025
-524.824, 0.691468, 0.8637
-184.324, 1.62052, 1.45629
-184.47, 1.62052, 1.45775
-646.732, 0.691468, 0.248559
-140.544, 1.87336, 0.232177
-140.408, 1.87336, 0.23241
-561.735, 0.691468, 0.708232
-117.158, 1.72921, 1.05392
-117.254, 1.72921, 1.05497
-586.054, 0.691468, 0.617033
-90.1186, 1.78249, 0.848392
-90.1717, 1.78249, 0.849241
-532.785, 0.691468, 0.827775
-167.249, 1.64757, 1.35713
-167.388, 1.64757, 1.35849
-629.983, 0.691468, 0.203098
-178.15, 1.86337, 0.179478
-178.001, 1.86337, 0.179657
-538.598, 0.691468, 0.106434
-284.04, 1.81927, 0.0829311
-283.933, 1.81927, 0.0830141
-370.295, 0.691468, 0.00347014
-368.881, 1.75514, 0.00241812
-368.881, 1.75514, 0.00242054
-552.54, 0.691468, 0.744592
-130.907, 1.70583, 1.14183
-131.019, 1.70583, 1.14298
-618.543, 0.691468, 0.499007
-73.6199, 1.83712, 0.614364
-73.6185, 1.83712, 0.614979
-626.981, 0.691468, 0.466765
-73.0515, 1.84875, 0.556413
-73.0345, 1.84875, 0.556969
-502.584, 0.691468, 0.973611
-237.576, 1.53117, 1.78353
-237.722, 1.53117, 1.78531
-562.921, 0.691468, 0.703628
-115.404, 1.73244, 1.04254
-115.499, 1.73244, 1.04358
-525.407, 0.691468, 0.861015
-183.007, 1.62264, 1.44866
-183.152, 1.62264, 1.45011
-558.7, 0.691468, 0.720093
-121.379, 1.72198, 1.08183
-121.481, 1.72198, 1.08291
-644.378, 0.691468, 0.2395
-147.094, 1.87201, 0.221518
-146.956, 1.87201, 0.22174
-554.862, 0.691468, 0.735286
-127.31, 1.71175, 1.11924
-127.419, 1.71175, 1.12036
-539.854, 0.691468, 0.79711
-153.264, 1.66965, 1.27565
-153.395, 1.66965, 1.27693
-527.227, 0.691468, 0.852689
-179.025, 1.62896, 1.42546
-179.169, 1.62896, 1.42688
-575.724, 0.691468, 0.655062
-99.9751, 1.7613, 0.931459
-100.047, 1.7613, 0.932391
-530.114, 0.691468, 0.839655
-172.907, 1.63857, 1.38976
-173.049, 1.63857, 1.39115
-527.151, 0.691468, 0.853038
-179.14, 1.62882, 1.42624
-179.284, 1.62882, 1.42767
-507.14, 0.691468, 0.949787
-226.006, 1.55179, 1.70884
-226.154, 1.55179, 1.71055
-494.73, 0.821561, 0.201736
-155.052, 2.22246, 0.184828
-154.89, 2.22246, 0.185013
-466.167, 0.821561, 0.136013
-226.832, 2.2104, 0.11873
-226.679, 2.2104, 0.118849
-461.728, 0.821561, 0.8637
-53.1679, 2.17873, 1.07244
-53.211, 2.17873, 1.07351
-505.967, 0.821561, 0.248559
-117.692, 2.22747, 0.234953
-117.547, 2.22747, 0.235189
-479.479, 0.821561, 0.708232
-45.6391, 2.20233, 0.831384
-45.6488, 2.20233, 0.832215
-490.5, 0.821561, 0.617033
-44.7756, 2.21352, 0.69933
-44.7722, 2.21352, 0.70003
-465.648, 0.821561, 0.827775
-50.6415, 2.18465, 1.01493
-50.6752, 2.18465, 1.01595
-495.149, 0.821561, 0.203098
-153.603, 2.22287, 0.186476
-153.442, 2.22287, 0.186662
-447.273, 0.821561, 0.106434
-265.011, 2.2022, 0.0906354
-264.883, 2.2022, 0.0907261
-369.688, 0.821561, 0.00347014
-368.763, 2.18998, 0.00286459
-368.762, 2.18998, 0.00286745
-475.162, 0.821561, 0.744592
-46.6527, 2.19733, 0.885871
-46.6687, 2.19733, 0.886758
-503.999, 0.821561, 0.499007
-47.9452, 2.22472, 0.537887
-47.9206, 2.22472, 0.538425
-507.144, 0.821561, 0.466765
-50.2664, 2.22695, 0.495776
-50.2328, 2.22695, 0.496272
-450.528, 0.821561, 0.973611
-64.255, 2.15898, 1.25526
-64.3317, 2.15898, 1.25651
-480.03, 0.821561, 0.703628
-45.5415, 2.20291, 0.824649
-45.5505, 2.20291, 0.825474
-462.016, 0.821561, 0.861015
-52.957, 2.1792, 1.06805
-52.9995, 2.1792, 1.06912
-478.062, 0.821561, 0.720093
-45.9288, 2.20069, 0.849143
-45.9404, 2.20069, 0.849992
-504.271, 0.821561, 0.2395
-124.072, 2.22667, 0.225022
-123.922, 2.22667, 0.225247
-476.259, 0.821561, 0.735286
-46.3601, 2.19857, 0.871976
-46.3742, 2.19857, 0.872848
-469.088, 0.821561, 0.79711
-48.8718, 2.18959, 0.966493
-48.8982, 2.18959, 0.96746
-462.916, 0.821561, 0.852689
-52.309, 2.18076, 1.05428
-52.3493, 2.18076, 1.05534
-485.895, 0.821561, 0.655062
-44.8508, 2.20908, 0.753633
-44.8527, 2.20908, 0.754387
-464.338, 0.821561, 0.839655
-51.3953, 2.18289, 1.03346
-51.432, 2.18289, 1.03449
-462.878, 0.821561, 0.853038
-52.3458, 2.18063, 1.055
-52.3861, 2.18063, 1.05606
-452.852, 0.821561, 0.949787
-61.4274, 2.16339, 1.2149
-61.4964, 2.16339, 1.21612
-811.319, 0.56404, 0.201736
-216.855, 1.51887, 0.177255
-216.737, 1.51887, 0.177432
-737.686, 0.56404, 0.136013
-279.678, 1.47967, 0.104812
-279.581, 1.47967, 0.104917
-571.626, 0.56404, 0.8637
-384.11, 0.883848, 2.10943
-384.074, 0.883848, 2.11154
-827.486, 0.56404, 0.248559
-180.493, 1.53087, 0.24058
-180.388, 1.53087, 0.240821
-632.22, 0.56404, 0.708232
-347.012, 1.07888, 1.51488
-347.043, 1.07888, 1.51639
-674.395, 0.56404, 0.617033
-290.906, 1.2061, 1.18045
-290.978, 1.2061, 1.18163
-584.39, 0.56404, 0.827775
-381.006, 0.925288, 1.97254
-380.981, 0.925288, 1.97451
-812.128, 0.56404, 0.203098
-215.993, 1.51897, 0.17854
-215.876, 1.51897, 0.178719
-677.138, 0.56404, 0.106434
-308.09, 1.45472, 0.0775234
-308.013, 1.45472, 0.0776009
-371.358, 0.56404, 0.00347014
-368.994, 1.34711, 0.0021254
-368.993, 1.34711, 0.00212752
-616.777, 0.56404, 0.744592
-361.946, 1.02995, 1.65321
-361.958, 1.02995, 1.65486
-735.056, 0.56404, 0.499007
-200.412, 1.36324, 0.797163
-200.478, 1.36324, 0.797961
-752.168, 0.56404, 0.466765
-179.321, 1.40166, 0.704577
-179.37, 1.40166, 0.705282
-536.821, 0.56404, 0.973611
-383.239, 0.77239, 2.51489
-383.193, 0.77239, 2.5174
-634.232, 0.56404, 0.703628
-344.786, 1.08524, 1.49743
-344.819, 1.08524, 1.49892
-572.555, 0.56404, 0.861015
-383.912, 0.887393, 2.09861
-383.877, 0.887393, 2.10071
-627.095, 0.56404, 0.720093
-352.251, 1.06314, 1.55933
-352.276, 1.06314, 1.56089
-826.069, 0.56404, 0.2395
-186.758, 1.52962, 0.227378
-186.648, 1.52962, 0.227606
-620.654, 0.56404, 0.735286
-358.505, 1.04245, 1.61748
-358.521, 1.04245, 1.6191
-595.86, 0.56404, 0.79711
-376.01, 0.963442, 1.85375
-375.996, 0.963442, 1.8556
-575.462, 0.56404, 0.852689
-383.439, 0.896035, 2.06794
-383.406, 0.896035, 2.07001
-656.223, 0.56404, 0.655062
-317.155, 1.153, 1.31663
-317.213, 1.153, 1.31795
-580.09, 0.56404, 0.839655
-382.28, 0.911566, 2.01765
-382.251, 0.911566, 2.01967
-575.34, 0.56404, 0.853038
-383.447, 0.895811, 2.06905
-383.414, 0.895811, 2.07112
-543.849, 0.56404, 0.949787
-384.233, 0.793678, 2.43022
-384.187, 0.793678, 2.43265
-447.111, 0.880253, 0.201736
-146.285, 2.38564, 0.189414
-146.12, 2.38564, 0.189604
-428.745, 0.880253, 0.136013
-217.375, 2.37958, 0.123678
-217.216, 2.37958, 0.123802
-431.316, 0.880253, 0.8637
-42.9504, 2.37158, 0.979122
-42.9567, 2.37158, 0.980102
-454.7, 0.880253, 0.248559
-110.443, 2.38825, 0.238277
-110.3, 2.38825, 0.238515
-442.177, 0.880253, 0.708232
-42.8301, 2.38013, 0.776953
-42.8271, 2.38013, 0.77773
-448.729, 0.880253, 0.617033
-43.5784, 2.38428, 0.662751
-43.572, 2.38428, 0.663414
-433.741, 0.880253, 0.827775
-42.7075, 2.3737, 0.931605
-42.7105, 2.3737, 0.932537
-447.389, 0.880253, 0.203098
-144.939, 2.38585, 0.190967
-144.774, 2.38585, 0.191158
-416.891, 0.880253, 0.106434
-256.644, 2.37504, 0.0950308
-256.509, 2.37504, 0.0951258
-369.485, 0.880253, 0.00347014
-368.772, 2.34342, 0.00284619
-368.771, 2.34342, 0.00284904
-439.566, 0.880253, 0.744592
-42.6792, 2.3783, 0.82335
-42.6774, 2.3783, 0.824173
-456.409, 0.880253, 0.499007
-46.681, 2.38835, 0.520007
-46.659, 2.38835, 0.520528
-458.093, 0.880253, 0.466765
-48.6623, 2.38915, 0.48198
-48.6318, 2.38915, 0.482462
-424.317, 0.880253, 0.973611
-45.0132, 2.36447, 1.12805
-45.0357, 2.36447, 1.12918
-442.509, 0.880253, 0.703628
-42.8546, 2.38036, 0.771119
-42.8515, 2.38036, 0.771891
-431.495, 0.880253, 0.861015
-42.9256, 2.37176, 0.975495
-42.9317, 2.37176, 0.976471
-441.322, 0.880253, 0.720093
-42.7724, 2.37955, 0.792016
-42.7698, 2.37955, 0.792808
-453.523, 0.880253, 0.2395
-116.616, 2.38774, 0.228486
-116.467, 2.38774, 0.228714
-440.232, 0.880253, 0.735286
-42.71, 2.37876, 0.811481
-42.7079, 2.37876, 0.812293
-435.858, 0.880253, 0.79711
-42.6228, 2.37547, 0.891326
-42.6235, 2.37547, 0.892218
-432.053, 0.880253, 0.852689
-42.8577, 2.37223, 0.964528
-42.8629, 2.37223, 0.965493
-446.013, 0.880253, 0.655062
-43.1906, 2.38264, 0.709967
-43.186, 2.38264, 0.710677
-432.932, 0.880253, 0.839655
-42.7685, 2.37304, 0.947164
-42.7725, 2.37304, 0.948111
-432.029, 0.880253, 0.853038
-42.8601, 2.37222, 0.964956
-42.8654, 2.37222, 0.965921
-425.778, 0.880253, 0.949787
-44.3745, 2.36601, 1.09557
-44.3928, 2.36601, 1.09667
-574.524, 0.739348, 0.201736
-169.541, 1.9944, 0.179765
-169.386, 1.9944, 0.179945
-530.714, 0.739348, 0.136013
-240.927, 1.97257, 0.112794
-240.787, 1.97257, 0.112907
-502.693, 0.739348, 0.8637
-112.164, 1.85358, 1.27781
-112.285, 1.85358, 1.27909
-590.181, 0.739348, 0.248559
-130.963, 2.00296, 0.231975
-130.824, 2.00296, 0.232207
-531.928, 0.739348, 0.708232
-74.1951, 1.92142, 0.949531
-74.2526, 1.92142, 0.950481
-550.784, 0.739348, 0.617033
-62.3818, 1.95347, 0.778545
-62.4051, 1.95347, 0.779324
-509.053, 0.739348, 0.827775
-101.536, 1.87054, 1.19784
-101.644, 1.87054, 1.19904
-575.138, 0.739348, 0.203098
-167.96, 1.99514, 0.181566
-167.806, 1.99514, 0.181747
-500.401, 0.739348, 0.106434
-277.061, 1.95832, 0.0852538
-276.946, 1.95832, 0.0853391
-370.036, 0.739348, 0.00347014
-368.84, 1.91666, 0.00256775
-368.839, 1.91666, 0.00257032
-524.708, 0.739348, 0.744592
-81.1542, 1.90676, 1.02242
-81.2266, 1.90676, 1.02345
-575.22, 0.739348, 0.499007
-58.516, 1.98586, 0.578402
-58.5003, 1.98586, 0.578981
-581.339, 0.739348, 0.466765
-60.0208, 1.99269, 0.527582
-59.9922, 1.99269, 0.52811
-484.778, 0.739348, 0.973611
-150.099, 1.79667, 1.53928
-150.254, 1.79667, 1.54082
-532.856, 0.739348, 0.703628
-73.4685, 1.92294, 0.940919
-73.5241, 1.92294, 0.941861
-503.16, 0.739348, 0.861015
-111.292, 1.855, 1.27154
-111.412, 1.855, 1.27281
-529.55, 0.739348, 0.720093
-76.2989, 1.91685, 0.972858
-76.3614, 1.91685, 0.973831
-587.951, 0.739348, 0.2395
-137.659, 2.0016, 0.221474
-137.514, 2.0016, 0.221695
-526.536, 0.739348, 0.735286
-79.2272, 1.9107, 1.00337
-79.2957, 1.9107, 1.00438
-514.676, 0.739348, 0.79711
-93.2002, 1.88474, 1.13107
-93.2946, 1.88474, 1.1322
-504.616, 0.739348, 0.852689
-108.674, 1.85922, 1.25243
-108.791, 1.85922, 1.25369
-542.821, 0.739348, 0.655062
-66.3748, 1.94081, 0.848042
-66.4115, 1.94081, 0.84889
-506.922, 0.739348, 0.839655
-104.943, 1.86501, 1.22402
-105.054, 1.86501, 1.22525
-504.555, 0.739348, 0.853038
-108.75, 1.85914, 1.25308
-108.867, 1.85914, 1.25433
-488.466, 0.739348, 0.949787
-141.322, 1.80961, 1.48045
-141.471, 1.80961, 1.48193
-955.968, 0.484555, 0.201736
-255.42, 1.30888, 0.182022
-255.339, 1.30888, 0.182204
-877.718, 0.484555, 0.136013
-308.047, 1.26514, 0.103049
-307.981, 1.26514, 0.103152
-585.624, 0.484555, 0.8637
-382.544, 0.530198, 2.33806
-382.486, 0.530198, 2.34039
-962.91, 0.484555, 0.248559
-226.75, 1.31483, 0.258484
-226.681, 1.31483, 0.258742
-662.659, 0.484555, 0.708232
-409.077, 0.665808, 1.82732
-408.968, 0.665808, 1.82914
-718.266, 0.484555, 0.617033
-420.677, 0.782661, 1.48317
-420.58, 0.782661, 1.48465
-601.569, 0.484555, 0.827775
-387.086, 0.554907, 2.22914
-387.014, 0.554907, 2.23137
-956.618, 0.484555, 0.203098
-253.887, 1.30998, 0.184814
-253.804, 1.30998, 0.184999
-802.595, 0.484555, 0.106434
-329.9, 1.2371, 0.0753158
-329.851, 1.2371, 0.0753912
-372.534, 0.484555, 0.00347014
-369.087, 1.11833, 0.00200882
-369.087, 1.11833, 0.00201083
-642.709, 0.484555, 0.744592
-401.704, 0.627168, 1.95612
-401.603, 0.627168, 1.95807
-801.71, 0.484555, 0.499007
-379.017, 0.97776, 1.01615
-379.007, 0.97776, 1.01717
-826.287, 0.484555, 0.466765
-351.213, 1.0363, 0.892806
-351.227, 1.0363, 0.893699
-542.984, 0.484555, 0.973611
-374.149, 0.468448, 2.64513
-374.121, 0.468448, 2.64777
-665.275, 0.484555, 0.703628
-409.956, 0.670141, 1.81144
-409.846, 0.670141, 1.81325
-586.78, 0.484555, 0.861015
-382.821, 0.531549, 2.33024
-382.761, 0.531549, 2.33257
-656.015, 0.484555, 0.720093
-406.7, 0.652966, 1.86971
-406.593, 0.652966, 1.87159
-963.713, 0.484555, 0.2395
-230.93, 1.31573, 0.242652
-230.857, 1.31573, 0.242894
-647.697, 0.484555, 0.735286
-403.606, 0.636889, 1.92347
-403.503, 0.636889, 1.92539
-616.029, 0.484555, 0.79711
-391.899, 0.579557, 2.13165
-391.816, 0.579557, 2.13379
-590.4, 0.484555, 0.852689
-383.786, 0.536913, 2.30541
-383.724, 0.536913, 2.30772
-694.1, 0.484555, 0.655062
-418.16, 0.729246, 1.63094
-418.051, 0.729246, 1.63258
-596.18, 0.484555, 0.839655
-385.467, 0.546414, 2.26567
-385.4, 0.546414, 2.26794
-590.247, 0.484555, 0.853038
-383.751, 0.536777, 2.30641
-383.689, 0.536777, 2.30872
-551.489, 0.484555, 0.949787
-375.358, 0.479406, 2.58167
-375.324, 0.479406, 2.58425
-932.842, 0.496378, 0.201736
-248.138, 1.34036, 0.181427
-248.05, 1.34036, 0.181608
-854.521, 0.496378, 0.136013
-302.841, 1.29735, 0.103419
-302.77, 1.29735, 0.103522
-584.586, 0.496378, 0.8637
-385.086, 0.571145, 2.32434
-385.021, 0.571145, 2.32667
-941.758, 0.496378, 0.248559
-218.003, 1.34755, 0.254697
-217.927, 1.34755, 0.254952
-659.149, 0.496378, 0.708232
-409.117, 0.720274, 1.79092
-409.018, 0.720274, 1.79271
-712.662, 0.496378, 0.617033
-410.821, 0.842877, 1.44032
-410.75, 0.842877, 1.44176
-600.063, 0.496378, 0.827775
-389.948, 0.599608, 2.20954
-389.872, 0.599608, 2.21175
-933.532, 0.496378, 0.203098
-247.332, 1.3406, 0.182969
-247.242, 1.3406, 0.183152
-781.468, 0.496378, 0.106434
-325.869, 1.27002, 0.0757619
-325.815, 1.27002, 0.0758377
-372.32, 0.496378, 0.00347014
-369.071, 1.15108, 0.00202366
-369.071, 1.15108, 0.00202569
-639.889, 0.496378, 0.744592
-403.541, 0.678235, 1.92472
-403.444, 0.678235, 1.92665
-792.464, 0.496378, 0.499007
-351.468, 1.03864, 0.978441
-351.484, 1.03864, 0.97942
-815.826, 0.496378, 0.466765
-321.421, 1.09528, 0.85902
-321.453, 1.09528, 0.85988
-543.057, 0.496378, 0.973611
-375.542, 0.502966, 2.64628
-375.508, 0.502966, 2.64893
-661.671, 0.496378, 0.703628
-409.716, 0.725821, 1.77373
-409.617, 0.725821, 1.7755
-585.708, 0.496378, 0.861015
-385.475, 0.574034, 2.31542
-385.409, 0.574034, 2.31773
-652.738, 0.496378, 0.720093
-407.444, 0.706447, 1.83474
-407.345, 0.706447, 1.83658
-942.12, 0.496378, 0.2395
-222.586, 1.34795, 0.239623
-222.507, 1.34795, 0.239863
-644.708, 0.496378, 0.735286
-405.088, 0.689165, 1.89039
-404.99, 0.689165, 1.89228
-614.078, 0.496378, 0.79711
-394.757, 0.627037, 2.1071
-394.671, 0.627037, 2.10921
-589.223, 0.496378, 0.852689
-386.537, 0.580362, 2.28917
-386.469, 0.580362, 2.29146
-689.436, 0.496378, 0.655062
-413.401, 0.787768, 1.58947
-413.312, 0.787768, 1.59106
-594.834, 0.496378, 0.839655
-388.252, 0.589961, 2.24798
-388.18, 0.589961, 2.25023
-589.075, 0.496378, 0.853038
-386.495, 0.580137, 2.29024
-386.426, 0.580137, 2.29254
-551.358, 0.496378, 0.949787
-377.024, 0.515951, 2.57976
-376.985, 0.515951, 2.58234
-1162.78, 0.388782, 0.201736
-339.845, 1.05571, 0.203751
-339.828, 1.05571, 0.203955
-1102.06, 0.388782, 0.136013
-363.479, 1.01785, 0.104041
-363.473, 1.01785, 0.104145
-575.945, 0.388782, 0.8637
-370.704, 0.301493, 2.27247
-370.692, 0.301493, 2.27474
-1142.87, 0.388782, 0.248559
-352.706, 1.02519, 0.316179
-352.702, 1.02519, 0.316495
-671.687, 0.388782, 0.708232
-379.063, 0.351838, 1.91577
-379.01, 0.351838, 1.91769
-744.86, 0.388782, 0.617033
-397.774, 0.402413, 1.67621
-397.656, 0.402413, 1.67789
-595.168, 0.388782, 0.827775
-371.524, 0.310322, 2.19346
-371.508, 0.310322, 2.19566
-1162.73, 0.388782, 0.203098
-339.669, 1.05564, 0.206289
-339.652, 1.05564, 0.206495
-1014.97, 0.388782, 0.106434
-372.332, 0.986053, 0.074015
-372.336, 0.986053, 0.074089
-374.853, 0.388782, 0.00347014
-369.271, 0.880273, 0.00195283
-369.271, 0.880273, 0.00195478
-646.227, 0.388782, 0.744592
-375.556, 0.336673, 2.00334
-375.519, 0.336673, 2.00535
-860.795, 0.388782, 0.499007
-461.805, 0.515575, 1.30201
-461.574, 0.515575, 1.30331
-896.589, 0.388782, 0.466765
-485.889, 0.561499, 1.18254
-485.647, 0.561499, 1.18372
-526.3, 0.388782, 0.973611
-369.58, 0.279933, 2.50457
-369.576, 0.279933, 2.50708
-675.055, 0.388782, 0.703628
-379.627, 0.353963, 1.90442
-379.571, 0.353963, 1.90632
-577.327, 0.388782, 0.861015
-370.75, 0.301947, 2.26629
-370.738, 0.301947, 2.26856
-663.16, 0.388782, 0.720093
-377.711, 0.346154, 1.94444
-377.663, 0.346154, 1.94639
-1149.13, 0.388782, 0.2395
-346.475, 1.03591, 0.290748
-346.468, 1.03591, 0.291039
-652.552, 0.388782, 0.735286
-376.309, 0.340237, 1.9812
-376.268, 0.340237, 1.98318
-612.883, 0.388782, 0.79711
-372.58, 0.319207, 2.12507
-372.557, 0.319207, 2.1272
-581.667, 0.388782, 0.852689
-370.917, 0.304005, 2.24829
-370.904, 0.304005, 2.25054
-712.668, 0.388782, 0.655062
-387.646, 0.378338, 1.78003
-387.559, 0.378338, 1.78181
-588.634, 0.388782, 0.839655
-371.203, 0.306886, 2.21909
-371.188, 0.306886, 2.22131
-581.484, 0.388782, 0.853038
-370.912, 0.304017, 2.24923
-370.899, 0.304017, 2.25148
-535.983, 0.388782, 0.949787
-369.715, 0.283909, 2.45497
-369.71, 0.283909, 2.45743
-627.497, 0.692931, 0.201736
-178.834, 1.86735, 0.178301
-178.686, 1.86735, 0.178479
-574.923, 0.692931, 0.136013
-249.428, 1.83988, 0.110161
-249.297, 1.83988, 0.110271
-524.174, 0.692931, 0.8637
-181.81, 1.62792, 1.45047
-181.956, 1.62792, 1.45192
-644.918, 0.692931, 0.248559
-140.001, 1.8775, 0.232499
-139.867, 1.8775, 0.232731
-560.839, 0.692931, 0.708232
-115.304, 1.73586, 1.0497
-115.4, 1.73586, 1.05076
-584.982, 0.692931, 0.617033
-88.9417, 1.78813, 0.845739
-88.9938, 1.78813, 0.846585
-532.084, 0.692931, 0.827775
-164.915, 1.65461, 1.35199
-165.053, 1.65461, 1.35334
-628.206, 0.692931, 0.203098
-177.938, 1.86722, 0.179399
-177.789, 1.86722, 0.179578
-537.337, 0.692931, 0.106434
-283.857, 1.82334, 0.082971
-283.75, 1.82334, 0.083054
-370.287, 0.692931, 0.00347014
-368.88, 1.76005, 0.00242237
-368.88, 1.76005, 0.00242479
-551.708, 0.692931, 0.744592
-128.951, 1.7124, 1.13764
-129.063, 1.7124, 1.13878
-617.205, 0.692931, 0.499007
-72.9964, 1.84191, 0.612941
-72.9937, 1.84191, 0.613555
-625.565, 0.692931, 0.466765
-72.5354, 1.85322, 0.555464
-72.5191, 1.85322, 0.55602
-502.07, 0.692931, 0.973611
-234.403, 1.54061, 1.77403
-234.551, 1.54061, 1.7758
-562.018, 0.692931, 0.703628
-113.842, 1.7383, 1.03945
-113.936, 1.7383, 1.04049
-524.753, 0.692931, 0.861015
-180.556, 1.62989, 1.44307
-180.701, 1.62989, 1.44451
-557.826, 0.692931, 0.720093
-119.704, 1.72801, 1.07847
-119.805, 1.72801, 1.07955
-642.563, 0.692931, 0.2395
-146.878, 1.87586, 0.22135
-146.739, 1.87586, 0.221572
-554.015, 0.692931, 0.735286
-125.296, 1.71857, 1.11473
-125.403, 1.71857, 1.11584
-539.107, 0.692931, 0.79711
-150.957, 1.67676, 1.27052
-151.087, 1.67676, 1.27179
-526.562, 0.692931, 0.852689
-176.59, 1.63618, 1.41994
-176.734, 1.63618, 1.42136
-574.729, 0.692931, 0.655062
-98.5412, 1.76732, 0.92823
-98.6118, 1.76732, 0.929158
-529.431, 0.692931, 0.839655
-170.533, 1.64567, 1.38448
-170.674, 1.64567, 1.38586
-526.486, 0.692931, 0.853038
-176.816, 1.63577, 1.42112
-176.96, 1.63577, 1.42254
-506.599, 0.692931, 0.949787
-223.345, 1.55973, 1.70177
-223.495, 1.55973, 1.70348
-1460.9, 0.260886, 0.201736
-759.059, 0.602729, 0.347942
-758.962, 0.602729, 0.34829
-2566.19, 17.2576, 3.07896
-64.3367, 1.92635, 0.740598
-64.3548, 1.92635, 0.741339
-1511.71, 0.260886, 0.136013
-547.428, 0.703967, 0.121538
-547.577, 0.703967, 0.121659
-496.28, 0.260886, 0.8637
-369.175, 0.156614, 2.04227
-369.175, 0.156614, 2.04431
-1364.12, 0.260886, 0.248559
-761.444, 0.437378, 0.584778
-760.973, 0.437378, 0.585363
-596.163, 0.260886, 0.708232
-369.351, 0.166444, 1.73124
-369.349, 0.166444, 1.73297
-685.216, 0.260886, 0.617033
-370.05, 0.17601, 1.5479
-370.042, 0.17601, 1.54945
-514.676, 0.260886, 0.827775
-369.187, 0.158499, 1.97101
-369.186, 0.158499, 1.97298
-1458.47, 0.260886, 0.203098
-763.813, 0.597352, 0.355067
-763.702, 0.597352, 0.355422
-2381, 16.5014, 3.3169
-62.4176, 1.95621, 0.789385
-62.4429, 1.95621, 0.790175
-1451.39, 0.260886, 0.106434
-504.869, 0.671261, 0.0769822
-505.017, 0.671261, 0.0770593
-382.372, 0.260886, 0.00347014
-369.991, 0.565063, 0.00184196
-369.993, 0.565063, 0.00184381
-567.649, 0.260886, 0.744592
-369.265, 0.163638, 1.80429
-369.264, 0.163638, 1.8061
-845.5, 0.260886, 0.499007
-375.97, 0.196984, 1.30327
-375.926, 0.196984, 1.30457
-899.348, 0.260886, 0.466765
-381.211, 0.206048, 1.23377
-381.139, 0.206048, 1.235
-453.013, 0.260886, 0.973611
-369.163, 0.152176, 2.26183
-369.162, 0.152176, 2.26409
-600.035, 0.260886, 0.703628
-369.367, 0.166957, 1.72263
-369.365, 0.166957, 1.72435
-497.573, 0.260886, 0.861015
-369.176, 0.15677, 2.03712
-369.175, 0.15677, 2.03916
-586.463, 0.260886, 0.720093
-369.317, 0.165467, 1.755
-369.315, 0.165467, 1.75675
-1384.35, 0.260886, 0.2395
-782.618, 0.465661, 0.54072
-782.198, 0.465661, 0.541261
-574.607, 0.260886, 0.735286
-369.282, 0.164302, 1.78552
-369.281, 0.164302, 1.7873
-532.395, 0.260886, 0.79711
-369.204, 0.160147, 1.90912
-369.204, 0.160147, 1.91103
-501.664, 0.260886, 0.852689
-369.178, 0.157184, 2.02055
-369.178, 0.157184, 2.02257
-644.791, 0.260886, 0.655062
-369.626, 0.171458, 1.6243
-369.622, 0.171458, 1.62593
-508.324, 0.260886, 0.839655
-369.182, 0.157805, 1.99424
-369.182, 0.157805, 1.99624
-501.49, 0.260886, 0.853038
-369.178, 0.157138, 2.02103
-369.177, 0.157138, 2.02305
-460.95, 0.260886, 0.949787
-369.164, 0.153036, 2.21437
-369.164, 0.153036, 2.21658
-1511.04, 0.235873, 0.201736
-881.572, 0.467849, 0.417673
-881.222, 0.467849, 0.418091
-57.0478, 7.27763, 7.67449
-1602.99, 0.235637, 0.136013
-1603.01, 0.235637, 0.136149
-628.887, 0.641044, 0.133364
-302.401, 34.9378, 0.123274
-302.291, 34.9378, 0.123398
-471.826, 0.235873, 0.8637
-369.164, 0.137172, 2.00262
-369.164, 0.137172, 2.00462
-1392.63, 0.235873, 0.248559
-709.913, 0.324576, 0.640994
-709.291, 0.324576, 0.641635
-564.947, 0.235873, 0.708232
-369.22, 0.144137, 1.69194
-369.219, 0.144137, 1.69364
-652.52, 0.235873, 0.617033
-369.476, 0.150658, 1.50917
-369.473, 0.150658, 1.51068
-488.47, 0.235873, 0.827775
-369.167, 0.13847, 1.93085
-369.167, 0.13847, 1.93278
-1507.89, 0.235873, 0.203098
-880.722, 0.462462, 0.425034
-880.356, 0.462462, 0.42546
-1560.2, 0.235873, 0.106434
-556.162, 0.614331, 0.0799629
-556.357, 0.614331, 0.0800429
-385.303, 0.235873, 0.00347014
-370.296, 0.505762, 0.00181977
-370.298, 0.505762, 0.00182159
-537.729, 0.235873, 0.744592
-369.191, 0.142207, 1.76508
-369.191, 0.142207, 1.76685
-817.6, 0.235873, 0.499007
-372.031, 0.165011, 1.27029
-372.009, 0.165011, 1.27156
-874.698, 0.235873, 0.466765
-374.494, 0.171181, 1.20398
-374.457, 0.171181, 1.20519
-433.853, 0.235873, 0.973611
-369.161, 0.133972, 2.22238
-369.161, 0.133972, 2.22461
-568.677, 0.235873, 0.703628
-369.225, 0.144403, 1.6827
-369.224, 0.144403, 1.68438
-472.987, 0.235873, 0.861015
-369.164, 0.137262, 1.99724
-369.164, 0.137262, 1.99923
-555.638, 0.235873, 0.720093
-369.208, 0.143535, 1.7162
-369.208, 0.143535, 1.71792
-1416.62, 0.235873, 0.2395
-754.349, 0.345242, 0.603493
-753.737, 0.345242, 0.604096
-544.329, 0.235873, 0.735286
-369.197, 0.142672, 1.74634
-369.196, 0.142672, 1.74808
-504.74, 0.235873, 0.79711
-369.172, 0.139693, 1.86949
-369.172, 0.139693, 1.87136
-476.669, 0.235873, 0.852689
-369.164, 0.137549, 1.98058
-369.164, 0.137549, 1.98256
-612.325, 0.235873, 0.655062
-369.318, 0.147758, 1.58627
-369.316, 0.147758, 1.58785
-482.693, 0.235873, 0.839655
-369.166, 0.138016, 1.9545
-369.166, 0.138016, 1.95646
-476.513, 0.235873, 0.853038
-369.164, 0.137559, 1.98148
-369.164, 0.137559, 1.98346
-440.679, 0.235873, 0.949787
-369.161, 0.134583, 2.17472
-369.161, 0.134583, 2.17689
-1424.74, 0.277431, 0.201736
-662.868, 0.683292, 0.310431
-662.86, 0.683292, 0.310742
-2303.06, 25.2687, 1.74059
-57.6957, 2.029, 0.52208
-57.6656, 2.029, 0.522603
-1452.69, 0.277431, 0.136013
-507.647, 0.744526, 0.116679
-507.769, 0.744526, 0.116796
-511.215, 0.277431, 0.8637
-369.193, 0.170575, 2.07045
-369.192, 0.170575, 2.07252
-1341.01, 0.277431, 0.248559
-746.059, 0.522237, 0.53882
-745.723, 0.522237, 0.539359
-613.657, 0.277431, 0.708232
-369.534, 0.182872, 1.75853
-369.53, 0.182872, 1.76029
-702.336, 0.277431, 0.617033
-370.765, 0.194623, 1.57239
-370.753, 0.194623, 1.57397
-530.398, 0.277431, 0.827775
-369.217, 0.172738, 1.99802
-369.217, 0.172738, 2.00002
-1422.72, 0.277431, 0.203098
-667.262, 0.679536, 0.316096
-667.249, 0.679536, 0.316412
-2470.36, 24.5819, 1.85469
-54.0091, 2.06724, 0.547193
-53.9844, 2.06724, 0.547741
-1383.42, 0.277431, 0.106434
-478.168, 0.708978, 0.0755122
-478.29, 0.708978, 0.0755878
-380.893, 0.277431, 0.00347014
-369.834, 0.605824, 0.00186067
-369.835, 0.605824, 0.00186254
-584.799, 0.277431, 0.744592
-369.37, 0.179186, 1.83117
-369.368, 0.179186, 1.833
-858.026, 0.277431, 0.499007
-380.42, 0.221926, 1.32294
-380.353, 0.221926, 1.32427
-909.521, 0.277431, 0.466765
-388.517, 0.23364, 1.25029
-388.414, 0.23364, 1.25155
-465.314, 0.277431, 0.973611
-369.166, 0.165042, 2.28968
-369.166, 0.165042, 2.29197
-617.557, 0.277431, 0.703628
-369.561, 0.183258, 1.74878
-369.558, 0.183258, 1.75053
-512.569, 0.277431, 0.861015
-369.194, 0.170655, 2.06455
-369.194, 0.170655, 2.06661
-603.869, 0.277431, 0.720093
-369.469, 0.181529, 1.7819
-369.466, 0.181529, 1.78369
-1358.95, 0.277431, 0.2395
-747.845, 0.553072, 0.493482
-747.569, 0.553072, 0.493976
-591.865, 0.277431, 0.735286
-369.404, 0.180132, 1.81287
-369.401, 0.180132, 1.81469
-548.722, 0.277431, 0.79711
-369.253, 0.175041, 1.93748
-369.252, 0.175041, 1.93942
-516.847, 0.277431, 0.852689
-369.199, 0.171214, 2.04828
-369.199, 0.171214, 2.05033
-662.323, 0.277431, 0.655062
-370.034, 0.189255, 1.65096
-370.026, 0.189255, 1.65261
-523.793, 0.277431, 0.839655
-369.208, 0.171986, 2.02193
-369.207, 0.171986, 2.02395
-516.665, 0.277431, 0.853038
-369.199, 0.171146, 2.04867
-369.198, 0.171146, 2.05072
-473.831, 0.277431, 0.949787
-369.169, 0.166066, 2.24197
-369.169, 0.166066, 2.24422
-868.085, 0.0550426, 0.201736
-369.175, 0.0307931, 0.455641
-369.175, 0.0307931, 0.456097
-1580.25, 0.0550426, 0.136013
-371.428, 0.0334847, 0.324103
-371.406, 0.0334847, 0.324427
-369.163, 0.0550426, 0.8637
-369.16, 0.0276686, 1.78659
-369.16, 0.0276686, 1.78838
-597.085, 0.0550426, 0.248559
-369.16, 0.0299169, 0.549547
-369.16, 0.0299169, 0.550097
-369.216, 0.0550426, 0.708232
-369.16, 0.0278529, 1.47413
-369.16, 0.0278529, 1.47561
-369.453, 0.0550426, 0.617033
-369.16, 0.0280037, 1.29071
-369.16, 0.0280037, 1.292
-369.166, 0.0550426, 0.827775
-369.16, 0.0277022, 1.71424
-369.16, 0.0277022, 1.71596
-857.448, 0.0550426, 0.203098
-369.174, 0.03076, 0.458366
-369.173, 0.03076, 0.458825
-1966.09, 0.0550426, 0.106434
-392.323, 0.0364891, 0.264957
-392.156, 0.0364891, 0.265222
-582.497, 0.0550426, 0.00347014
-389.379, 0.113243, 0.00173802
-389.414, 0.113243, 0.00173976
-369.189, 0.0550426, 0.744592
-369.16, 0.0277999, 1.54707
-369.16, 0.0277999, 1.54862
-371.648, 0.0550426, 0.499007
-369.16, 0.028285, 1.05328
-369.16, 0.028285, 1.05433
-373.624, 0.0550426, 0.466765
-369.16, 0.0283887, 0.988423
-369.16, 0.0283887, 0.989412
-369.161, 0.0550426, 0.973611
-369.16, 0.0276116, 2.01002
-369.16, 0.0276116, 2.01203
-369.221, 0.0550426, 0.703628
-369.16, 0.0278595, 1.46487
-369.16, 0.0278595, 1.46634
-369.164, 0.0550426, 0.861015
-369.16, 0.0276707, 1.78116
-369.16, 0.0276707, 1.78294
-369.205, 0.0550426, 0.720093
-369.16, 0.0278352, 1.49794
-369.16, 0.0278352, 1.49943
-635.814, 0.0550426, 0.2395
-369.161, 0.0300523, 0.531344
-369.161, 0.0300523, 0.531876
-369.194, 0.0550426, 0.735286
-369.16, 0.0278153, 1.52853
-369.16, 0.0278153, 1.53005
-369.171, 0.0550426, 0.79711
-369.16, 0.0277381, 1.65275
-369.16, 0.0277381, 1.6544
-369.164, 0.0550426, 0.852689
-369.16, 0.0276781, 1.76439
-369.16, 0.0276781, 1.76615
-369.307, 0.0550426, 0.655062
-369.16, 0.0279352, 1.36719
-369.16, 0.0279352, 1.36856
-369.165, 0.0550426, 0.839655
-369.16, 0.0276905, 1.73815
-369.16, 0.0276905, 1.73989
-369.164, 0.0550426, 0.853038
-369.16, 0.027678, 1.7651
-369.16, 0.027678, 1.76687
-369.161, 0.0550426, 0.949787
-369.16, 0.0276156, 1.9611
-369.16, 0.0276156, 1.96306
-647.638, 0.676623, 0.201736
-182.78, 1.82251, 0.177612
-182.634, 1.82251, 0.17779
-592.033, 0.676623, 0.136013
-252.517, 1.79388, 0.109407
-252.389, 1.79388, 0.109516
-531.307, 0.676623, 0.8637
-212.274, 1.54029, 1.52292
-212.417, 1.54029, 1.52444
-665.477, 0.676623, 0.248559
-143.818, 1.83343, 0.232709
-143.686, 1.83343, 0.232942
-570.741, 0.676623, 0.708232
-136.22, 1.66408, 1.0931
-136.327, 1.66408, 1.09419
-596.893, 0.676623, 0.617033
-103.028, 1.72524, 0.87501
-103.092, 1.72524, 0.875885
-539.789, 0.676623, 0.827775
-193.821, 1.57056, 1.41734
-193.961, 1.57056, 1.41876
-648.368, 0.676623, 0.203098
-181.889, 1.82239, 0.178715
-181.744, 1.82239, 0.178893
-551.74, 0.676623, 0.106434
-286.514, 1.77575, 0.0821436
-286.411, 1.77575, 0.0822257
-370.387, 0.676623, 0.00347014
-368.894, 1.70552, 0.00237613
-368.894, 1.70552, 0.00237851
-560.892, 0.676623, 0.744592
-152.535, 1.63709, 1.1871
-152.656, 1.63709, 1.18828
-632.149, 0.676623, 0.499007
-80.5237, 1.78876, 0.628128
-80.5289, 1.78876, 0.628756
-641.404, 0.676623, 0.466765
-78.892, 1.8023, 0.567554
-78.8811, 1.8023, 0.568122
-507.671, 0.676623, 0.973611
-266.639, 1.44171, 1.87035
-266.768, 1.44171, 1.87222
-572.014, 0.676623, 0.703628
-134.334, 1.66721, 1.08174
-134.439, 1.66721, 1.08282
-531.928, 0.676623, 0.861015
-210.882, 1.54262, 1.51485
-211.024, 1.54262, 1.51636
-567.489, 0.676623, 0.720093
-141.425, 1.65532, 1.12347
-141.537, 1.65532, 1.12459
-663.123, 0.676623, 0.2395
-150.609, 1.83182, 0.221529
-150.471, 1.83182, 0.221751
-563.378, 0.676623, 0.735286
-148.214, 1.64415, 1.16261
-148.332, 1.64415, 1.16377
-547.332, 0.676623, 0.79711
-177.98, 1.59626, 1.32937
-178.116, 1.59626, 1.3307
-533.866, 0.676623, 0.852689
-206.661, 1.54956, 1.49031
-206.803, 1.54956, 1.4918
-585.766, 0.676623, 0.655062
-115.385, 1.70084, 0.963045
-115.468, 1.70084, 0.964009
-536.942, 0.676623, 0.839655
-199.753, 1.56106, 1.45126
-199.894, 1.56106, 1.45271
-533.785, 0.676623, 0.853038
-206.712, 1.54958, 1.49089
-206.854, 1.54958, 1.49238
-512.506, 0.676623, 0.949787
-255.538, 1.46342, 1.79247
-255.672, 1.46342, 1.79426
-435.555, 0.895906, 0.201736
-144.076, 2.42911, 0.1908
-143.911, 2.42911, 0.190991
-419.78, 0.895906, 0.136013
-215.111, 2.42413, 0.124944
-214.949, 2.42413, 0.125069
-423.147, 0.895906, 0.8637
-42.6566, 2.41943, 0.959487
-42.6567, 2.41943, 0.960447
-442.145, 0.895906, 0.248559
-108.761, 2.43113, 0.239271
-108.617, 2.43113, 0.239511
-432.349, 0.895906, 0.708232
-43.3709, 2.42559, 0.765274
-43.3668, 2.42559, 0.76604
-437.858, 0.895906, 0.617033
-44.1317, 2.42857, 0.654922
-44.126, 2.42857, 0.655577
-425.208, 0.895906, 0.827775
-42.7111, 2.42096, 0.913935
-42.7092, 2.42096, 0.914849
-435.795, 0.895906, 0.203098
-142.758, 2.42928, 0.192328
-142.594, 2.42928, 0.192521
-409.662, 0.895906, 0.106434
-254.224, 2.42103, 0.0964258
-254.084, 2.42103, 0.0965223
-369.434, 0.895906, 0.00347014
-368.757, 2.39539, 0.00291139
-368.756, 2.39539, 0.0029143
-430.144, 0.895906, 0.744592
-43.126, 2.42426, 0.810031
-43.1221, 2.42426, 0.810841
-444.235, 0.895906, 0.499007
-46.8955, 2.43151, 0.516103
-46.8751, 2.43151, 0.51662
-445.608, 0.895906, 0.466765
-48.7263, 2.43207, 0.479016
-48.6972, 2.43207, 0.479495
-417.182, 0.895906, 0.973611
-43.3943, 2.41435, 1.10155
-43.406, 2.41435, 1.10266
-432.629, 0.895906, 0.703628
-43.4036, 2.42575, 0.759648
-43.3995, 2.42575, 0.760408
-423.299, 0.895906, 0.861015
-42.6569, 2.41957, 0.955996
-42.6568, 2.41957, 0.956953
-431.628, 0.895906, 0.720093
-43.2887, 2.42516, 0.779839
-43.2847, 2.42516, 0.780619
-441.117, 0.895906, 0.2395
-114.558, 2.43089, 0.229983
-114.409, 2.43089, 0.230213
-430.707, 0.895906, 0.735286
-43.1866, 2.42461, 0.798524
-43.1827, 2.42461, 0.799322
-427.004, 0.895906, 0.79711
-42.8294, 2.42224, 0.875298
-42.8264, 2.42224, 0.876174
-423.773, 0.895906, 0.852689
-42.6618, 2.41991, 0.945493
-42.6612, 2.41991, 0.946439
-435.58, 0.895906, 0.655062
-43.7737, 2.42739, 0.700612
-43.7692, 2.42739, 0.701313
-424.521, 0.895906, 0.839655
-42.6817, 2.42048, 0.928876
-42.6804, 2.42048, 0.929806
-423.753, 0.895906, 0.853038
-42.6615, 2.4199, 0.945915
-42.6609, 2.4199, 0.946862
-418.429, 0.895906, 0.949787
-43.0888, 2.41551, 1.07037
-43.0973, 2.41551, 1.07144
-1491.43, 0.108754, 0.201736
-386.407, 0.0753717, 0.511685
-386.29, 0.0753717, 0.512196
-1919.39, 0.108754, 0.136013
-653.711, 0.10219, 0.369028
-652.744, 0.10219, 0.369397
-369.16, 0.0800638, 19.9975
-372.782, 0.108645, 0.8637
-372.753, 0.108645, 0.864565
-369.16, 0.0565605, 1.84072
-1204.63, 0.108645, 0.248559
-1203.21, 0.108645, 0.248808
-371.793, 0.0691855, 0.606404
-384.263, 0.108645, 0.708232
-384.165, 0.108645, 0.708941
-369.16, 0.0573758, 1.52781
-404.043, 0.108645, 0.617033
-403.846, 0.108645, 0.61765
-369.16, 0.0580906, 1.34463
-374.198, 0.108645, 0.827775
-374.16, 0.108645, 0.828603
-369.16, 0.0567192, 1.76842
-1482.14, 0.108645, 0.203098
-1480.83, 0.108645, 0.203301
-385.531, 0.075148, 0.514331
-2087.27, 0.108645, 0.106434
-2086.75, 0.108645, 0.10654
-1315.24, 0.160909, 0.267092
-369.16, 0.770337, 10.5923
-369.16, 0.770337, 10.6029
-436.899, 0.108754, 0.00347014
-375.038, 0.226141, 0.00175776
-375.048, 0.226141, 0.00175952
-380.037, 0.108754, 0.744592
-369.16, 0.0570935, 1.60097
-369.16, 0.0570935, 1.60257
-472.159, 0.108754, 0.499007
-369.16, 0.0594012, 1.1074
-369.16, 0.0594012, 1.10851
-507.078, 0.108754, 0.466765
-369.161, 0.059932, 1.04278
-369.161, 0.059932, 1.04382
-370.49, 0.108754, 0.973611
-369.16, 0.0560929, 2.06178
-369.16, 0.0560929, 2.06385
-384.999, 0.108754, 0.703628
-369.16, 0.0573628, 1.51885
-369.16, 0.0573628, 1.52037
-372.897, 0.108754, 0.861015
-369.16, 0.0565154, 1.83532
-369.16, 0.0565154, 1.83715
-382.779, 0.108754, 0.720093
-369.16, 0.0572588, 1.55205
-369.16, 0.0572588, 1.5536
-1257.69, 0.108754, 0.2395
-372.908, 0.070038, 0.588169
-372.877, 0.070038, 0.588757
-381.007, 0.108754, 0.735286
-369.16, 0.0571614, 1.58254
-369.16, 0.0571614, 1.58412
-375.878, 0.108754, 0.79711
-369.16, 0.0568107, 1.70671
-369.16, 0.0568107, 1.70842
-373.194, 0.108754, 0.852689
-369.16, 0.0565513, 1.81857
-369.16, 0.0565513, 1.82039
-393.888, 0.108754, 0.655062
-369.16, 0.0577005, 1.42087
-369.16, 0.0577005, 1.42229
-373.707, 0.108754, 0.839655
-369.16, 0.0566089, 1.79234
-369.16, 0.0566089, 1.79413
-373.181, 0.108754, 0.853038
-369.16, 0.0565495, 1.81926
-369.16, 0.0565495, 1.82108
-370.815, 0.108754, 0.949787
-369.16, 0.056174, 2.01389
-369.16, 0.056174, 2.0159
-754.719, 0.599568, 0.201736
-204.533, 1.61343, 0.17634
-204.405, 1.61343, 0.176516
-685.921, 0.599568, 0.136013
-269.579, 1.57861, 0.106276
-269.471, 1.57861, 0.106382
-560.941, 0.599568, 0.8637
-352.148, 1.08801, 1.92667
-352.178, 1.08801, 1.9286
-772.507, 0.599568, 0.248559
-166.231, 1.62633, 0.237036
-166.115, 1.62633, 0.237273
-614.506, 0.599568, 0.708232
-277.567, 1.27791, 1.36007
-277.661, 1.27791, 1.36143
-651.223, 0.599568, 0.617033
-215.73, 1.38682, 1.0623
-215.829, 1.38682, 1.06336
-572.302, 0.599568, 0.827775
-339.824, 1.13098, 1.79137
-339.87, 1.13098, 1.79316
-755.544, 0.599568, 0.203098
-202.822, 1.61461, 0.178512
-202.694, 1.61461, 0.178691
-632.004, 0.599568, 0.106434
-300.335, 1.55505, 0.0788774
-300.248, 1.55505, 0.0789563
-370.988, 0.599568, 0.00347014
-368.96, 1.4561, 0.0021923
-368.96, 1.4561, 0.00219449
-600.943, 0.599568, 0.744592
-299.611, 1.23329, 1.48696
-299.693, 1.23329, 1.48845
-703.006, 0.599568, 0.499007
-145.53, 1.51144, 0.728584
-145.58, 1.51144, 0.729313
-717.307, 0.599568, 0.466765
-132.926, 1.54006, 0.648536
-132.954, 1.54006, 0.649185
-529.735, 0.599568, 0.973611
-373.197, 0.964171, 2.3459
-373.187, 0.964171, 2.34825
-616.269, 0.599568, 0.703628
-274.53, 1.28375, 1.34404
-274.625, 1.28375, 1.34539
-561.77, 0.599568, 0.861015
-351.434, 1.09073, 1.9171
-351.465, 1.09073, 1.91902
-610.012, 0.599568, 0.720093
-285.076, 1.26322, 1.4012
-285.166, 1.26322, 1.40261
-770.573, 0.599568, 0.2395
-173.075, 1.6246, 0.224171
-172.955, 1.6246, 0.224396
-604.354, 0.599568, 0.735286
-294.277, 1.24452, 1.45435
-294.362, 1.24452, 1.45581
-582.476, 0.599568, 0.79711
-326.743, 1.16881, 1.67686
-326.803, 1.16881, 1.67853
-564.36, 0.599568, 0.852689
-348.607, 1.10141, 1.88457
-348.642, 1.10141, 1.88646
-635.464, 0.599568, 0.655062
-242.184, 1.34189, 1.18298
-242.285, 1.34189, 1.18417
-568.479, 0.599568, 0.839655
-344.27, 1.11652, 1.8361
-344.31, 1.11652, 1.83794
-564.251, 0.599568, 0.853038
-348.764, 1.10082, 1.88613
-348.799, 1.10082, 1.88801
-536.064, 0.599568, 0.949787
-370.474, 0.989738, 2.25515
-370.471, 0.989738, 2.2574
-441.123, 0.888286, 0.201736
-144.983, 2.40809, 0.1903
-144.818, 2.40809, 0.190491
-424.095, 0.888286, 0.136013
-216.246, 2.40241, 0.124296
-216.085, 2.40241, 0.124421
-427.125, 0.888286, 0.8637
-42.7043, 2.39628, 0.968848
-42.7072, 2.39628, 0.969818
-448.199, 0.888286, 0.248559
-109.711, 2.41016, 0.238546
-109.567, 2.41016, 0.238785
-437.125, 0.888286, 0.708232
-43.0559, 2.40355, 0.770829
-43.0523, 2.40355, 0.7716
-443.134, 0.888286, 0.617033
-43.8257, 2.40705, 0.658691
-43.8196, 2.40705, 0.65935
-429.361, 0.888286, 0.827775
-42.6258, 2.39808, 0.922353
-42.6261, 2.39808, 0.923276
-441.381, 0.888286, 0.203098
-143.986, 2.408, 0.191459
-143.822, 2.408, 0.191651
-413.136, 0.888286, 0.106434
-255.422, 2.39865, 0.0957288
-255.282, 2.39865, 0.0958246
-369.459, 0.888286, 0.00347014
-368.764, 2.37016, 0.00287914
-368.764, 2.37016, 0.00288202
-434.725, 0.888286, 0.744592
-42.8487, 2.40199, 0.816332
-42.8457, 2.40199, 0.817149
-450.133, 0.888286, 0.499007
-46.7676, 2.41053, 0.517948
-46.7465, 2.41053, 0.518466
-451.653, 0.888286, 0.466765
-48.675, 2.4112, 0.480404
-48.6455, 2.4112, 0.480885
-420.661, 0.888286, 0.973611
-44.0445, 2.39026, 1.1142
-44.0614, 2.39026, 1.11531
-437.43, 0.888286, 0.703628
-43.0856, 2.40374, 0.765106
-43.0818, 2.40374, 0.765872
-427.29, 0.888286, 0.861015
-42.6932, 2.39644, 0.965276
-42.6959, 2.39644, 0.966242
-436.34, 0.888286, 0.720093
-42.9831, 2.40305, 0.785628
-42.9796, 2.40305, 0.786414
-447.101, 0.888286, 0.2395
-115.549, 2.40989, 0.229244
-115.401, 2.40989, 0.229474
-435.337, 0.888286, 0.735286
-42.8968, 2.40239, 0.804692
-42.8936, 2.40239, 0.805497
-431.311, 0.888286, 0.79711
-42.6546, 2.39959, 0.882934
-42.6533, 2.39959, 0.883817
-427.804, 0.888286, 0.852689
-42.6656, 2.39684, 0.954568
-42.6676, 2.39684, 0.955523
-440.646, 0.888286, 0.655062
-43.4479, 2.40567, 0.705081
-43.4433, 2.40567, 0.705786
-428.615, 0.888286, 0.839655
-42.6368, 2.39752, 0.937593
-42.6379, 2.39752, 0.938531
-427.783, 0.888286, 0.853038
-42.6665, 2.39683, 0.954992
-42.6686, 2.39683, 0.955947
-422.011, 0.888286, 0.949787
-43.5814, 2.39167, 1.08216
-43.5944, 2.39167, 1.08324
-428.971, 0.905105, 0.201736
-142.678, 2.45473, 0.191785
-142.513, 2.45473, 0.191977
-414.697, 0.905105, 0.136013
-213.49, 2.45058, 0.125932
-213.327, 2.45058, 0.126058
-418.343, 0.905105, 0.8637
-42.8181, 2.44707, 0.948601
-42.8151, 2.44707, 0.94955
-434.972, 0.905105, 0.248559
-107.71, 2.45638, 0.240057
-107.567, 2.45638, 0.240297
-426.605, 0.905105, 0.708232
-43.8709, 2.45201, 0.758885
-43.8667, 2.45201, 0.759644
-431.528, 0.905105, 0.617033
-44.5844, 2.45441, 0.650667
-44.5794, 2.45441, 0.651318
-420.196, 0.905105, 0.827775
-43.0054, 2.44829, 0.904204
-43.0013, 2.44829, 0.905109
-429.188, 0.905105, 0.203098
-141.668, 2.45465, 0.192966
-141.503, 2.45465, 0.193159
-405.568, 0.905105, 0.106434
-252.968, 2.44763, 0.0971483
-252.826, 2.44763, 0.0972455
-369.405, 0.905105, 0.00347014
-368.747, 2.42568, 0.00295163
-368.746, 2.42568, 0.00295459
-424.629, 0.905105, 0.744592
-43.5991, 2.45094, 0.802672
-43.5943, 2.45094, 0.803475
-437.185, 0.905105, 0.499007
-47.1047, 2.45679, 0.514014
-47.0854, 2.45679, 0.514529
-438.389, 0.905105, 0.466765
-48.8414, 2.45725, 0.477395
-48.8136, 2.45725, 0.477873
-412.969, 0.905105, 0.973611
-42.9281, 2.44296, 1.087
-42.9343, 2.44296, 1.08808
-426.856, 0.905105, 0.703628
-43.9046, 2.45214, 0.753372
-43.9002, 2.45214, 0.754125
-418.48, 0.905105, 0.861015
-42.829, 2.44713, 0.945395
-42.8259, 2.44713, 0.946341
-425.959, 0.905105, 0.720093
-43.7827, 2.45166, 0.773145
-43.7781, 2.45166, 0.773919
-434.034, 0.905105, 0.2395
-113.679, 2.45605, 0.23045
-113.53, 2.45605, 0.230681
-425.134, 0.905105, 0.735286
-43.6692, 2.45122, 0.791445
-43.6646, 2.45122, 0.792237
-421.811, 0.905105, 0.79711
-43.2094, 2.44929, 0.866568
-43.2048, 2.44929, 0.867435
-418.906, 0.905105, 0.852689
-42.8682, 2.44746, 0.934919
-42.8648, 2.44746, 0.935854
-429.495, 0.905105, 0.655062
-44.264, 2.45347, 0.69549
-44.2597, 2.45347, 0.696185
-419.579, 0.905105, 0.839655
-42.9353, 2.44787, 0.918921
-42.9314, 2.44787, 0.91984
-418.889, 0.905105, 0.853038
-42.8661, 2.44743, 0.935408
-42.8627, 2.44743, 0.936344
-414.093, 0.905105, 0.949787
-42.7867, 2.44392, 1.05657
-42.7902, 2.44392, 1.05763
-1051.5, 0.438423, 0.201736
-288.205, 1.18799, 0.188892
-288.15, 1.18799, 0.189081
-977.295, 0.438423, 0.136013
-330.463, 1.14511, 0.103176
-330.422, 1.14511, 0.103279
-585.356, 0.438423, 0.8637
-374.52, 0.399004, 2.33758
-374.488, 0.399004, 2.33992
-1048.14, 0.438423, 0.248559
-271.616, 1.18252, 0.279204
-271.577, 1.18252, 0.279484
-671.869, 0.438423, 0.708232
-394.775, 0.486697, 1.91447
-394.674, 0.486697, 1.91638
-735.873, 0.438423, 0.617033
-423.806, 0.571421, 1.61794
-423.653, 0.571421, 1.61956
-603.035, 0.438423, 0.827775
-376.916, 0.414071, 2.24658
-376.874, 0.414071, 2.24883
-1051.9, 0.438423, 0.203098
-287.227, 1.18855, 0.191611
-287.172, 1.18855, 0.191803
-895.008, 0.438423, 0.106434
-347.055, 1.11557, 0.0746421
-347.028, 1.11557, 0.0747167
-373.556, 0.438423, 0.00347014
-369.164, 0.994414, 0.00195773
-369.164, 0.994414, 0.00195969
-649.21, 0.438423, 0.744592
-387.324, 0.461539, 2.02123
-387.245, 0.461539, 2.02326
-834.341, 0.438423, 0.499007
-458.122, 0.74013, 1.16905
-457.983, 0.74013, 1.17022
-864.016, 0.438423, 0.466765
-453.331, 0.799215, 1.03768
-453.224, 0.799215, 1.03872
-538.764, 0.438423, 0.973611
-370.819, 0.360881, 2.59693
-370.807, 0.360881, 2.59953
-674.851, 0.438423, 0.703628
-395.899, 0.490321, 1.90048
-395.796, 0.490321, 1.90238
-586.634, 0.438423, 0.861015
-374.633, 0.399308, 2.33048
-374.601, 0.399308, 2.33281
-664.304, 0.438423, 0.720093
-392.148, 0.478451, 1.94977
-392.055, 0.478451, 1.95172
-1051.13, 0.438423, 0.2395
-272.794, 1.1867, 0.259602
-272.752, 1.1867, 0.259862
-654.86, 0.438423, 0.735286
-388.99, 0.4673, 1.99452
-388.905, 0.4673, 1.99651
-619.177, 0.438423, 0.79711
-379.885, 0.430368, 2.16644
-379.831, 0.430368, 2.1686
-590.638, 0.438423, 0.852689
-375.153, 0.403172, 2.3099
-375.118, 0.403172, 2.31221
-707.906, 0.438423, 0.655062
-410.09, 0.53266, 1.74654
-409.957, 0.53266, 1.74829
-597.045, 0.438423, 0.839655
-376.031, 0.408934, 2.27704
-375.993, 0.408934, 2.27932
-590.469, 0.438423, 0.853038
-375.149, 0.403365, 2.31094
-375.115, 0.403365, 2.31325
-547.971, 0.438423, 0.949787
-371.304, 0.36811, 2.54279
-371.289, 0.36811, 2.54534
-793.546, 0.574875, 0.201736
-212.524, 1.54809, 0.177291
-212.404, 1.54809, 0.177469
-721.256, 0.574875, 0.136013
-276.669, 1.50908, 0.105066
-276.568, 1.50908, 0.105171
-568.61, 0.574875, 0.8637
-377.389, 0.944587, 2.05624
-377.371, 0.944587, 2.0583
-810.339, 0.574875, 0.248559
-175.963, 1.55992, 0.239056
-175.853, 1.55992, 0.239295
-627.031, 0.574875, 0.708232
-327.509, 1.13966, 1.46704
-327.562, 1.13966, 1.46851
-667.503, 0.574875, 0.617033
-267.331, 1.26255, 1.14246
-267.416, 1.26255, 1.1436
-580.942, 0.574875, 0.827775
-371.617, 0.986272, 1.91966
-371.613, 0.986272, 1.92159
-794.369, 0.574875, 0.203098
-211.661, 1.54817, 0.178558
-211.542, 1.54817, 0.178737
-662.75, 0.574875, 0.106434
-305.583, 1.48531, 0.0779417
-305.504, 1.48531, 0.0780196
-371.237, 0.574875, 0.00347014
-368.983, 1.3799, 0.00214471
-368.983, 1.3799, 0.00214686
-612.172, 0.574875, 0.744592
-345.194, 1.09197, 1.60207
-345.229, 1.09197, 1.60367
-725.371, 0.574875, 0.499007
-181.622, 1.41001, 0.774489
-181.684, 1.41001, 0.775264
-741.592, 0.574875, 0.466765
-163.216, 1.44539, 0.685858
-163.259, 1.44539, 0.686545
-534.904, 0.574875, 0.973611
-382.215, 0.827543, 2.46982
-382.176, 0.827543, 2.47229
-628.966, 0.574875, 0.703628
-324.976, 1.14581, 1.45009
-325.031, 1.14581, 1.45154
-569.508, 0.574875, 0.861015
-377.043, 0.947685, 2.04599
-377.026, 0.947685, 2.04803
-622.102, 0.574875, 0.720093
-333.593, 1.12434, 1.51038
-333.64, 1.12434, 1.51189
-808.74, 0.574875, 0.2395
-182.294, 1.55857, 0.22623
-182.181, 1.55857, 0.226456
-615.904, 0.574875, 0.735286
-340.974, 1.10429, 1.567
-341.014, 1.10429, 1.56857
-592.012, 0.574875, 0.79711
-363.972, 1.02494, 1.8011
-363.981, 1.02494, 1.8029
-572.318, 0.574875, 0.852689
-375.939, 0.956939, 2.01469
-375.925, 0.956939, 2.01671
-650.086, 0.574875, 0.655062
-294.734, 1.2112, 1.27467
-294.81, 1.2112, 1.27594
-576.789, 0.574875, 0.839655
-373.804, 0.972462, 1.96462
-373.795, 0.972462, 1.96659
-572.2, 0.574875, 0.853038
-376.046, 0.956136, 2.01652
-376.031, 0.956136, 2.01854
-541.72, 0.574875, 0.949787
-382.386, 0.85036, 2.38269
-382.349, 0.85036, 2.38508
-363.892, 154.221, 0.0637536
-325.516, 99.1304, 0.156422
-325.438, 99.1304, 0.156578
-1462.6, 17.007, 5.66848
-322.22, 97.5285, 0.161696
-322.137, 97.5285, 0.161858
-318.561, 95.9666, 0.167438
-643.436, 40.3589, 0.974228
-645.074, 40.3589, 0.975203
-209.996, 69.1837, 0.325928
-152.731, 55.6685, 0.506257
-152.737, 55.6685, 0.506763
-366.653, 154.221, 0.0437503
-347.316, 99.0256, 0.107287
-347.275, 99.0256, 0.107394
-2265.7, 16.9173, 3.87983
-346.362, 98.1333, 0.109276
-346.319, 98.1333, 0.109386
-345.358, 97.317, 0.11137
-230.58, 40.5345, 0.657341
-231.084, 40.5345, 0.657999
-335.041, 90.0525, 0.13036
-160.155, 51.0174, 0.412164
-160.078, 51.0174, 0.412576
-151.41, 47.5848, 0.475707
-151.291, 47.2056, 0.482513
-151.296, 47.2056, 0.482996
-368.688, 154.221, 0.0188756
-364.854, 98.8907, 0.0462568
-364.846, 98.8907, 0.0463031
-1969.79, 16.8023, 1.66829
-363.29, 92.856, 0.052536
-363.279, 92.856, 0.0525886
-360.151, 85.1272, 0.0627531
-176.621, 37.782, 0.323559
-176.495, 37.782, 0.323882
-168.719, 36.8257, 0.341459
-161.355, 35.8844, 0.359084
-161.239, 35.8844, 0.359443
-487.52, 24.5671, 0.773987
-147.417, 33.5662, 0.410987
-147.395, 33.5662, 0.411398
-147.034, 33.3257, 0.41785
-206.626, 28.5846, 0.568692
-207.065, 28.5846, 0.569261
-147.034, 33.3257, 0.41785
-368.047, 154.067, 0.0290373
-368.045, 154.067, 0.0290664
-359.189, 99.0461, 0.0711792
-2500.35, 16.8334, 2.57003
-2500.8, 16.8334, 2.5726
-358.768, 98.2056, 0.0724181
-358.305, 97.2487, 0.0737188
-358.284, 97.2487, 0.0737925
-150.322, 40.5007, 0.435269
-149.835, 40.2669, 0.439512
-149.805, 40.2669, 0.439952
-149.114, 39.8331, 0.450168
-1031.77, 25.8816, 1.07561
-1033.95, 25.8816, 1.07669
-148.992, 39.6544, 0.454285
-148.952, 39.523, 0.456423
-148.957, 39.523, 0.45688
-365.256, 154.221, 0.054744
-336.033, 99.0834, 0.134285
-335.972, 99.0834, 0.13442
-1825.37, 16.9667, 4.86175
-334.135, 97.8886, 0.137638
-334.071, 97.8886, 0.137776
-332.086, 96.7556, 0.141221
-417.007, 40.4765, 0.828601
-418.109, 40.4765, 0.82943
-207.625, 64.176, 0.325341
-152.227, 52.0904, 0.496193
-152.231, 52.0904, 0.496689
-369.088, 154.221, 0.00734162
-368.496, 98.8092, 0.0179841
-368.495, 98.8092, 0.0180021
-371.676, 16.7332, 0.647553
-324.224, 41.1557, 0.105214
-324.145, 41.1557, 0.105319
-150.257, 23.3552, 0.33053
-140.78, 21.8431, 0.377545
-140.78, 21.8431, 0.377923
-140.764, 21.7992, 0.379845
-187.999, 19.0799, 0.495953
-188.368, 19.0799, 0.496449
-140.764, 21.7992, 0.379845
-359.214, 154.067, 0.0882172
-359.194, 154.067, 0.0883054
-292.935, 99.3557, 0.216579
-723.399, 17.0982, 7.86805
-721.424, 17.0982, 7.87592
-280.721, 95.776, 0.233437
-265.929, 91.9569, 0.253152
-265.774, 91.9569, 0.253406
-1525.22, 39.6918, 1.41132
-189.601, 74.6024, 0.388083
-189.467, 74.6024, 0.388472
-203.522, 56.6327, 0.682806
-153.946, 65.1893, 0.511189
-153.915, 65.1893, 0.5117
-153.592, 64.0608, 0.530836
-367.088, 154.067, 0.0397159
-367.084, 154.067, 0.0397557
-350.981, 99.1033, 0.0973834
-2392.5, 16.8821, 3.52018
-2391.39, 16.8821, 3.52371
-350.234, 98.2687, 0.0990682
-349.415, 97.3178, 0.100837
-349.378, 97.3178, 0.100938
-188.253, 40.5736, 0.595788
-338.532, 88.6085, 0.121954
-338.475, 88.6085, 0.122076
-160.21, 48.947, 0.407224
-150.812, 45.2415, 0.476752
-150.817, 45.2415, 0.477229
-361.74, 154.221, 0.0759323
-309.865, 99.1934, 0.186361
-309.763, 99.1934, 0.186547
-1045.41, 17.0611, 6.76186
-303.307, 96.7911, 0.195914
-303.196, 96.7911, 0.19611
-295.72, 94.383, 0.206663
-1037.94, 40.0881, 1.18213
-1040.33, 40.0881, 1.18331
-199.349, 72.1558, 0.357325
-153.182, 60.1706, 0.516458
-153.189, 60.1706, 0.516975
-360.529, 154.221, 0.0820515
-301.521, 99.2249, 0.20141
-301.407, 99.2249, 0.201612
-873.939, 17.0881, 7.31245
-292.498, 96.2891, 0.214142
-292.372, 96.2891, 0.214356
-281.849, 93.3206, 0.228741
-1270.85, 39.8935, 1.29331
-1273.57, 39.8935, 1.29461
-194.08, 73.3918, 0.373483
-154.872, 60.6695, 0.549692
-154.923, 60.6695, 0.550242
-154.587, 63.8734, 0.495899
-365.478, 154.067, 0.053118
-365.471, 154.067, 0.0531711
-337.844, 99.1741, 0.130291
-1889.54, 16.9425, 4.71634
-1887.28, 16.9425, 4.72106
-336.127, 98.033, 0.133391
-334.22, 96.763, 0.136695
-334.156, 96.763, 0.136832
-383.178, 40.5301, 0.802933
-202.72, 62.3682, 0.333728
-202.574, 62.3682, 0.334062
-152.213, 51.1183, 0.500995
-152.269, 51.8727, 0.485312
-152.258, 51.8727, 0.485797
-152.213, 51.1183, 0.500995
-362.082, 154.067, 0.0740821
-362.069, 154.067, 0.0741562
-312.378, 99.2831, 0.181811
-1099.3, 17.0359, 6.59554
-1096.94, 17.0359, 6.60213
-306.481, 97.033, 0.190509
-299.596, 94.5966, 0.200237
-299.479, 94.5966, 0.200437
-970.797, 40.1841, 1.1492
-201.303, 71.7694, 0.351591
-201.17, 71.7694, 0.351943
-153.127, 59.6016, 0.51451
-368.514, 154.067, 0.0220959
-368.513, 154.067, 0.022118
-363.302, 99.0079, 0.0541534
-2231.24, 16.801, 1.9538
-2232.75, 16.801, 1.95576
-362.774, 97.2847, 0.0561112
-362.164, 95.411, 0.0582445
-362.15, 95.411, 0.0583028
-173.591, 40.0776, 0.33734
-167.84, 39.2222, 0.351675
-167.722, 39.2222, 0.352027
-162.428, 38.4926, 0.366027
-598.197, 25.4179, 0.845661
-599.682, 25.4179, 0.846508
-148.931, 36.1443, 0.415728
-147.537, 35.0804, 0.440731
-147.553, 35.0804, 0.441172
-357.087, 154.221, 0.0975454
-279.489, 99.3037, 0.239536
-279.348, 99.3037, 0.239776
-543.352, 17.1561, 8.71018
-260.769, 94.5252, 0.26496
-260.608, 94.5252, 0.265225
-238.178, 89.6995, 0.295541
-1946.69, 39.1896, 1.60444
-1950.11, 39.1896, 1.60604
-184.992, 76.8376, 0.405609
-365.452, 53.2978, 0.855408
-366.387, 53.2978, 0.856264
-156.897, 69.346, 0.50031
-153.922, 66.6788, 0.540994
-153.942, 66.6788, 0.541536
-367.773, 154.221, 0.032458
-356.787, 98.9655, 0.0795715
-356.763, 98.9655, 0.0796511
-2520.77, 16.866, 2.87411
-356.312, 98.1955, 0.0808407
-356.287, 98.1955, 0.0809216
-355.816, 97.5066, 0.0821684
-151.016, 40.5124, 0.485964
-151.079, 40.5124, 0.48645
-318.153, 72.9886, 0.147749
-150.862, 42.4169, 0.442777
-150.826, 42.4169, 0.44322
-367.218, 427.459, 0.0637536
-351.796, 273.748, 0.156136
-351.763, 273.748, 0.156293
-5770.22, 46.2754, 5.61698
-351.312, 272.183, 0.157951
-351.278, 272.183, 0.158109
-350.821, 270.864, 0.159825
-257.988, 111.845, 0.947488
-258.535, 111.845, 0.948436
-344.937, 255.486, 0.179796
-164.702, 142.94, 0.578052
-164.652, 142.94, 0.57863
-160.005, 135.499, 0.645074
-159.4, 132.355, 0.674956
-159.403, 132.355, 0.675631
-368.242, 427.459, 0.0437503
-360.788, 273.635, 0.107125
-360.772, 273.635, 0.107232
-5194.94, 46.1795, 3.85062
-360.452, 271.439, 0.108876
-360.435, 271.439, 0.108985
-360.101, 269.475, 0.110701
-158.835, 111.442, 0.652891
-158.851, 111.442, 0.653545
-279.002, 163.057, 0.304186
-158.722, 112.541, 0.640123
-158.721, 112.541, 0.640764
-368.989, 427.459, 0.0188756
-367.568, 273.444, 0.046202
-367.565, 273.444, 0.0462483
-1955.14, 46.0191, 1.65844
-349.619, 163.875, 0.129177
-349.582, 163.875, 0.129306
-171.157, 86.0189, 0.472254
-158.629, 81.1472, 0.529847
-158.57, 81.1472, 0.530378
-155.721, 78.2788, 0.570702
-368.754, 427.032, 0.0290373
-368.753, 427.032, 0.0290664
-365.425, 273.812, 0.0710871
-3688.75, 46.0519, 2.55344
-3692.84, 46.0519, 2.55599
-348.33, 192.396, 0.144493
-275.165, 136.6, 0.287055
-275.019, 136.6, 0.287342
-236.99, 124.445, 0.346888
-350.035, 75.6651, 0.941147
-350.92, 75.6651, 0.942088
-165.355, 100.742, 0.530452
-159.24, 91.725, 0.639191
-159.304, 91.725, 0.639831
-367.725, 427.459, 0.054744
-356.212, 273.698, 0.134059
-356.187, 273.698, 0.134193
-5666.44, 46.2332, 4.82101
-355.812, 271.984, 0.135766
-355.786, 271.984, 0.135902
-355.403, 270.514, 0.137532
-191.038, 111.722, 0.814276
-191.358, 111.722, 0.815091
-349.772, 251.883, 0.158781
-166.438, 134.718, 0.558608
-166.379, 134.718, 0.559167
-159.174, 123.863, 0.66289
-369.134, 427.032, 0.00734162
-369.134, 427.032, 0.00734897
-368.918, 273.426, 0.0179606
-203.575, 45.7287, 0.643333
-203.98, 45.7287, 0.643977
-368.915, 272.793, 0.0180442
-260.811, 75.137, 0.238034
-260.651, 75.137, 0.238272
-153.743, 53.7313, 0.466741
-365.458, 427.032, 0.0882172
-365.45, 427.032, 0.0883054
-337.122, 274.154, 0.216101
-5294.66, 46.34, 7.78156
-5291.74, 46.34, 7.78935
-336.131, 272.362, 0.218978
-335.057, 270.271, 0.22196
-334.994, 270.271, 0.222182
-616.401, 112.024, 1.31423
-232.344, 192.857, 0.438439
-232.164, 192.857, 0.438878
-161.15, 148.914, 0.740135
-159.88, 156.095, 0.671702
-159.867, 156.095, 0.672374
-368.403, 427.459, 0.0397159
-362.233, 273.61, 0.0972423
-362.219, 273.61, 0.0973396
-4895.55, 46.1587, 3.49476
-361.822, 270.416, 0.0995668
-361.807, 270.416, 0.0996664
-361.381, 267.434, 0.102017
-160.139, 110.994, 0.597099
-160.097, 110.994, 0.597696
-159.776, 110.668, 0.601851
-158.792, 109.058, 0.618619
-158.774, 109.058, 0.619237
-1194.53, 70.986, 1.47035
-158.528, 108.249, 0.627948
-158.521, 108.249, 0.628576
-158.478, 107.898, 0.633346
-328.74, 87.4294, 0.965007
-329.647, 87.4294, 0.965973
-158.475, 107.805, 0.634437
-366.409, 427.032, 0.0759323
-366.404, 427.032, 0.0760083
-344.966, 274.088, 0.185985
-5631.07, 46.2848, 6.69397
-5629.58, 46.2848, 6.70067
-344.262, 272.43, 0.188274
-343.498, 270.475, 0.190643
-343.45, 270.475, 0.190833
-399.491, 112, 1.12967
-219.356, 176.387, 0.451301
-219.174, 176.387, 0.451753
-159.818, 141.731, 0.702826
-159.602, 144.117, 0.678193
-159.598, 144.117, 0.678871
-365.956, 427.459, 0.0820515
-341.144, 273.847, 0.200985
-341.092, 273.847, 0.201186
-5487.03, 46.3587, 7.23556
-340.294, 272.105, 0.203587
-340.24, 272.105, 0.203791
-339.426, 270.607, 0.206283
-499.514, 111.892, 1.22171
-500.958, 111.892, 1.22293
-231.583, 187.131, 0.433994
-160.335, 145.35, 0.720895
-160.367, 145.35, 0.721616
-159.759, 150.426, 0.674038
-367.808, 427.032, 0.053118
-367.805, 427.032, 0.0531711
-356.958, 273.963, 0.130075
-5622.14, 46.1792, 4.67742
-5623.71, 46.1792, 4.6821
-356.581, 272.252, 0.131727
-356.172, 270.243, 0.133436
-356.147, 270.243, 0.13357
-182.196, 111.824, 0.790024
-349.936, 249.103, 0.157214
-349.9, 249.103, 0.157371
-165.885, 132.319, 0.562994
-159.117, 122.171, 0.65977
-159.12, 122.171, 0.66043
-366.543, 427.459, 0.0740821
-346.047, 273.804, 0.18145
-346.003, 273.804, 0.181632
-5671.94, 46.3227, 6.53027
-345.385, 272.179, 0.183641
-345.34, 272.179, 0.183825
-344.714, 270.799, 0.185906
-373.353, 111.889, 1.10182
-374.37, 111.889, 1.10293
-209.83, 171.153, 0.468726
-159.719, 140.344, 0.697859
-159.735, 140.344, 0.698558
-159.566, 142.364, 0.679415
-368.925, 427.032, 0.0220959
-368.924, 427.032, 0.022118
-366.985, 273.753, 0.0540878
-2555.11, 46.0024, 1.942
-2559.1, 46.0024, 1.94394
-346.529, 169.393, 0.141865
-177.502, 94.3272, 0.458956
-177.394, 94.3272, 0.459415
-166.559, 90.2346, 0.502739
-156.652, 82.9608, 0.59401
-156.678, 82.9608, 0.594604
-364.649, 427.459, 0.0975454
-330.569, 273.928, 0.238973
-330.499, 273.928, 0.239212
-4970.57, 46.4278, 8.60821
-329.256, 271.932, 0.242526
-329.183, 271.932, 0.242769
-327.905, 270.172, 0.246222
-805.686, 111.886, 1.45586
-807.762, 111.886, 1.45732
-228.703, 199.388, 0.45457
-160.525, 156.94, 0.735428
-160.556, 156.94, 0.736164
-159.707, 162.113, 0.69023
-368.653, 427.032, 0.032458
-368.652, 427.032, 0.0324904
-364.507, 273.836, 0.0794647
-4147.31, 46.0726, 2.85488
-4151.31, 46.0726, 2.85773
-353.771, 214.359, 0.130017
-330.366, 175.879, 0.193148
-330.295, 175.879, 0.193341
-184.664, 90.1079, 0.742572
-290.273, 149.316, 0.268446
-290.144, 149.316, 0.268715
-159.241, 101.374, 0.585958
-367.958, 694.124, 0.0637536
-367.956, 694.124, 0.0638174
-358.247, 445.038, 0.156071
-7151.54, 74.8281, 5.60524
-7154.54, 74.8281, 5.61085
-357.903, 442.219, 0.158077
-357.531, 438.921, 0.160151
-357.508, 438.921, 0.160311
-187.537, 181.409, 0.947461
-352.015, 405.105, 0.18815
-351.982, 405.105, 0.188338
-168.692, 213.748, 0.68138
-161.243, 200.635, 0.772278
-161.27, 200.635, 0.773051
-368.593, 694.818, 0.0437503
-363.94, 444.455, 0.107086
-363.929, 444.455, 0.107193
-5539.39, 74.7866, 3.84356
-356.022, 368.117, 0.156337
-355.996, 368.117, 0.156494
-343.082, 319.209, 0.208567
-185.882, 154.353, 0.895343
-186.139, 154.353, 0.896239
-323.134, 282.161, 0.267193
-160.04, 175.533, 0.691605
-160.011, 175.533, 0.692297
-369.055, 694.818, 0.0188756
-368.175, 444.125, 0.046184
-368.173, 444.125, 0.0462302
-1514.78, 74.5096, 1.6552
-355.094, 258.92, 0.136159
-355.067, 258.92, 0.136295
-167.1, 129.05, 0.55064
-159.03, 119.036, 0.646083
-159.024, 119.036, 0.64673
-158.982, 118.495, 0.653306
-368.91, 694.124, 0.0290373
-368.909, 694.124, 0.0290664
-366.843, 444.753, 0.0710619
-3374.26, 74.5894, 2.54891
-3379.35, 74.5894, 2.55146
-345.968, 277.549, 0.182995
-169.76, 156.58, 0.575817
-169.638, 156.58, 0.576393
-161.157, 149.703, 0.631367
-160.428, 147.763, 0.646811
-160.404, 147.763, 0.647458
-612.645, 105.089, 1.284
-159.925, 146.153, 0.661179
-159.908, 146.153, 0.66184
-159.589, 144.171, 0.680912
-235.03, 122.965, 0.935037
-235.58, 122.965, 0.935972
-159.589, 144.171, 0.680912
-368.273, 694.124, 0.054744
-368.271, 694.124, 0.0547988
-361.056, 444.979, 0.134007
-6590.53, 74.7791, 4.81155
-6594.85, 74.7791, 4.81636
-360.581, 439.836, 0.137174
-359.985, 433.5, 0.140947
-359.967, 433.5, 0.141088
-165.625, 180.227, 0.823513
-348.507, 366.583, 0.197397
-348.468, 366.583, 0.197595
-161.242, 193.344, 0.715112
-369.144, 694.124, 0.00734162
-369.144, 694.124, 0.00734897
-369.011, 443.938, 0.0179504
-165.415, 73.9085, 0.641505
-165.56, 73.9085, 0.642146
-369.008, 442.113, 0.0180986
-237.612, 104.891, 0.31897
-237.435, 104.891, 0.319289
-156.549, 79.956, 0.549409
-366.867, 694.124, 0.0882172
-366.862, 694.124, 0.0883054
-348.732, 445.181, 0.215993
-7709.96, 74.9487, 7.7623
-7709.86, 74.9487, 7.77006
-348.228, 442.917, 0.21822
-347.683, 440.184, 0.22051
-347.642, 440.184, 0.220731
-386.402, 181.817, 1.30831
-229.31, 283.007, 0.53617
-229.129, 283.007, 0.536706
-164.346, 225.966, 0.844905
-166.391, 240.515, 0.743743
-166.312, 240.515, 0.744487
-164.346, 225.966, 0.844905
-368.693, 694.124, 0.0397159
-368.692, 694.124, 0.0397557
-364.851, 444.866, 0.0972073
-5035.51, 74.6835, 3.48848
-5040.77, 74.6835, 3.49197
-348.102, 321.242, 0.186874
-288.98, 238.354, 0.339522
-288.849, 238.354, 0.339861
-257.695, 219.177, 0.402595
-403.552, 127.877, 1.18509
-404.624, 127.877, 1.18628
-165.676, 174.98, 0.632718
-160.009, 163.46, 0.723966
-160.027, 163.46, 0.72469
-367.46, 694.818, 0.0759323
-353.828, 444.666, 0.1859
-353.798, 444.666, 0.186086
-7577.19, 74.9646, 6.67873
-353.406, 442.176, 0.188011
-353.376, 442.176, 0.188199
-352.98, 440.091, 0.190189
-259.368, 181.453, 1.12704
-259.987, 181.453, 1.12817
-349.102, 420.841, 0.208084
-174.25, 233.474, 0.678944
-174.124, 233.474, 0.679623
-163.091, 213.298, 0.815881
-367.174, 694.124, 0.0820515
-367.17, 694.124, 0.0821336
-351.378, 445.146, 0.200889
-7671.58, 74.9194, 7.21837
-7672.66, 74.9194, 7.2256
-350.895, 442.671, 0.203154
-350.372, 439.722, 0.20549
-350.336, 439.722, 0.205696
-315.948, 181.686, 1.21791
-346.721, 423.681, 0.221436
-346.678, 423.681, 0.221658
-173.469, 240.416, 0.693406
-164.528, 218.553, 0.838273
-164.611, 218.553, 0.839112
-368.326, 694.818, 0.053118
-361.514, 444.524, 0.130025
-361.499, 444.524, 0.130155
-6465.61, 74.8446, 4.66834
-361.082, 439.578, 0.13298
-361.066, 439.578, 0.133113
-360.56, 434.344, 0.136492
-163.314, 180.12, 0.798243
-163.378, 180.12, 0.799042
-345.699, 352.875, 0.20717
-160.55, 189.394, 0.721667
-160.531, 189.394, 0.722389
-367.541, 694.818, 0.0740821
-354.541, 444.655, 0.181368
-354.513, 444.655, 0.18155
-7533.56, 74.9555, 6.5156
-354.157, 442.278, 0.183334
-354.128, 442.278, 0.183517
-353.77, 440.309, 0.185358
-244.603, 181.487, 1.09896
-245.154, 181.487, 1.10006
-349.782, 419.718, 0.204093
-174.148, 231.105, 0.67602
-174.023, 231.105, 0.676696
-162.72, 211.574, 0.80896
-369.015, 694.124, 0.0220959
-369.015, 694.124, 0.022118
-367.814, 444.643, 0.0540677
-2104.37, 74.4966, 1.93839
-2108.48, 74.4966, 1.94033
-351.817, 264.322, 0.153373
-164.338, 135.966, 0.580271
-164.285, 135.966, 0.580851
-160.323, 130.594, 0.630377
-159.262, 126.806, 0.667355
-159.266, 126.806, 0.668023
-366.363, 694.818, 0.0975454
-344.409, 444.788, 0.238847
-344.362, 444.788, 0.239086
-7677.76, 75.0673, 8.58558
-343.774, 442.417, 0.241429
-343.727, 442.417, 0.24167
-343.137, 440.455, 0.244088
-522.808, 181.653, 1.44763
-524.386, 181.653, 1.44908
-248.313, 307.937, 0.501546
-165.274, 234.651, 0.864866
-165.36, 234.651, 0.865731
-171.528, 255.908, 0.727854
-165.274, 234.651, 0.864866
-165.36, 234.651, 0.865731
-368.848, 694.818, 0.032458
-366.267, 444.35, 0.0794367
-366.262, 444.35, 0.0795161
-3954.29, 74.6985, 2.84983
-344.523, 286.337, 0.191855
-344.476, 286.337, 0.192047
-188.604, 172.556, 0.531115
-167.79, 162.632, 0.596945
-167.678, 162.632, 0.597542
-159.702, 152.45, 0.680999
-747.457, 106.607, 1.3931
-749.409, 106.607, 1.3945
-159.663, 151.924, 0.685744
-159.649, 151.439, 0.688774
-159.648, 151.439, 0.689463
-255.001, 127.188, 0.979557
-159.646, 151.247, 0.690523
-159.647, 151.247, 0.691214
-329.568, 13.5241, 0.0637536
-210.018, 11.3873, 0.170767
-209.838, 11.3873, 0.170938
-156.632, 5.75233, 8.7903
-437.862, 8.92941, 0.693326
-438.709, 8.92941, 0.69402
-71.8267, 6.03044, 6.69637
-44.4012, 6.26474, 5.3449
-44.3797, 6.26474, 5.35024
-346.441, 13.5241, 0.0437503
-266.976, 9.15734, 0.109922
-266.857, 9.15734, 0.110032
-307.175, 1.9346, 4.38028
-182.457, 4.27885, 0.666576
-182.67, 4.27885, 0.667243
-115.879, 5.30279, 0.401936
-103.666, 5.70714, 0.336921
-103.711, 5.70714, 0.337258
-364.455, 13.5241, 0.0188756
-339.426, 9.01374, 0.0471018
-339.385, 9.01374, 0.047149
-180.311, 1.78759, 1.82635
-308.286, 7.46771, 0.0720566
-308.198, 7.46771, 0.0721287
-57.4594, 2.7789, 0.67401
-46.2299, 2.54991, 0.816714
-46.2233, 2.54991, 0.817532
-42.7142, 2.3843, 0.952677
-358.475, 13.5105, 0.0290373
-358.455, 13.5105, 0.0290664
-310.994, 9.08252, 0.0726691
-249.526, 1.84573, 2.85051
-249.706, 1.84573, 2.85336
-212.177, 6.76249, 0.143388
-108.425, 3.41757, 0.689358
-108.506, 3.41757, 0.690048
-43.1157, 2.59411, 1.30413
-335.672, 13.5105, 0.054744
-335.639, 13.5105, 0.0547988
-245.744, 14.2692, 0.148596
-751.618, 17.6658, 8.06648
-749.58, 17.6658, 8.07455
-225.21, 14.3646, 0.168235
-203.978, 14.4535, 0.192245
-203.811, 14.4535, 0.192438
-1379.39, 15.9951, 1.24529
-158.901, 14.6712, 0.253946
-158.759, 14.6712, 0.254201
-134.06, 14.8931, 0.329662
-368.416, 13.5105, 0.00734162
-368.414, 13.5105, 0.00734897
-362.971, 8.95343, 0.018257
-94.1909, 1.71825, 0.698196
-94.2179, 1.71825, 0.698895
-357.932, 7.92517, 0.0239031
-63.5484, 2.27539, 0.375465
-63.4745, 2.27539, 0.37584
-59.4626, 2.09894, 0.449739
-306.726, 13.5105, 0.0882172
-306.631, 13.5105, 0.0883054
-152.56, 9.59138, 0.225634
-355.58, 2.42407, 9.65637
-355.634, 2.42407, 9.66603
-257.66, 6.84333, 0.5677
-118.937, 8.61934, 0.301339
-118.91, 8.61934, 0.30164
-350.095, 13.5241, 0.0397159
-280.321, 9.13466, 0.099681
-280.192, 9.13466, 0.0997807
-295.015, 1.91075, 3.95552
-164.302, 4.06391, 0.669301
-164.49, 4.06391, 0.669971
-319.183, 13.5241, 0.0759323
-177.185, 10.074, 0.197512
-177.004, 10.074, 0.197709
-322.945, 3.11707, 9.04181
-419.776, 6.65567, 0.761845
-420.391, 6.65567, 0.762607
-127.635, 9.15346, 0.270735
-119.45, 8.60607, 0.329876
-119.488, 8.60607, 0.330206
-313.204, 13.5241, 0.0820515
-164.301, 9.77542, 0.211356
-164.138, 9.77542, 0.211567
-344.957, 2.68177, 9.30511
-298.715, 6.78189, 0.615596
-299.263, 6.78189, 0.616212
-120.491, 8.75095, 0.293001
-337.065, 13.5105, 0.053118
-337.009, 13.5105, 0.0531711
-239.439, 9.21822, 0.133773
-328.126, 1.9878, 5.38116
-328.237, 1.9878, 5.38655
-195.89, 5.01683, 0.57952
-113.849, 6.82984, 0.274891
-113.787, 6.82984, 0.275166
-109.027, 6.25403, 0.340706
-320.878, 13.5105, 0.0740821
-320.81, 13.5105, 0.0741562
-181.849, 10.2057, 0.193394
-312.15, 3.30638, 8.98171
-312.304, 3.30638, 8.9907
-481.902, 6.61741, 0.84675
-132.714, 9.35459, 0.259336
-132.599, 9.35459, 0.259595
-130.951, 8.39891, 0.37572
-119.631, 8.89303, 0.308151
-119.617, 8.89303, 0.308459
-362.797, 13.5241, 0.0220959
-331.619, 9.0328, 0.0551891
-331.561, 9.0328, 0.0552444
-205.163, 1.80657, 2.14792
-271.067, 6.9819, 0.0991184
-270.933, 6.9819, 0.0992176
-69.9581, 2.95594, 0.701181
-50.3288, 2.66146, 0.888103
-50.3149, 2.66146, 0.888992
-44.2102, 2.54374, 0.986554
-80.3792, 2.14156, 1.45569
-80.4926, 2.14156, 1.45715
-44.2102, 2.54374, 0.986554
-296.318, 13.5105, 0.0975454
-296.206, 13.5105, 0.097643
-138.618, 9.41524, 0.247755
-362.759, 2.2095, 10.3107
-362.789, 2.2095, 10.321
-226.607, 7.01699, 0.528035
-118.636, 8.65018, 0.307355
-118.619, 8.65018, 0.307663
-356.014, 13.5241, 0.032458
-302.23, 9.09323, 0.0813062
-302.141, 9.09323, 0.0813875
-266.418, 1.86781, 3.20135
-146.881, 6.1384, 0.202269
-146.721, 6.1384, 0.202472
-128.775, 3.70716, 0.65295
-361.814, 109.074, 0.0637536
-361.799, 109.074, 0.0638174
-311.086, 70.4183, 0.156604
-555.864, 12.1723, 5.7016
-554.356, 12.1723, 5.70731
-300.848, 67.7791, 0.169355
-287.866, 64.9166, 0.184633
-287.735, 64.9166, 0.184818
-900.525, 28.1383, 1.02601
-194.87, 49.519, 0.321555
-194.704, 49.519, 0.321876
-150.223, 42.0878, 0.449619
-149.698, 41.2304, 0.468028
-149.713, 41.2304, 0.468496
-365.653, 109.183, 0.0437503
-339.434, 70.2436, 0.10739
-339.379, 70.2436, 0.107498
-1187.41, 12.0943, 3.89849
-337.252, 69.1724, 0.110811
-337.194, 69.1724, 0.110922
-334.824, 68.1291, 0.114534
-302.303, 28.6763, 0.668215
-303.088, 28.6763, 0.668883
-322.332, 63.5829, 0.131867
-156.738, 37.6736, 0.382895
-156.641, 37.6736, 0.383278
-147.593, 35.1496, 0.441998
-368.497, 109.074, 0.0188756
-368.495, 109.074, 0.0188945
-363.178, 70.1808, 0.0462893
-1579.9, 11.9684, 1.67416
-2783.9, 0.0133507, 0.00834484
-1136.75, 0.0284543, 0.00434523
-1137.7, 0.0284543, 0.00434958
-369.184, 0.590066, 0.000319443
-2846.35, 0.0133373, 0.00927163
-2846.85, 0.0133373, 0.00928091
-1243.19, 0.0290413, 0.00494139
-369.187, 0.649582, 0.000398678
-369.187, 0.649582, 0.000399077
-1214.34, 0.0133507, 0.0021615
-474.152, 0.027222, 0.00107262
-474.323, 0.027222, 0.0010737
-1484.15, 0.0133507, 0.00274871
-523.453, 0.0272661, 0.00136627
-523.698, 0.0272661, 0.00136764
-2622.36, 0.0133507, 0.00684324
-962.815, 0.0278936, 0.00348433
-963.608, 0.0278936, 0.00348782
-610.131, 0.0133507, 0.000880327
-393.185, 0.027141, 0.000435534
-393.222, 0.027141, 0.00043597
-997.144, 0.0133507, 0.00171145
-440.926, 0.0271899, 0.000848272
-441.045, 0.0271899, 0.00084912
-1850.53, 0.0133507, 0.00365504
-609.762, 0.0273477, 0.00182235
-610.13, 0.0273477, 0.00182418
-2397.47, 0.0133507, 0.0055592
-815.522, 0.0276033, 0.00279885
-816.153, 0.0276033, 0.00280165
-2825.33, 0.0133507, 0.0089256
-1203.92, 0.0287644, 0.0047075
-1204.92, 0.0287644, 0.00471221
-369.186, 0.622919, 0.000364253
-690.35, 0.0133373, 0.00106345
-690.825, 0.0133373, 0.00106451
-401.838, 0.0271799, 0.000526364
-2642.36, 0.0133373, 0.00698255
-2643.27, 0.0133373, 0.00698954
-978.063, 0.0279443, 0.00355844
-2676.02, 0.0133373, 0.00724833
-2676.88, 0.0133373, 0.00725558
-1008.84, 0.0280544, 0.00370992
-369.18, 0.546458, 0.000254609
-369.18, 0.546458, 0.000254864
-1992.35, 0.0133507, 0.00406207
-651.561, 0.0273883, 0.00202841
-651.985, 0.0273883, 0.00203044
-1722.33, 0.0133507, 0.00331828
-576.473, 0.027313, 0.0016523
-576.795, 0.027313, 0.00165395
-3017.23, 0.00473813, 0.00834484
-898.223, 0.00325006, 0.021079
-895.285, 0.00325006, 0.0211
-369.16, 0.000723098, 0.858169
-2991.21, 0.0047334, 0.00927163
-2990.93, 0.0047334, 0.00928091
-604.275, 0.00307636, 0.0228484
-369.16, 0.000546164, 0.842671
-369.16, 0.000546164, 0.843514
-2551.01, 0.00473813, 0.0021615
-888.93, 0.00969192, 0.00107613
-889.645, 0.00969192, 0.00107721
-2792.46, 0.00473813, 0.00274871
-1085.7, 0.00975585, 0.00137784
-1086.63, 0.00975585, 0.00137922
-369.201, 0.176225, 8.6992e-05
-3047.65, 0.0047334, 0.00684324
-3047.54, 0.0047334, 0.00685009
-2156.43, 0.00436638, 0.0185398
-369.16, 0.00314589, 0.998788
-369.16, 0.00314589, 0.999787
-1378.35, 0.00473813, 0.000880327
-502.884, 0.00962574, 0.000435236
-503.098, 0.00962574, 0.000435671
-2257.18, 0.00473813, 0.00171145
-741.891, 0.00966138, 0.000849319
-742.431, 0.00966138, 0.000850169
-2973.12, 0.00473813, 0.00365504
-1382.87, 0.00989726, 0.00186057
-1384.04, 0.00989726, 0.00186244
-369.231, 0.189373, 0.00012493
-3057.04, 0.0047334, 0.0055592
-3057.06, 0.0047334, 0.00556476
-2253.58, 0.0126966, 0.00469681
-369.98, 0.653989, 0.00239312
-369.982, 0.653989, 0.00239551
-3001.63, 0.00473813, 0.0089256
-686.883, 0.00312608, 0.0221715
-684.788, 0.00312608, 0.0221937
-369.16, 0.000595304, 0.844157
-1611.91, 0.0047334, 0.00106345
-1613.21, 0.0047334, 0.00106451
-549.471, 0.0096415, 0.00052611
-3045.5, 0.0047334, 0.00698255
-3045.39, 0.0047334, 0.00698954
-1975.4, 0.00410754, 0.018787
-369.16, 0.00231763, 0.984524
-369.16, 0.00231763, 0.985509
-3041, 0.00473813, 0.00724833
-1673.17, 0.00378253, 0.0192075
-1669.5, 0.00378253, 0.0192268
-369.16, 0.00154402, 0.947123
-3011.97, 0.0047334, 0.00406207
-3012.27, 0.0047334, 0.00406613
-1511.63, 0.0101694, 0.00213009
-369.248, 0.215579, 0.000161065
-369.248, 0.215579, 0.000161226
-2924.94, 0.00473813, 0.00331828
-1274.62, 0.00986497, 0.00168316
-1275.7, 0.00986497, 0.00168484
-369.219, 0.186303, 0.000111422
-2427.31, 0.0190377, 0.00834484
-2428.41, 0.0190377, 0.00835319
-839.581, 0.0398753, 0.00425123
-2537.97, 0.0190377, 0.00927163
-2538.95, 0.0190377, 0.00928091
-912.636, 0.0401726, 0.00476238
-897.955, 0.0190377, 0.0021615
-898.682, 0.0190377, 0.00216367
-427.024, 0.0389155, 0.00107318
-1095.49, 0.0190377, 0.00274871
-1096.42, 0.0190377, 0.00275146
-454.888, 0.0389647, 0.00136649
-2189.61, 0.0190377, 0.00684324
-2190.86, 0.0190377, 0.00685009
-723.904, 0.0395261, 0.00345327
-506.259, 0.0190377, 0.000880327
-506.479, 0.0190377, 0.000881208
-382.29, 0.0388162, 0.000435948
-749.44, 0.0190377, 0.00171145
-749.993, 0.0190377, 0.00171317
-408.448, 0.038879, 0.00084892
-1390.95, 0.0190377, 0.00365504
-1392.11, 0.0190377, 0.0036587
-504.903, 0.0387091, 0.00180498
-1918.55, 0.0190377, 0.0055592
-1919.89, 0.0190377, 0.00556476
-629.789, 0.0389348, 0.00276153
-2499.51, 0.0190377, 0.0089256
-2500.55, 0.0190377, 0.00893453
-885.249, 0.0400369, 0.0045674
-554.12, 0.0190377, 0.00106345
-554.41, 0.0190377, 0.00106451
-387.001, 0.0388306, 0.00052683
-2215.08, 0.0190377, 0.00698255
-2216.33, 0.0190377, 0.00698954
-734.444, 0.0395506, 0.0035259
-2261.6, 0.0190377, 0.00724833
-2262.84, 0.0190377, 0.00725558
-754.638, 0.0395948, 0.00366449
-1515.84, 0.0190377, 0.00406207
-1517.06, 0.0190377, 0.00406613
-529.623, 0.0390996, 0.0020266
-1283.63, 0.0190377, 0.00331828
-1284.7, 0.0190377, 0.0033216
-485.419, 0.0390232, 0.00165219
-1135.81, 0.0529372, 0.00834484
-1136.73, 0.0529372, 0.00835319
-460.029, 0.11012, 0.00421972
-1237.17, 0.0529372, 0.00927163
-1238.16, 0.0529372, 0.00928091
-476.72, 0.110379, 0.00470023
-477.056, 0.0529372, 0.0021615
-477.228, 0.0529372, 0.00216367
-379.003, 0.10886, 0.00107981
-527.365, 0.0529372, 0.00274871
-527.614, 0.0529372, 0.00275146
-383.874, 0.108955, 0.0013744
-966.83, 0.0529372, 0.00684324
-967.611, 0.0529372, 0.00685009
-435.102, 0.109766, 0.00344851
-393.855, 0.0529372, 0.000880327
-393.894, 0.0529372, 0.000881208
-371.681, 0.108743, 0.000439293
-443.067, 0.0529372, 0.00171145
-443.186, 0.0529372, 0.00171317
-376.066, 0.108805, 0.000854534
-614.87, 0.0529372, 0.00365504
-615.243, 0.0529372, 0.0036587
-392.663, 0.109113, 0.00183034
-821.169, 0.0529372, 0.0055592
-821.798, 0.0529372, 0.00556476
-416.056, 0.109486, 0.0027939
-1199.65, 0.0529372, 0.0089256
-1200.63, 0.0529372, 0.00893453
-470.388, 0.110245, 0.00451888
-402.981, 0.0529372, 0.00106345
-403.034, 0.0529372, 0.00106451
-372.325, 0.108768, 0.000530799
-982.593, 0.0529372, 0.00698255
-983.381, 0.0529372, 0.00698954
-437.334, 0.109587, 0.00351265
-1012.77, 0.0529372, 0.00724833
-1013.6, 0.0529372, 0.00725558
-441.531, 0.109852, 0.00365569
-657.029, 0.0529372, 0.00406207
-657.458, 0.0529372, 0.00406613
-397.107, 0.109187, 0.00203561
-581.197, 0.0529372, 0.00331828
-581.523, 0.0529372, 0.0033216
-389.206, 0.109058, 0.00166083
-994.657, 0.0616535, 0.00834484
-995.449, 0.0616535, 0.00835319
-438.619, 0.128428, 0.00422595
-1082.79, 0.0616535, 0.00927163
-1083.66, 0.0616535, 0.00928091
-451.517, 0.128659, 0.0047044
-452.618, 0.0616535, 0.0021615
-452.755, 0.0616535, 0.00216367
-376.78, 0.126988, 0.00108162
-492.093, 0.0616535, 0.00274871
-492.288, 0.0616535, 0.00275146
-380.339, 0.127116, 0.0013769
-850.646, 0.0616535, 0.00684324
-851.297, 0.0616535, 0.00685009
-419.427, 0.128036, 0.00345416
-388.104, 0.0616535, 0.000880327
-388.135, 0.0616535, 0.000881208
-371.037, 0.126805, 0.000439853
-426.184, 0.0616535, 0.00171145
-426.279, 0.0616535, 0.00171317
-374.323, 0.126894, 0.000855749
-561.579, 0.0616535, 0.00365504
-561.876, 0.0616535, 0.0036587
-387.007, 0.127296, 0.00183363
-729.23, 0.0616535, 0.0055592
-729.746, 0.0616535, 0.00556476
-404.854, 0.127715, 0.00279855
-1050.01, 0.0616535, 0.0089256
-1050.87, 0.0616535, 0.00893453
-446.616, 0.12853, 0.00452393
-395.091, 0.0616535, 0.00106345
-395.133, 0.0616535, 0.00106451
-371.728, 0.126878, 0.000531671
-863.994, 0.0616535, 0.00698255
-864.666, 0.0616535, 0.00698954
-421.145, 0.128042, 0.00352465
-889.492, 0.0616535, 0.00724833
-890.19, 0.0616535, 0.00725558
-424.405, 0.128113, 0.00366098
-595.421, 0.0616535, 0.00406207
-595.766, 0.0616535, 0.00406613
-390.559, 0.127377, 0.00203917
-534.717, 0.0616535, 0.00331828
-534.976, 0.0616535, 0.0033216
-384.396, 0.127221, 0.00166366
-3027.42, 0.00577287, 0.00834484
-3027.29, 0.00577287, 0.00835319
-1928.18, 0.0050824, 0.0224967
-369.16, 0.0030381, 1.18828
-369.16, 0.0030381, 1.18947
-3010.7, 0.00577865, 0.00927163
-1204.3, 0.0042574, 0.024034
-1200.82, 0.0042574, 0.024058
-369.16, 0.00126063, 1.08518
-2300.3, 0.00577287, 0.0021615
-2301.61, 0.00577287, 0.00216367
-759.693, 0.0118142, 0.00107446
-2593.15, 0.00577287, 0.00274871
-2594.26, 0.00577287, 0.00275146
-917.158, 0.0117854, 0.00136296
-3041.38, 0.00577287, 0.00684324
-3041.37, 0.00577287, 0.00685009
-2562.2, 0.015614, 0.0076343
-372.467, 0.831445, 0.0118249
-372.473, 0.831445, 0.0118367
-1162.78, 0.00577865, 0.000880327
-465.945, 0.0117386, 0.000435198
-466.102, 0.0117386, 0.000435633
-1981.5, 0.00577865, 0.00171145
-645.715, 0.0117741, 0.00084866
-646.136, 0.0117741, 0.000849509
-2851.39, 0.00577865, 0.00365504
-1166.04, 0.0119943, 0.00184782
-1167.03, 0.0119943, 0.00184967
-369.206, 0.223735, 0.000120706
-3026.48, 0.00577287, 0.0055592
-3026.64, 0.00577287, 0.00556476
-1673.96, 0.0131645, 0.00315166
-369.268, 0.354231, 0.000325571
-369.269, 0.354231, 0.000325897
-3017.5, 0.00577865, 0.0089256
-1426.61, 0.00445885, 0.0234529
-1422.99, 0.00445885, 0.0234764
-369.16, 0.00158847, 1.11798
-1366.63, 0.00577287, 0.00106345
-1367.8, 0.00577287, 0.00106451
-500.324, 0.011757, 0.000526026
-3041.07, 0.00577287, 0.00698255
-3041.05, 0.00577287, 0.00698954
-2784.39, 0.0149476, 0.00953048
-415.422, 0.668533, 0.0330764
-415.489, 0.668533, 0.0331095
-307.661, 43.8168, 0.130006
-3039.8, 0.00577287, 0.00724833
-3039.76, 0.00577287, 0.00725558
-2947.54, 0.0118432, 0.014545
-1451.38, 0.208739, 0.235836
-1450.64, 0.208739, 0.236072
-120.917, 20244.7, 16300.6
-2918.39, 0.00577287, 0.00406207
-2918.94, 0.00577287, 0.00406613
-1274.35, 0.0120596, 0.00206344
-369.216, 0.228521, 0.000137396
-369.216, 0.228521, 0.000137533
-2776.23, 0.00577865, 0.00331828
-1074.05, 0.0119317, 0.00166826
-1074.95, 0.0119317, 0.00166993
-369.198, 0.217959, 0.000106578
-2997.64, 0.00844037, 0.00834484
-2997.74, 0.00844037, 0.00835319
-1751.71, 0.0206534, 0.00532966
-369.235, 0.736788, 0.000886797
-369.235, 0.736788, 0.000887684
-3003.21, 0.00844881, 0.00927163
-2259.5, 0.0229167, 0.00883587
-2260.7, 0.0229167, 0.00884471
-368.021, 1.24667, 0.00728822
-1775.14, 0.00844037, 0.0021615
-1776.5, 0.00844037, 0.00216367
-588.343, 0.0171409, 0.00106613
-2102.11, 0.00844037, 0.00274871
-2103.47, 0.00844037, 0.00275146
-684.95, 0.0172907, 0.00136776
-2955.51, 0.00844037, 0.00684324
-2955.83, 0.00844037, 0.00685009
-1432.72, 0.0185308, 0.00368505
-369.22, 0.428404, 0.000309862
-369.22, 0.428404, 0.000310172
-845.633, 0.00844881, 0.000880327
-420.706, 0.0171646, 0.000435248
-420.791, 0.0171646, 0.000435684
-1474.17, 0.00844881, 0.00171145
-521.326, 0.0172054, 0.000848202
-521.568, 0.0172054, 0.000849051
-2468.38, 0.00844881, 0.00365504
-846.79, 0.0173651, 0.00182874
-847.461, 0.0173651, 0.00183056
-2856.07, 0.00844881, 0.0055592
-1199.24, 0.0177917, 0.00285531
-1200.27, 0.0177917, 0.00285817
-369.202, 0.351625, 0.000198709
-3002.44, 0.00844037, 0.0089256
-3002.48, 0.00844037, 0.00893453
-1993.65, 0.0222311, 0.0069304
-369.093, 1.06459, 0.00251907
-369.093, 1.06459, 0.00252159
-986.659, 0.00844881, 0.00106345
-439.559, 0.0171734, 0.000526057
-439.675, 0.0171734, 0.000526583
-2961.53, 0.00844881, 0.00698255
-1459.3, 0.0186139, 0.00378652
-1460.48, 0.0186139, 0.00379031
-369.222, 0.440734, 0.000327449
-2972.47, 0.00844037, 0.00724833
-2972.72, 0.00844037, 0.00725558
-1508.22, 0.018917, 0.00401044
-369.226, 0.474944, 0.000375846
-369.226, 0.474944, 0.000376222
-2587.66, 0.00844881, 0.00406207
-921.737, 0.0174226, 0.00203943
-922.493, 0.0174226, 0.00204147
-2349.57, 0.00844881, 0.00331828
-785.639, 0.0173261, 0.00165638
-786.232, 0.0173261, 0.00165803
-677.426, 0.0993345, 0.00834484
-398.092, 0.207736, 0.00425328
-398.137, 0.207736, 0.00425753
-727.442, 0.0993345, 0.00927163
-403.497, 0.208103, 0.00473483
-403.554, 0.208103, 0.00473957
-405.649, 0.0993345, 0.0021615
-372.331, 0.205901, 0.00109118
-372.336, 0.205901, 0.00109227
-423.446, 0.0993345, 0.00274871
-373.846, 0.205931, 0.00138782
-373.855, 0.205931, 0.00138921
-599.337, 0.0993345, 0.00684324
-390.022, 0.207246, 0.00347894
-390.055, 0.207246, 0.00348242
-377.494, 0.0993345, 0.000880327
-369.856, 0.206166, 0.00044502
-369.858, 0.206166, 0.000445465
-393.968, 0.0993345, 0.00171145
-371.498, 0.205911, 0.000864021
-371.5, 0.205911, 0.000864886
-455.433, 0.0993345, 0.00365504
-376.618, 0.206296, 0.00184893
-376.629, 0.206296, 0.00185078
-536.814, 0.0993345, 0.0055592
-383.936, 0.206861, 0.00282047
-383.96, 0.206861, 0.00282329
-708.67, 0.0993345, 0.0089256
-401.402, 0.207993, 0.00455547
-401.455, 0.207993, 0.00456003
-380.471, 0.0993345, 0.00106345
-370.158, 0.205585, 0.000535974
-370.16, 0.205585, 0.00053651
-606.399, 0.0993345, 0.00698255
-390.702, 0.207315, 0.00355107
-390.736, 0.207315, 0.00355462
-619.972, 0.0993345, 0.00724833
-392.048, 0.207382, 0.00368753
-392.086, 0.207382, 0.00369122
-471.392, 0.0993345, 0.00406207
-377.972, 0.206398, 0.00205592
-377.987, 0.206398, 0.00205798
-442.914, 0.0993345, 0.00331828
-375.656, 0.206185, 0.00167761
-375.665, 0.206185, 0.00167929
-783.298, 0.0820752, 0.00834484
-410.596, 0.171138, 0.00423966
-410.663, 0.171138, 0.0042439
-847.301, 0.0820752, 0.00927163
-418.401, 0.171412, 0.00471874
-418.483, 0.171412, 0.00472347
-420.171, 0.0820752, 0.0021615
-373.663, 0.169441, 0.00108651
-373.67, 0.169441, 0.0010876
-444.768, 0.0820752, 0.00274871
-375.979, 0.169596, 0.00138301
-375.989, 0.169596, 0.00138439
-681.641, 0.0820752, 0.00684324
-399.119, 0.170713, 0.00346741
-399.166, 0.170713, 0.00347087
-380.728, 0.0820752, 0.000880327
-370.207, 0.169184, 0.000441801
-370.209, 0.169184, 0.000442243
-403.888, 0.0820752, 0.00171145
-372.276, 0.169463, 0.000860405
-372.281, 0.169463, 0.000861266
-488.842, 0.0820752, 0.00365504
-379.805, 0.169817, 0.00184157
-379.823, 0.169817, 0.00184341
-598.816, 0.0820752, 0.0055592
-390.435, 0.170334, 0.00281007
-390.468, 0.170334, 0.00281288
-823.331, 0.0820752, 0.0089256
-415.392, 0.171296, 0.00453928
-415.468, 0.171296, 0.00454382
-384.971, 0.0820752, 0.00106345
-370.655, 0.169455, 0.000534606
-370.658, 0.169455, 0.000535141
-690.91, 0.0820752, 0.00698255
-400.09, 0.170711, 0.00353794
-400.139, 0.170711, 0.00354148
-708.666, 0.0820752, 0.00724833
-402.01, 0.170774, 0.00367409
-402.063, 0.170774, 0.00367776
-510.616, 0.0820752, 0.00406207
-381.949, 0.169906, 0.00204779
-381.968, 0.169906, 0.00204984
-471.71, 0.0820752, 0.00331828
-378.21, 0.169744, 0.00167114
-378.224, 0.169744, 0.00167281
-2717.25, 0.0144718, 0.00834484
-1059.56, 0.0306357, 0.00431158
-1060.44, 0.0306357, 0.0043159
-369.179, 0.618342, 0.000307264
-2791.84, 0.0144573, 0.00927163
-2792.46, 0.0144573, 0.00928091
-1157.34, 0.0311161, 0.00487225
-369.181, 0.664369, 0.000371556
-369.181, 0.664369, 0.000371928
-1132.78, 0.0144718, 0.0021615
-461.049, 0.0295092, 0.00107267
-461.197, 0.0295092, 0.00107375
-1386.79, 0.0144718, 0.00274871
-504.503, 0.0295554, 0.00136626
-504.719, 0.0295554, 0.00136762
-2534.57, 0.0144718, 0.00684324
-899.875, 0.0301513, 0.00347372
-900.592, 0.0301513, 0.0034772
-581.615, 0.0144718, 0.000880327
-390.012, 0.0294244, 0.000435599
-390.048, 0.0294244, 0.000436035
-931.925, 0.0144718, 0.00171145
-431.861, 0.0294786, 0.000848432
-431.963, 0.0294786, 0.000849281
-1740.37, 0.0144718, 0.00365504
-581.083, 0.0296351, 0.00182179
-581.411, 0.0296351, 0.00182361
-2293.39, 0.0144718, 0.0055592
-765.874, 0.0298827, 0.00279504
-766.445, 0.0298827, 0.00279783
-2766.37, 0.0144718, 0.0089256
-1121.48, 0.0309011, 0.00465772
-1122.41, 0.0309011, 0.00466238
-369.181, 0.645593, 0.000345396
-653.393, 0.0144573, 0.00106345
-653.823, 0.0144573, 0.00106451
-397.607, 0.0294653, 0.000526419
-2556.63, 0.0144573, 0.00698255
-2557.65, 0.0144573, 0.00698954
-913.892, 0.0302259, 0.00355011
-2594.08, 0.0144573, 0.00724833
-2595.06, 0.0144573, 0.00725558
-942.049, 0.0302902, 0.0036938
-1881.86, 0.0144573, 0.00406207
-1883.21, 0.0144573, 0.00406613
-617.968, 0.0297081, 0.00202772
-1616.76, 0.0144573, 0.00331828
-1618.03, 0.0144573, 0.0033216
-551.192, 0.0296336, 0.00165215
-891.167, 0.0701253, 0.00834484
-891.856, 0.0701253, 0.00835319
-424.261, 0.146252, 0.00423146
-968.072, 0.0701253, 0.00927163
-968.848, 0.0701253, 0.00928091
-434.595, 0.146453, 0.00470841
-436.14, 0.0701253, 0.0021615
-436.251, 0.0701253, 0.00216367
-375.242, 0.144689, 0.00108358
-468.14, 0.0701253, 0.00274871
-468.301, 0.0701253, 0.00275146
-377.999, 0.144811, 0.00137918
-767.154, 0.0701253, 0.00684324
-767.715, 0.0701253, 0.00685009
-409.034, 0.145809, 0.00345872
-384.417, 0.0701253, 0.000880327
-384.44, 0.0701253, 0.000881208
-370.605, 0.144711, 0.000441387
-414.844, 0.0701253, 0.00171145
-414.917, 0.0701253, 0.00171317
-373.232, 0.144699, 0.00085803
-524.941, 0.0701253, 0.00365504
-525.185, 0.0701253, 0.0036587
-383.354, 0.145024, 0.00183677
-664.279, 0.0701253, 0.0055592
-664.711, 0.0701253, 0.00556476
-397.463, 0.145498, 0.00280333
-939.402, 0.0701253, 0.0089256
-940.137, 0.0701253, 0.00893453
-430.637, 0.146427, 0.00453182
-389.956, 0.0701253, 0.00106345
-389.992, 0.0701253, 0.00106451
-371.217, 0.144467, 0.000532264
-778.517, 0.0701253, 0.00698255
-779.085, 0.0701253, 0.00698954
-410.376, 0.145882, 0.00353103
-800.354, 0.0701253, 0.00724833
-800.946, 0.0701253, 0.00725558
-412.913, 0.145951, 0.0036673
-552.805, 0.0701253, 0.00406207
-553.09, 0.0701253, 0.00406613
-385.972, 0.145115, 0.00204266
-502.915, 0.0701253, 0.00331828
-503.128, 0.0701253, 0.0033216
-381.305, 0.144942, 0.00166655
-2900.59, 0.01113, 0.00834484
-2901, 0.01113, 0.00835319
-1332.56, 0.0243693, 0.00447819
-369.2, 0.557268, 0.0003714
-369.2, 0.557268, 0.000371772
-2936.12, 0.0111411, 0.00927163
-1466.48, 0.0252511, 0.00522516
-1467.65, 0.0252511, 0.00523039
-369.201, 0.669656, 0.000527077
-1418.69, 0.01113, 0.0021615
-1419.86, 0.01113, 0.00216367
-510.079, 0.0227387, 0.00107258
-1719.76, 0.01113, 0.00274871
-1721.07, 0.01113, 0.00275146
-574.929, 0.0227818, 0.00136661
-2789.58, 0.01113, 0.00684324
-2790.28, 0.01113, 0.00685009
-1124.02, 0.0235424, 0.00352452
-369.19, 0.468928, 0.000248
-369.19, 0.468928, 0.000248249
-686.978, 0.0111411, 0.000880327
-401.602, 0.0226427, 0.000435409
-401.658, 0.0226427, 0.000435844
-1164.28, 0.0111411, 0.00171145
-466.053, 0.0226875, 0.000848177
-466.21, 0.0226875, 0.000849026
-2101.7, 0.0111411, 0.00365504
-687.056, 0.022838, 0.00182371
-687.525, 0.022838, 0.00182553
-2609.81, 0.0111411, 0.0055592
-945.631, 0.0231411, 0.00281261
-946.407, 0.0231411, 0.00281542
-2924.84, 0.0111411, 0.0089256
-1416.02, 0.0248717, 0.00492543
-1417.17, 0.0248717, 0.00493036
-369.201, 0.620841, 0.000456741
-788.889, 0.01113, 0.00106345
-789.486, 0.01113, 0.00106451
-413.446, 0.0226751, 0.000526211
-2803.54, 0.01113, 0.00698255
-2804.21, 0.01113, 0.00698954
-1143.4, 0.0236012, 0.00360643
-369.191, 0.474811, 0.000256645
-369.191, 0.474811, 0.000256902
-2827.1, 0.0111411, 0.00724833
-1181.39, 0.0236934, 0.00376476
-1182.37, 0.0236934, 0.00376853
-369.193, 0.487072, 0.00027399
-2242.98, 0.01113, 0.00406207
-2244.28, 0.01113, 0.00406613
-739.905, 0.022908, 0.00203113
-1972.54, 0.01113, 0.00331828
-1973.89, 0.01113, 0.0033216
-643.787, 0.0228299, 0.00165337
-1132.89, 0.0530927, 0.00834484
-1133.82, 0.0530927, 0.00835319
-459.564, 0.110438, 0.00421948
-1234.03, 0.0530927, 0.00927163
-1235.02, 0.0530927, 0.00928091
-476.173, 0.110696, 0.00469987
-476.531, 0.0530927, 0.0021615
-476.703, 0.0530927, 0.00216367
-378.952, 0.109184, 0.00107985
-526.605, 0.0530927, 0.00274871
-526.853, 0.0530927, 0.00275146
-383.803, 0.109278, 0.00137444
-964.395, 0.0530927, 0.00684324
-965.176, 0.0530927, 0.00685009
-434.757, 0.110085, 0.00344841
-393.737, 0.0530927, 0.000880327
-393.775, 0.0530927, 0.000881208
-371.673, 0.10907, 0.000439322
-442.708, 0.0530927, 0.00171145
-442.825, 0.0530927, 0.00171317
-376.027, 0.10913, 0.000854578
-613.728, 0.0530927, 0.00365504
-614.1, 0.0530927, 0.0036587
-392.545, 0.109436, 0.00183038
-819.222, 0.0530927, 0.0055592
-819.85, 0.0530927, 0.00556476
-415.814, 0.109807, 0.00279388
-1196.54, 0.0530927, 0.0089256
-1197.53, 0.0530927, 0.00893453
-469.883, 0.110259, 0.00450529
-402.821, 0.0530927, 0.00106345
-402.873, 0.0530927, 0.00106451
-372.311, 0.109095, 0.000530835
-980.147, 0.0530927, 0.00698255
-980.93, 0.0530927, 0.00698954
-436.98, 0.110154, 0.00352095
-1010.19, 0.0530927, 0.00724833
-1011.02, 0.0530927, 0.00725558
-441.161, 0.110171, 0.00365556
-655.711, 0.0530927, 0.00406207
-656.139, 0.0530927, 0.00406613
-396.959, 0.109509, 0.00203564
-580.202, 0.0530927, 0.00331828
-580.527, 0.0530927, 0.0033216
-389.097, 0.109381, 0.00166087
-997.163, 0.0614725, 0.00834484
-997.955, 0.0614725, 0.00835319
-438.98, 0.128056, 0.00422611
-1085.56, 0.0614725, 0.00927163
-1086.43, 0.0614725, 0.00928091
-451.943, 0.128288, 0.00470467
-453.039, 0.0614725, 0.0021615
-453.177, 0.0614725, 0.00216367
-376.815, 0.12661, 0.00108157
-492.695, 0.0614725, 0.00274871
-492.891, 0.0614725, 0.00275146
-380.4, 0.126738, 0.00137684
-852.691, 0.0614725, 0.00684324
-853.344, 0.0614725, 0.00685009
-419.697, 0.127662, 0.0034542
-388.201, 0.0614725, 0.000880327
-388.233, 0.0614725, 0.000881208
-371.048, 0.126425, 0.000439827
-426.478, 0.0614725, 0.00171145
-426.574, 0.0614725, 0.00171317
-374.351, 0.126516, 0.00085571
-562.499, 0.0614725, 0.00365504
-562.797, 0.0614725, 0.0036587
-387.103, 0.126919, 0.00183357
-730.84, 0.0614725, 0.0055592
-731.358, 0.0614725, 0.00556476
-405.044, 0.127339, 0.00279854
-1052.72, 0.0614725, 0.0089256
-1053.58, 0.0614725, 0.00893453
-447.025, 0.128159, 0.00452416
-395.22, 0.0614725, 0.00106345
-395.263, 0.0614725, 0.00106451
-371.737, 0.126497, 0.000531634
-866.105, 0.0614725, 0.00698255
-866.778, 0.0614725, 0.00698954
-421.425, 0.127668, 0.0035247
-891.687, 0.0614725, 0.00724833
-892.385, 0.0614725, 0.00725558
-424.691, 0.127739, 0.00366105
-596.489, 0.0614725, 0.00406207
-596.835, 0.0614725, 0.00406613
-390.664, 0.127, 0.00203912
-535.518, 0.0614725, 0.00331828
-535.778, 0.0614725, 0.0033216
-384.474, 0.126844, 0.0016636
-794.299, 0.0806516, 0.00834484
-794.88, 0.0806516, 0.00835319
-411.785, 0.16851, 0.00423975
-859.719, 0.0806516, 0.00927163
-860.372, 0.0806516, 0.00928091
-419.861, 0.168792, 0.00471923
-421.762, 0.0806516, 0.0021615
-421.85, 0.0806516, 0.00216367
-373.798, 0.166772, 0.00108608
-447.08, 0.0806516, 0.00274871
-447.207, 0.0806516, 0.00275146
-376.147, 0.166925, 0.00138246
-690.315, 0.0806516, 0.00684324
-690.782, 0.0806516, 0.00685009
-399.964, 0.167998, 0.00346541
-381.101, 0.0806516, 0.000880327
-381.122, 0.0806516, 0.000881208
-370.242, 0.166513, 0.00044161
-404.942, 0.0806516, 0.00171145
-405, 0.0806516, 0.00171317
-372.357, 0.166775, 0.000859958
-492.425, 0.0806516, 0.00365504
-492.621, 0.0806516, 0.0036587
-380.129, 0.167149, 0.00184091
-605.415, 0.0806516, 0.0055592
-605.771, 0.0806516, 0.00556476
-391.03, 0.167639, 0.00280871
-835.254, 0.0806516, 0.0089256
-835.883, 0.0806516, 0.00893453
-416.752, 0.168673, 0.0045396
-385.441, 0.0806516, 0.00106345
-385.466, 0.0806516, 0.00106451
-370.704, 0.166755, 0.000534286
-699.809, 0.0806516, 0.00698255
-700.285, 0.0806516, 0.00698954
-400.972, 0.168071, 0.00353762
-718.017, 0.0806516, 0.00724833
-718.516, 0.0806516, 0.00725558
-402.966, 0.168136, 0.00367381
-514.829, 0.0806516, 0.00406207
-515.058, 0.0806516, 0.00406613
-382.285, 0.167246, 0.00204717
-474.794, 0.0806516, 0.00331828
-474.963, 0.0806516, 0.0033216
-378.473, 0.167073, 0.00167049
