-43.1322,0.768828,0.759653
-123.752,2.01267,0.993382
-123.686,2.01267,0.994376
-39.7221,0.917459,0.797974
-46.3631,0.76806,0.483421
-46.3574,0.76806,0.483905
-143.006,2.07741,0.539243
-39.8408,0.926834,0.493511
-39.8405,0.926834,0.494005
-41.9938,0.768828,0.896725
-99.9666,1.96777,1.25858
-99.888,1.96777,1.25984
-39.6282,0.9177,0.95578
-44.5697,0.76806,0.629235
-44.5622,0.76806,0.629864
-141.875,2.04937,0.766185
-39.8504,0.916728,0.652
-39.8498,0.916728,0.652652
-47.196,0.768828,0.266559
-90.3642,2.08578,0.255072
-90.439,2.08578,0.255328
-39.6012,0.953926,0.264036
-42.3487,0.76806,0.851964
-42.3419,0.76806,0.852817
-107.988,1.98532,1.16891
-39.6598,0.916843,0.903773
-39.6593,0.916843,0.904677
-41.9894,0.768828,0.897337
-99.8207,1.96738,1.26014
-99.7422,1.96738,1.2614
-39.6282,0.917631,0.95652
-46.2352,0.76806,0.209256
-46.2406,0.76806,0.209465
-70.9157,2.08107,0.190882
-39.5607,0.970969,0.204777
-39.5606,0.970969,0.204982
-45.1666,0.768828,0.175271
-60.5043,2.07266,0.155382
-60.5469,2.07266,0.155538
-39.5895,0.984926,0.170082
-44.0495,0.76806,0.674251
-44.0419,0.76806,0.674926
-136.889,2.03834,0.841933
-39.8116,0.916181,0.701887
-39.8109,0.916181,0.702589
-41.7695,0.768828,0.929601
-94.453,1.9558,1.32641
-94.3754,1.9558,1.32773
-39.6132,0.917286,0.994162
-42.2121,0.76806,0.103322
-42.2167,0.76806,0.103425
-44.8746,2.05554,0.0861883
-39.7123,1.02111,0.098037
-39.7125,1.02111,0.0981351
-43,0.768828,0.773663
-121.439,2.00864,1.0189
-121.369,2.00864,1.01992
-39.7088,0.917725,0.813902
-47.4889,0.76806,0.295387
-47.4904,0.76806,0.295683
-100.111,2.08931,0.288528
-39.6514,0.946929,0.293937
-39.6514,0.946929,0.294231
-47.2762,0.768828,0.385204
-126.348,2.08585,0.402214
-126.423,2.08585,0.402616
-39.7563,0.936435,0.388504
-43.8125,0.76806,0.695767
-43.805,0.76806,0.696463
-133.999,2.03273,0.879085
-39.7917,0.916089,0.725898
-39.7911,0.916089,0.726624
-42.2858,0.768828,0.857418
-106.758,1.98143,1.17977
-106.679,1.98143,1.18095
-39.6497,0.917896,0.910146
-44.2825,0.76806,0.653753
-44.2749,0.76806,0.654407
-139.365,2.04352,0.807041
-39.8264,0.916656,0.679149
-39.8258,0.916656,0.679829
-44.0235,0.768828,0.145104
-52.7319,2.06571,0.125458
-52.7616,2.06571,0.125583
-39.6422,0.998712,0.139628
-45.0779,0.76806,0.587361
-45.0706,0.76806,0.587949
-144.861,2.05867,0.698199
-39.8738,0.918175,0.606055
-39.8733,0.918175,0.606662
-43.1901,0.768828,0.753634
-124.755,2.01446,0.982342
-124.69,2.01446,0.983325
-39.7245,0.917733,0.791214
-43.6899,0.76806,0.707204
-43.6824,0.76806,0.707912
-132.335,2.02958,0.899229
-39.7757,0.916574,0.738828
-39.7751,0.916574,0.739567
-43.0066,0.768828,0.772962
-121.559,2.00886,1.01759
-121.489,2.00886,1.01861
-39.7101,0.917634,0.813081
-44.3358,0.76806,0.649141
-44.3283,0.76806,0.649791
-139.86,2.04458,0.799411
-39.8302,0.916719,0.674059
-39.8296,0.916719,0.674733
-47.0001,0.768828,0.251066
-85.037,2.08449,0.23732
-85.1082,2.08449,0.237557
-39.5832,0.95758,0.247976
-42.542,0.786694,0.759653
-42.536,0.786694,0.760413
-136.425,2.08167,0.960527
-39.7239,0.918029,0.788494
-39.7233,0.918029,0.789283
-45.1045,0.787481,0.483421
-148.931,2.12895,0.531212
-148.98,2.12895,0.531743
-39.8019,0.929786,0.491086
-41.5929,0.786694,0.896725
-41.5876,0.786694,0.897623
-113.422,2.04603,1.20706
-39.6274,0.919095,0.94121
-39.627,0.919095,0.942152
-43.6662,0.787481,0.629235
-151.365,2.10689,0.747194
-151.346,2.10689,0.747941
-39.8223,0.919376,0.646462
-45.7824,0.786694,0.266559
-45.7849,0.786694,0.266826
-92.7375,2.13862,0.255359
-39.5945,0.955147,0.264346
-39.5945,0.955147,0.264611
-41.853,0.787481,0.851964
-120.946,2.05663,1.12343
-120.863,2.05663,1.12455
-39.6479,0.91981,0.890917
-41.5893,0.786694,0.897337
-41.584,0.786694,0.898235
-113.311,2.04583,1.20826
-39.627,0.919117,0.941911
-39.6265,0.919117,0.942853
-44.8613,0.787481,0.209256
-72.5002,2.1308,0.192274
-72.5605,2.1308,0.192467
-39.5604,0.971868,0.20555
-44.072,0.786694,0.175271
-44.0769,0.786694,0.175446
-61.7644,2.12781,0.157122
-39.5863,0.98377,0.171014
-39.5863,0.98377,0.171186
-43.2439,0.787481,0.674251
-147.395,2.09818,0.81867
-147.357,2.09818,0.819489
-39.7896,0.918656,0.69512
-41.4053,0.786694,0.929601
-41.4002,0.786694,0.930531
-107.806,2.03653,1.26966
-39.6113,0.919078,0.978269
-39.6109,0.919078,0.979247
-41.6213,0.787481,0.103322
-45.2172,2.10892,0.0875001
-45.2316,2.10892,0.0875877
-39.7197,1.02281,0.0988671
-42.4321,0.786694,0.773663
-42.4261,0.786694,0.774437
-134.257,2.0784,0.984541
-39.7115,0.918222,0.803947
-39.7109,0.918222,0.804751
-45.928,0.787481,0.295387
-102.844,2.13791,0.288776
-102.928,2.13791,0.289065
-39.6291,0.949754,0.294137
-45.9157,0.786694,0.385204
-45.9137,0.786694,0.38559
-130.666,2.13926,0.399038
-39.7439,0.937466,0.387596
-39.7439,0.937466,0.387984
-43.051,0.787481,0.695767
-144.938,2.09373,0.853665
-144.891,2.09373,0.854519
-39.7668,0.919018,0.718589
-41.8368,0.786694,0.857418
-41.8313,0.786694,0.858276
-120.257,2.05708,1.13369
-39.6491,0.919108,0.897108
-39.6486,0.919108,0.898006
-43.4332,0.787481,0.653753
-149.425,2.10229,0.785757
-149.395,2.10229,0.786543
-39.8075,0.918723,0.672883
-43.1321,0.786694,0.145104
-43.1371,0.786694,0.145249
-53.4793,2.12109,0.126781
-39.6425,0.998798,0.140461
-39.6425,0.998798,0.140602
-44.0769,0.787481,0.587361
-153.331,2.11423,0.682768
-153.331,2.11423,0.683451
-39.8413,0.9209,0.601525
-42.5902,0.786694,0.753634
-42.5841,0.786694,0.754388
-137.347,2.0831,0.95019
-39.7311,0.91775,0.781814
-39.7306,0.91775,0.782596
-42.951,0.787481,0.707204
-143.543,2.09141,0.87224
-143.494,2.09141,0.873113
-39.7635,0.918392,0.730924
-42.4375,0.786694,0.772962
-42.4316,0.786694,0.773736
-134.381,2.07862,0.98324
-39.7131,0.918093,0.803134
-39.7125,0.918093,0.803938
-43.4765,0.787481,0.649141
-149.822,2.10314,0.77852
-149.795,2.10314,0.779299
-39.8098,0.918888,0.667923
-45.6118,0.786694,0.251066
-45.6149,0.786694,0.251317
-87.2177,2.13752,0.23796
-39.5778,0.958883,0.248412
-39.5778,0.958883,0.24866
-53.8592,0.387506,0.759653
-39.5887,0.328424,2.03704
-39.5891,0.328424,2.03907
-85.4614,0.387506,0.483421
-41.4887,0.531557,1.24799
-41.478,0.531557,1.24924
-46.884,0.387506,0.896725
-39.6345,0.292137,2.34094
-39.6346,0.292137,2.34328
-65.1495,0.387506,0.629235
-39.5247,0.390378,1.71038
-39.5244,0.390378,1.71209
-128.722,0.387506,0.266559
-39.5943,0.992719,0.373159
-39.5943,0.992719,0.373533
-48.7327,0.387506,0.851964
-39.6259,0.301963,2.2444
-39.6261,0.301963,2.24665
-46.8612,0.387506,0.897337
-39.6346,0.291637,2.34136
-39.6347,0.291637,2.3437
-135.305,0.387506,0.209256
-40.2393,1.05123,0.218899
-40.2399,1.05123,0.219118
-134.098,0.387506,0.175271
-39.9939,1.04562,0.156596
-39.9944,1.04562,0.156753
-60.6189,0.387506,0.674251
-39.5286,0.364483,1.82948
-39.5289,0.364483,1.83131
-45.7416,0.387506,0.929601
-39.6386,0.285564,2.4099
-39.6387,0.285564,2.41232
-107.094,0.387506,0.103322
-39.6262,0.982278,0.0717503
-39.6262,0.982278,0.0718221
-52.9503,0.387506,0.773663
-39.5966,0.32375,2.06943
-39.5969,0.32375,2.0715
-123.323,0.387506,0.295387
-39.7745,0.932529,0.475705
-39.7742,0.932529,0.476181
-104.324,0.387506,0.385204
-43.9394,0.712472,0.850793
-43.9286,0.712472,0.851644
-58.7028,0.387506,0.695767
-39.5434,0.354216,1.88383
-39.5437,0.354216,1.88571
-48.4876,0.387506,0.857418
-39.6272,0.30052,2.25597
-39.6274,0.30052,2.25823
-62.5911,0.387506,0.653753
-39.5196,0.375991,1.77633
-39.5197,0.375991,1.77811
-127.632,0.387506,0.145104
-39.7483,1.02453,0.115325
-39.7485,1.02453,0.11544
-70.0549,0.387506,0.587361
-39.628,0.420307,1.59121
-39.6263,0.420307,1.5928
-54.2655,0.387506,0.753634
-39.585,0.330719,2.02319
-39.5853,0.330719,2.02522
-57.7456,0.387506,0.707204
-39.552,0.349191,1.91216
-39.5523,0.349191,1.91407
-52.9946,0.387506,0.772962
-39.5961,0.324263,2.06815
-39.5964,0.324263,2.07022
-63.0555,0.387506,0.649141
-39.5189,0.378586,1.76411
-39.5189,0.378586,1.76588
-131.201,0.387506,0.251066
-39.8302,1.01735,0.324865
-39.8302,1.01735,0.32519
-40.8411,0.18364,0.759653
-39.6473,0.102939,1.71817
-39.6473,0.102939,1.71989
-66.3588,0.18364,0.483421
-39.6426,0.114456,1.16748
-39.6427,0.114456,1.16864
-39.6652,0.18364,0.896725
-39.6473,0.100343,1.99063
-39.6473,0.100343,1.99262
-45.8501,0.18364,0.629235
-39.6471,0.106716,1.45827
-39.6471,0.106716,1.45973
-171.632,0.18364,0.266559
-40.3003,0.158604,0.716906
-40.2909,0.158604,0.717624
-39.8535,0.18364,0.851964
-39.6473,0.101107,1.90203
-39.6473,0.101107,1.90394
-39.6634,0.18364,0.897337
-39.6473,0.100311,1.99149
-39.6473,0.100311,1.99349
-217.084,0.18364,0.209256
-58.0441,0.209906,0.563657
-57.9578,0.209906,0.564221
-244.245,0.18364,0.175271
-101.755,0.288249,0.427702
-101.629,0.288249,0.42813
-43.3346,0.18364,0.674251
-39.6472,0.1052,1.54798
-39.6472,0.1052,1.54953
-39.5888,0.18364,0.929601
-39.6473,0.0997738,2.05467
-39.6473,0.0997738,2.05673
-39.6147,0.151619,1.19304
-39.5214,0.172205,1.00946
-39.5216,0.172205,1.01047
-272.917,0.18364,0.103322
-65.7642,0.493095,0.0889533
-65.8035,0.493095,0.0890422
-40.6127,0.18364,0.773663
-39.6473,0.102626,1.74607
-39.6473,0.102626,1.74781
-150.938,0.18364,0.295387
-39.5824,0.14593,0.781917
-39.5808,0.14593,0.782699
-99.7759,0.18364,0.385204
-39.603,0.125112,0.970314
-39.6033,0.125112,0.971285
-42.4798,0.18364,0.695767
-39.6473,0.104568,1.59091
-39.6473,0.104568,1.5925
-39.8238,0.18364,0.857418
-39.6473,0.100985,1.9125
-39.6473,0.100985,1.91441
-44.3428,0.18364,0.653753
-39.6472,0.105854,1.50711
-39.6472,0.105854,1.50862
-264.63,0.18364,0.145104
-119.718,0.419029,0.254977
-119.692,0.419029,0.255232
-1515.93,11.4163,2.431
-48.3459,0.756289,0.381525
-48.3429,0.756289,0.381907
-49.392,0.18364,0.587361
-39.6469,0.108405,1.3748
-39.6469,0.108405,1.37617
-40.951,0.18364,0.753634
-39.6473,0.103083,1.70624
-39.6473,0.103083,1.70795
-42.0977,0.18364,0.707204
-39.6473,0.104248,1.61368
-39.6473,0.104248,1.61529
-40.6233,0.18364,0.772962
-39.6473,0.102641,1.74467
-39.6473,0.102641,1.74642
-44.5994,0.18364,0.649141
-39.6472,0.106011,1.49794
-39.6472,0.106011,1.49944
-183.472,0.18364,0.251066
-41.6306,0.167945,0.679804
-41.6111,0.167945,0.680484
-39.5434,0.135113,0.759653
-39.6473,0.071942,1.65253
-39.6473,0.071942,1.65419
-39.6185,0.113256,0.94465
-39.5216,0.129187,0.801934
-39.5218,0.129187,0.802736
-49.1307,0.135113,0.483421
-39.6472,0.0769616,1.10562
-39.6472,0.0769616,1.10672
-39.5472,0.135113,0.896725
-104.141,0.254931,0.414455
-103.999,0.254931,0.414869
-39.5451,0.13545,0.894021
-41.506,0.168403,0.685546
-41.4873,0.168403,0.686232
-39.5195,0.141152,0.850375
-40.4048,0.134978,0.629235
-40.3941,0.134978,0.629864
-39.6473,0.0738705,1.39639
-151.047,0.134978,0.266559
-150.798,0.134978,0.266826
-39.5608,0.0922461,0.671761
-39.5281,0.134978,0.851964
-39.5284,0.134978,0.852817
-112.317,0.253202,0.391268
-39.5272,0.135164,0.850515
-39.5275,0.135164,0.851366
-39.5234,0.140576,0.811138
-39.5192,0.137741,0.830843
-39.5193,0.137741,0.831674
-39.5475,0.135113,0.897337
-104.048,0.25492,0.414722
-103.906,0.25492,0.415137
-39.5453,0.135451,0.89462
-41.777,0.169677,0.679745
-41.7564,0.169677,0.680425
-39.5194,0.141265,0.850122
-211.532,0.134978,0.209256
-211.29,0.134978,0.209465
-39.9438,0.106226,0.552358
-252.041,0.134978,0.175271
-251.829,0.134978,0.175446
-46.8111,0.124455,0.474827
-39.8646,0.134978,0.674251
-39.8593,0.134978,0.674926
-39.6473,0.0732058,1.48595
-39.5629,0.134978,0.929601
-39.5633,0.134978,0.930531
-98.7675,0.256186,0.431043
-39.5602,0.135396,0.926151
-39.5607,0.135396,0.927078
-39.5571,0.135962,0.922632
-46.18,0.186446,0.63063
-46.1353,0.186446,0.631261
-39.5199,0.143549,0.864367
-326.211,0.134978,0.103322
-326.157,0.134978,0.103425
-155.193,0.340533,0.151301
-588.193,13.7269,0.695734
-589.153,13.7269,0.696431
-44.9805,0.787079,0.213785
-39.5298,0.134978,0.773663
-39.5293,0.134978,0.774437
-39.6473,0.0717179,1.67738
-39.6133,0.115269,0.938226
-39.6135,0.115269,0.939165
-39.5201,0.130947,0.80384
-126.064,0.134978,0.295387
-125.829,0.134978,0.295683
-39.6076,0.0883249,0.730288
-73.3972,0.134978,0.385204
-73.2455,0.134978,0.38559
-39.6448,0.0810094,0.909623
-39.7246,0.134978,0.695767
-39.721,0.134978,0.696463
-39.6473,0.0729014,1.5284
-39.5301,0.134978,0.857418
-39.5305,0.134978,0.858276
-111.249,0.253541,0.394199
-39.5291,0.135184,0.855805
-39.5294,0.135184,0.856661
-39.5279,0.141811,0.8077
-39.5197,0.137824,0.835611
-39.5199,0.137824,0.836447
-40.0658,0.135113,0.653753
-39.6473,0.0734284,1.44527
-39.6473,0.0734284,1.44672
-287.924,0.135113,0.145104
-89.3061,0.162985,0.387422
-89.1348,0.162985,0.38781
-39.6473,0.346833,19.6882
-41.418,0.134978,0.587361
-41.3989,0.134978,0.587949
-39.6473,0.0745929,1.31298
-39.5502,0.134978,0.753634
-39.5492,0.134978,0.754388
-39.6473,0.0721039,1.64109
-39.6199,0.112468,0.944814
-39.6201,0.112468,0.94576
-39.5219,0.128677,0.800616
-39.6708,0.134978,0.707204
-39.6679,0.134978,0.707912
-39.6473,0.0727616,1.55118
-39.5303,0.134978,0.772962
-39.5298,0.134978,0.773736
-39.6473,0.0717103,1.67571
-39.6137,0.115127,0.938735
-39.6139,0.115127,0.939674
-39.5202,0.130859,0.803765
-40.1147,0.134978,0.649141
-40.1067,0.134978,0.649791
-39.6473,0.0735614,1.43597
-166.086,0.134978,0.251066
-165.833,0.134978,0.251317
-39.5293,0.0951345,0.640441
-48.361,0.63756,0.759653
-48.3412,0.63756,0.760413
-50.1482,1.43084,1.37048
-39.5249,0.945565,1.01324
-39.5249,0.945565,1.01425
-57.8575,0.638198,0.483421
-90.78,1.66641,0.63792
-90.7707,1.66641,0.638558
-39.8232,0.925955,0.538246
-45.3351,0.63756,0.896725
-45.3187,0.63756,0.897623
-42.1767,1.28562,1.83087
-52.3219,0.63756,0.629235
-52.3001,0.63756,0.629864
-67.6602,1.55664,0.989557
-39.6487,0.92943,0.761962
-39.6483,0.92943,0.762725
-63.4302,0.638198,0.266559
-73.6125,1.73232,0.258833
-73.6564,1.73232,0.259092
-39.5628,0.96286,0.263353
-46.2075,0.63756,0.851964
-46.1899,0.63756,0.852817
-43.8396,1.33328,1.67524
-45.3239,0.63756,0.897337
-45.3075,0.63756,0.898235
-42.1535,1.28474,1.83336
-61.5938,0.63756,0.209256
-61.6063,0.63756,0.209465
-60.1204,1.72288,0.186105
-59.0215,0.63756,0.175271
-59.0377,0.63756,0.175446
-53.0898,1.71162,0.148837
-50.8279,0.63756,0.674251
-50.8065,0.63756,0.674926
-60.4462,1.51495,1.1146
-39.5857,0.934691,0.842221
-39.5854,0.934691,0.843064
-44.7444,0.638198,0.929601
-41.3162,1.24847,1.94942
-41.3119,1.24847,1.95137
-49.7277,0.638198,0.103322
-42.7443,1.67055,0.0789865
-42.7521,1.67055,0.0790655
-47.9755,0.638198,0.773663
-48.8042,1.41453,1.4155
-48.7866,1.41453,1.41692
-39.521,0.948123,1.04441
-63.6354,0.63756,0.295387
-63.6338,0.63756,0.295683
-80.2393,1.73462,0.299739
-39.5751,0.958787,0.297155
-39.5751,0.958787,0.297453
-61.611,0.638198,0.385204
-93.3354,1.71526,0.444574
-93.3613,1.71526,0.445019
-39.7073,0.940274,0.407443
-50.1611,0.63756,0.695767
-50.1401,0.63756,0.696463
-57.4502,1.49474,1.17625
-39.5633,0.937389,0.882555
-39.5631,0.937389,0.883438
-46.0768,0.638198,0.857418
-43.5594,1.32591,1.69428
-43.5504,1.32591,1.69598
-51.4522,0.638198,0.653753
-63.4476,1.53249,1.05703
-63.4173,1.53249,1.05809
-39.6066,0.933127,0.805017
-55.7268,0.63756,0.145104
-55.7446,0.63756,0.145249
-47.8559,1.69791,0.118065
-53.8273,0.63756,0.587361
-53.8054,0.63756,0.587949
-74.8994,1.59211,0.880935
-39.7166,0.925935,0.693047
-39.7161,0.925935,0.693741
-48.4916,0.638198,0.753634
-50.6486,1.4355,1.35166
-50.6286,1.4355,1.35302
-39.5255,0.945852,1.00034
-49.8192,0.63756,0.707204
-49.7983,0.63756,0.707912
-55.9005,1.48304,1.21065
-39.5527,0.939035,0.905228
-39.5525,0.939035,0.906134
-47.9931,0.638198,0.772962
-48.8672,1.41532,1.41319
-48.8496,1.41532,1.4146
-39.5211,0.948012,1.04277
-51.6448,0.63756,0.649141
-51.6232,0.63756,0.649791
-64.3464,1.53851,1.04395
-39.6187,0.931613,0.796668
-39.6184,0.931613,0.797465
-63.1597,0.638198,0.251066
-69.9465,1.73065,0.238139
-69.9888,1.73065,0.238377
-39.5591,0.965186,0.245628
-39.6469,0.0564875,0.759653
-39.6469,0.0564875,0.760413
-64.0328,0.111804,0.365495
-39.628,0.06737,0.628785
-39.6282,0.06737,0.629414
-39.5891,0.0836539,0.498963
-39.6208,0.0686376,0.616331
-39.621,0.0686376,0.616947
-39.523,0.0785032,0.534179
-39.5188,0.0798154,0.524197
-39.5188,0.0798154,0.524721
-39.5999,0.0565441,0.483421
-167.954,0.109369,0.228205
-167.668,0.109369,0.228434
-39.5988,0.0566303,0.482584
-39.5977,0.0566781,0.481575
-39.5981,0.0566781,0.482057
-48.6809,0.0788114,0.331509
-39.5306,0.0611021,0.442161
-39.5309,0.0611021,0.442603
-39.623,0.0660777,0.404992
-39.5192,0.062445,0.431373
-39.5193,0.062445,0.431805
-39.6473,0.0565441,0.896725
-47.8802,0.11235,0.433834
-47.8179,0.11235,0.434268
-39.6416,0.068881,0.72803
-39.5249,0.0887899,0.55623
-39.5245,0.0887899,0.556787
-39.6366,0.0711477,0.703559
-39.5239,0.0857466,0.577097
-39.5242,0.0857466,0.577675
-39.6433,0.0565441,0.629235
-97.8633,0.110868,0.300686
-97.6428,0.110868,0.300987
-39.6046,0.0641832,0.547703
-39.519,0.0722497,0.480581
-39.5189,0.0722497,0.481062
-39.5236,0.0708925,0.491203
-39.519,0.0722497,0.480581
-39.5189,0.0722497,0.481062
-46.3426,0.0565441,0.266559
-39.6473,0.0305416,0.586504
-39.6473,0.0305416,0.58709
-39.6472,0.0565441,0.851964
-51.5928,0.112156,0.411506
-51.5113,0.112156,0.411917
-39.6387,0.0685071,0.695004
-39.541,0.0874504,0.535835
-39.5401,0.0874504,0.536371
-39.6342,0.0700211,0.679069
-39.5267,0.0829618,0.566644
-39.527,0.0829618,0.567211
-39.5188,0.0849853,0.552926
-39.6473,0.0564875,0.897337
-39.6473,0.0564875,0.898235
-47.8816,0.112465,0.434139
-39.6417,0.0688168,0.728484
-39.6418,0.0688168,0.729213
-39.5251,0.0888953,0.556517
-39.6367,0.0711006,0.703799
-39.6368,0.0711006,0.704503
-39.5236,0.0858766,0.577193
-79.627,0.0564875,0.209256
-79.4017,0.0564875,0.209465
-39.6471,0.0316047,0.471986
-131.05,0.0564875,0.175271
-130.704,0.0564875,0.175446
-39.6453,0.0326233,0.404035
-39.6455,0.0564875,0.674251
-39.6455,0.0564875,0.674926
-83.5733,0.111302,0.323056
-39.6121,0.0656518,0.572641
-39.6124,0.0656518,0.573214
-39.5544,0.0774626,0.478957
-39.5914,0.0677529,0.553373
-39.5918,0.0677529,0.553927
-39.5195,0.0743403,0.500852
-39.5188,0.0747735,0.49716
-39.5188,0.0747735,0.497658
-39.6473,0.0565441,0.929601
-45.8312,0.112493,0.450282
-45.7807,0.112493,0.450732
-39.6432,0.069121,0.752513
-39.5195,0.0896415,0.571817
-39.5194,0.0896415,0.572389
-39.6323,0.073867,0.701723
-39.5196,0.0884717,0.579776
-39.5197,0.0884717,0.580356
-39.5197,0.0897312,0.571817
-326.725,0.0564875,0.103322
-326.411,0.0564875,0.103425
-39.6002,0.0384714,0.26001
-39.647,0.0564875,0.773663
-39.647,0.0564875,0.774437
-61.6524,0.111878,0.372465
-39.6301,0.0675677,0.638593
-39.6303,0.0675677,0.639232
-39.5839,0.0843755,0.503895
-39.6237,0.0688209,0.626145
-39.6239,0.0688209,0.626771
-39.5238,0.0791642,0.53951
-39.5188,0.0806067,0.528608
-39.5188,0.0806067,0.529137
-41.835,0.0565441,0.295387
-39.6473,0.0301913,0.644023
-39.6473,0.0301913,0.644668
-39.5216,0.0565441,0.385204
-39.6473,0.0290328,0.812477
-39.6473,0.0290328,0.81329
-39.611,0.0496235,0.44593
-39.5194,0.0556356,0.391825
-39.5195,0.0556356,0.392217
-39.6461,0.0565441,0.695767
-77.6417,0.111331,0.333753
-77.4665,0.111331,0.334087
-39.6161,0.0662612,0.585995
-39.5737,0.0793109,0.481827
-39.572,0.0793109,0.482309
-39.6016,0.0679324,0.570402
-39.5203,0.0753337,0.509428
-39.5205,0.0753337,0.509938
-39.5188,0.0761517,0.504052
-39.6472,0.0564875,0.857418
-39.6472,0.0564875,0.858276
-51.13,0.112292,0.414222
-39.6392,0.0684875,0.699006
-39.6392,0.0684875,0.699705
-39.5392,0.0877141,0.53826
-39.6348,0.0700504,0.682479
-39.6349,0.0700504,0.683162
-39.5263,0.0833478,0.568207
-39.5188,0.0851941,0.554569
-39.5188,0.0851941,0.555124
-39.6447,0.0565441,0.653753
-89.6264,0.11105,0.312871
-89.4225,0.11105,0.313184
-39.6081,0.0650979,0.560679
-39.5328,0.0752495,0.478219
-39.5321,0.0752495,0.478697
-39.5745,0.0680881,0.533888
-39.519,0.0732704,0.492318
-39.5191,0.0732704,0.492811
-202.845,0.0565441,0.145104
-39.6287,0.0340705,0.343857
-39.6289,0.0340705,0.344201
-39.639,0.0565441,0.587361
-114.209,0.110534,0.279907
-113.963,0.110534,0.280187
-39.6051,0.0619053,0.531459
-39.5529,0.0658795,0.495626
-39.5534,0.0658795,0.496122
-45.2065,0.0854196,0.372464
-39.5188,0.0693138,0.468584
-39.5189,0.0693138,0.469053
-39.6469,0.0565441,0.753634
-65.0246,0.111675,0.362548
-64.888,0.111675,0.362911
-39.6269,0.0673506,0.624617
-39.5893,0.083252,0.496955
-39.5874,0.083252,0.497453
-39.6192,0.0686301,0.612124
-39.5229,0.0781454,0.531904
-39.5232,0.0781454,0.532436
-39.5188,0.079558,0.522331
-39.6463,0.0564875,0.707204
-39.6463,0.0564875,0.707912
-74.9187,0.111511,0.339434
-39.6186,0.0664498,0.593332
-39.6188,0.0664498,0.593926
-39.5836,0.0803068,0.484009
-39.6063,0.067979,0.578918
-39.6066,0.067979,0.579497
-39.5206,0.0759751,0.513905
-39.5188,0.076761,0.507671
-39.5188,0.076761,0.508179
-39.647,0.0565441,0.772962
-61.6838,0.111763,0.372119
-61.5593,0.111763,0.372491
-39.6299,0.0676266,0.638094
-39.5828,0.0842594,0.503627
-39.581,0.0842594,0.50413
-39.6233,0.0688806,0.625658
-39.524,0.0790522,0.539248
-39.5243,0.0790522,0.539788
-39.5188,0.0806484,0.528388
-39.6445,0.0564875,0.649141
-39.6445,0.0564875,0.649791
-91.229,0.111124,0.31057
-39.6076,0.0648774,0.558102
-39.6079,0.0648774,0.558661
-39.5294,0.0748003,0.478346
-39.5692,0.0681997,0.528503
-39.5697,0.0681997,0.529032
-39.5189,0.0731219,0.490339
-50.9953,0.0564875,0.251066
-50.9008,0.0564875,0.251317
-39.6473,0.0307962,0.555537
-39.6471,0.054433,0.759653
-39.6471,0.054433,0.760413
-60.8414,0.107882,0.365953
-39.6317,0.0652513,0.625803
-39.6319,0.0652513,0.626429
-39.5822,0.0818206,0.491841
-39.626,0.0664093,0.614142
-39.6262,0.0664093,0.614757
-39.5246,0.0767139,0.526928
-39.5188,0.0782204,0.515532
-39.5188,0.0782204,0.516048
-39.6105,0.0544874,0.483421
-162.648,0.105641,0.228683
-162.358,0.105641,0.228912
-39.6095,0.0545747,0.482548
-39.6085,0.0546374,0.481379
-39.6088,0.0546374,0.481861
-46.8098,0.0760494,0.331788
-39.5402,0.0591645,0.440008
-39.5407,0.0591645,0.440448
-39.6073,0.0645077,0.39954
-39.5197,0.0610241,0.424901
-39.5199,0.0610241,0.425326
-39.6473,0.0544874,0.896725
-46.3292,0.108341,0.434125
-46.2752,0.108341,0.434559
-39.6431,0.0665749,0.726029
-39.5201,0.0862734,0.551901
-39.52,0.0862734,0.552453
-39.6353,0.0701973,0.6866
-39.5204,0.0847294,0.562506
-39.5206,0.0847294,0.563069
-39.5203,0.0863598,0.551901
-39.6446,0.054433,0.629235
-39.6446,0.054433,0.629864
-93.0987,0.107117,0.301135
-39.608,0.0625206,0.541031
-39.6083,0.0625206,0.541573
-39.5296,0.0720868,0.46375
-39.5702,0.065684,0.512686
-39.5706,0.065684,0.513199
-39.5189,0.0704625,0.475417
-44.6362,0.054433,0.266559
-44.5848,0.054433,0.266826
-39.6473,0.029327,0.584423
-39.6473,0.054433,0.851964
-39.6473,0.054433,0.852817
-49.6297,0.108294,0.411896
-39.6408,0.0661802,0.69283
-39.6408,0.0661802,0.693523
-39.5314,0.0851862,0.530978
-39.6366,0.0678671,0.674622
-39.6367,0.0678671,0.675297
-39.5259,0.0814719,0.556625
-39.6473,0.054433,0.897337
-39.6473,0.054433,0.898235
-46.3311,0.10845,0.434426
-39.6432,0.0665124,0.726483
-39.6432,0.0665124,0.72721
-39.5202,0.0863742,0.55219
-39.6352,0.0702005,0.686318
-39.6353,0.0702005,0.687005
-39.5202,0.0848688,0.562517
-39.5201,0.0862878,0.55219
-39.5199,0.0862878,0.552742
-74.0137,0.0544874,0.209256
-39.6472,0.0302411,0.469932
-39.6472,0.0302411,0.470402
-122.86,0.0544874,0.175271
-39.646,0.0311798,0.402104
-39.646,0.0311798,0.402506
-39.6461,0.0544874,0.674251
-79.0961,0.107311,0.323516
-78.9146,0.107311,0.323839
-39.6164,0.0638577,0.567885
-39.5757,0.0764477,0.466916
-39.574,0.0764477,0.467384
-39.6024,0.0654231,0.553199
-39.5204,0.0725742,0.493936
-39.5205,0.0725742,0.49443
-39.5188,0.0733794,0.488603
-39.6473,0.054433,0.929601
-39.6473,0.054433,0.930531
-44.6028,0.108541,0.450404
-39.6443,0.0667178,0.750534
-39.6443,0.0667178,0.751285
-39.5189,0.0871032,0.567646
-39.5514,0.090424,0.545174
-39.5502,0.090424,0.54572
-39.5189,0.0871032,0.567646
-321.637,0.054433,0.103322
-321.311,0.054433,0.103425
-39.5372,0.0363929,0.257955
-39.6471,0.054433,0.773663
-39.6471,0.054433,0.774437
-58.6497,0.10796,0.372955
-39.6336,0.0654232,0.635803
-39.6337,0.0654232,0.636439
-39.574,0.0824459,0.497289
-39.6284,0.0665944,0.623877
-39.6286,0.0665944,0.624502
-39.5254,0.0773741,0.532148
-39.5188,0.0789937,0.519958
-39.5188,0.0789937,0.520478
-41.1233,0.0544874,0.295387
-39.6473,0.0289771,0.641948
-39.6473,0.0289771,0.64259
-39.5195,0.0544874,0.385204
-234.117,0.10132,0.175952
-233.832,0.10132,0.176128
-39.5194,0.0544972,0.385117
-39.5188,0.0547788,0.38214
-39.5188,0.0547788,0.382523
-39.6465,0.0544874,0.695767
-73.5672,0.107442,0.334216
-73.4012,0.107442,0.334551
-39.6207,0.0643134,0.581863
-39.5897,0.0780877,0.47149
-39.5877,0.0780877,0.471962
-39.6103,0.0656595,0.56901
-39.5213,0.0736279,0.502357
-39.5215,0.0736279,0.502859
-39.5188,0.0746586,0.495417
-39.6473,0.054433,0.857418
-39.6473,0.054433,0.858276
-49.1708,0.108313,0.414602
-39.6411,0.0662231,0.696856
-39.6412,0.0662231,0.697554
-39.5294,0.0853406,0.533477
-39.6369,0.0680057,0.677554
-39.637,0.0680057,0.678231
-39.5254,0.0818171,0.557804
-39.6456,0.054433,0.653753
-39.6456,0.054433,0.654407
-85.1305,0.107287,0.313326
-39.6125,0.0632784,0.555172
-39.6128,0.0632784,0.555728
-39.5559,0.0746941,0.464204
-39.5925,0.0652456,0.537025
-39.5929,0.0652456,0.537563
-39.5195,0.0716366,0.485749
-39.5188,0.0720721,0.48204
-39.5188,0.0720721,0.482523
-194.082,0.0544874,0.145104
-39.6344,0.0324845,0.341694
-39.6345,0.0324845,0.342036
-39.6414,0.0544874,0.587361
-108.95,0.1067,0.280351
-108.708,0.1067,0.280631
-39.6041,0.060751,0.521166
-39.5293,0.0663347,0.472645
-39.5297,0.0663347,0.473118
-45.8541,0.0842144,0.364015
-39.522,0.068842,0.453763
-39.5217,0.068842,0.454217
-39.5192,0.0677666,0.46219
-39.647,0.054433,0.753634
-39.647,0.054433,0.754388
-61.8413,0.107863,0.362995
-39.6309,0.0651729,0.621586
-39.631,0.0651729,0.622208
-39.5849,0.081533,0.489684
-39.6249,0.0663342,0.609952
-39.6251,0.0663342,0.610563
-39.5242,0.0764383,0.524677
-39.5188,0.0778911,0.513666
-39.5188,0.0778911,0.51418
-39.6466,0.0544874,0.707204
-70.8982,0.107499,0.339878
-70.7404,0.107499,0.340218
-39.623,0.0645238,0.589504
-39.5929,0.0788521,0.474508
-39.5909,0.0788521,0.474983
-39.6138,0.0658007,0.577197
-39.5218,0.0741764,0.50679
-39.5221,0.0741764,0.507297
-39.5188,0.0753251,0.49901
-39.6471,0.054433,0.772962
-39.6471,0.054433,0.773736
-58.7572,0.107947,0.372574
-39.6335,0.065414,0.63528
-39.6336,0.065414,0.635915
-39.5745,0.0824138,0.49697
-39.6283,0.066583,0.623381
-39.6285,0.066583,0.624004
-39.5253,0.0773369,0.531871
-39.5188,0.0789514,0.519714
-39.5188,0.0789514,0.520234
-39.6454,0.0544874,0.649141
-86.431,0.10715,0.311034
-86.2311,0.10715,0.311345
-39.6113,0.0632133,0.552402
-39.5498,0.0741707,0.463835
-39.5487,0.0741707,0.464299
-39.5892,0.0653183,0.53309
-39.5195,0.0713398,0.483865
-39.5196,0.0713398,0.484349
-39.5188,0.0718651,0.480545
-48.5239,0.054433,0.251066
-48.4445,0.054433,0.251317
-39.6473,0.0295361,0.553519
-39.6473,0.0447278,0.759653
-39.6473,0.0447278,0.760413
-47.7245,0.0893366,0.368644
-39.6436,0.0547144,0.61519
-39.6436,0.0547144,0.615806
-39.5214,0.0711726,0.467656
-39.6392,0.0568067,0.591496
-39.6393,0.0568067,0.592087
-39.5223,0.0694055,0.480126
-39.5212,0.0711015,0.467656
-39.5209,0.0711015,0.468124
-39.6402,0.0447726,0.483421
-130.675,0.087702,0.230803
-130.382,0.087702,0.231034
-39.6102,0.0488859,0.438949
-39.563,0.0518124,0.411352
-39.5635,0.0518124,0.411763
-45.8069,0.067477,0.308125
-39.5195,0.0547595,0.387109
-39.5197,0.0547595,0.387496
-39.5188,0.0552148,0.384027
-39.6473,0.0447278,0.896725
-39.6473,0.0447278,0.897623
-41.1034,0.0912981,0.444572
-39.6466,0.0557573,0.721771
-39.6466,0.0557573,0.722494
-39.5443,0.0746979,0.541705
-39.5319,0.0801856,0.504682
-39.5313,0.0801856,0.505187
-39.5236,0.0769302,0.526223
-39.647,0.0447278,0.629235
-39.647,0.0447278,0.629864
-68.7488,0.0887064,0.303316
-39.6305,0.0534778,0.519993
-39.6306,0.0534778,0.520513
-39.6055,0.0667134,0.411113
-39.6254,0.0542736,0.51186
-39.6256,0.0542736,0.512372
-39.5247,0.0623182,0.44213
-39.5188,0.0635415,0.432589
-39.5188,0.0635415,0.433022
-40.2226,0.0447726,0.266559
-39.6473,0.0235854,0.574787
-39.6473,0.0235854,0.575362
-39.6473,0.0447726,0.851964
-42.3506,0.0901046,0.417285
-42.3217,0.0901046,0.417703
-39.6461,0.0553968,0.685772
-39.5302,0.0732527,0.51532
-39.5306,0.0732527,0.515836
-39.5481,0.0779664,0.48408
-39.5189,0.0751214,0.502259
-39.519,0.0751214,0.502761
-39.6473,0.0447726,0.897337
-41.0749,0.0912451,0.445065
-41.0568,0.0912451,0.44551
-39.6466,0.0558235,0.722318
-39.5449,0.0746568,0.542161
-39.5453,0.0746568,0.542704
-39.5323,0.0803153,0.505067
-39.5238,0.076905,0.526569
-39.5241,0.076905,0.527096
-51.3437,0.0447726,0.209256
-39.6473,0.0241789,0.460353
-39.6473,0.0241789,0.460814
-81.8068,0.0447726,0.175271
-39.6472,0.0247462,0.392416
-39.6472,0.0247462,0.392809
-39.6472,0.0447726,0.674251
-58.7834,0.088844,0.325796
-58.6616,0.088844,0.326122
-39.6369,0.054068,0.55207
-39.5696,0.0685956,0.428544
-39.5681,0.0685956,0.428973
-39.6335,0.0548795,0.543421
-39.5287,0.0642606,0.459243
-39.529,0.0642606,0.459703
-39.5188,0.0659962,0.446927
-39.6473,0.0447278,0.929601
-39.6473,0.0447278,0.930531
-286.493,0.0447726,0.103322
-39.5848,0.0276974,0.24852
-39.5852,0.0276974,0.248769
-39.6473,0.0447726,0.773663
-46.5329,0.0893339,0.375791
-46.4747,0.0893339,0.376167
-39.6442,0.054865,0.625748
-39.5192,0.0714365,0.474567
-39.5191,0.0714365,0.475042
-39.6347,0.058733,0.582796
-39.5194,0.0706785,0.479881
-39.5195,0.0706785,0.480361
-39.5193,0.071508,0.474567
-39.5991,0.0447278,0.295387
-39.5968,0.0447278,0.295683
-39.6473,0.0233666,0.631422
-39.6345,0.036252,0.377561
-39.6346,0.036252,0.377939
-39.5303,0.0418648,0.319492
-39.5916,0.0447278,0.385204
-39.592,0.0447278,0.38559
-203.955,0.0867478,0.181953
-39.5907,0.0447795,0.3847
-39.5911,0.0447795,0.385085
-39.5893,0.044879,0.384169
-53.2626,0.0623328,0.264388
-53.1571,0.0623328,0.264652
-39.5236,0.0482288,0.354054
-39.6472,0.0447278,0.695767
-39.6472,0.0447278,0.696463
-55.2553,0.0890303,0.33654
-39.6393,0.0542192,0.56775
-39.6394,0.0542192,0.568318
-39.5531,0.0694065,0.437822
-39.6363,0.0551026,0.558137
-39.6364,0.0551026,0.558695
-39.5293,0.0653424,0.466644
-39.5188,0.0670438,0.453661
-39.5188,0.0670438,0.454115
-39.6473,0.0447726,0.857418
-42.1639,0.0901984,0.420386
-42.1365,0.0901984,0.420807
-39.6462,0.05544,0.690051
-39.5318,0.0733967,0.518343
-39.5322,0.0733967,0.518862
-39.5462,0.0782284,0.486321
-39.5189,0.0754369,0.504101
-39.519,0.0754369,0.504605
-39.6471,0.0447726,0.653753
-62.852,0.0887398,0.315542
-62.7131,0.0887398,0.315858
-39.6342,0.0538434,0.537313
-39.587,0.0677823,0.420203
-39.5851,0.0677823,0.420623
-39.6302,0.0546277,0.529114
-39.5271,0.0633386,0.451615
-39.5274,0.0633386,0.452067
-39.5188,0.0649187,0.440405
-143.256,0.0447278,0.145104
-142.864,0.0447278,0.145249
-39.6459,0.0255638,0.332174
-39.6466,0.0447278,0.587361
-39.6466,0.0447278,0.587949
-81.3528,0.0884872,0.282478
-39.6221,0.0527851,0.491598
-39.6223,0.0527851,0.49209
-39.6019,0.0641884,0.398842
-39.6132,0.0537534,0.482089
-39.6134,0.0537534,0.482572
-39.5216,0.060416,0.425662
-39.5188,0.0612038,0.419327
-39.5188,0.0612038,0.419747
-39.6473,0.0447726,0.753634
-48.2139,0.0892207,0.365619
-48.1455,0.0892207,0.365985
-39.6433,0.0547285,0.610685
-39.5225,0.0709579,0.464749
-39.5222,0.0709579,0.465214
-39.6395,0.0565059,0.590578
-39.524,0.0688316,0.479798
-39.5242,0.0688316,0.480278
-39.5228,0.0710289,0.464749
-39.6473,0.0447278,0.707204
-39.6473,0.0447278,0.707912
-53.5816,0.0890831,0.342265
-39.6403,0.0543188,0.576159
-39.6404,0.0543188,0.576735
-39.5447,0.0697643,0.442947
-39.6374,0.0552676,0.565729
-39.6375,0.0552676,0.566295
-39.5294,0.0659242,0.470207
-39.5188,0.0676347,0.457189
-39.5188,0.0676347,0.457646
-39.6473,0.0447726,0.772962
-46.5863,0.089331,0.375439
-46.5278,0.089331,0.375814
-39.6441,0.0548605,0.625222
-39.5193,0.0714208,0.474225
-39.5192,0.0714208,0.474699
-39.6353,0.0585633,0.584014
-39.5195,0.0706081,0.479924
-39.5197,0.0706081,0.480405
-39.5194,0.0714923,0.474225
-39.6471,0.0447278,0.649141
-39.6471,0.0447278,0.649791
-63.9556,0.0888144,0.313269
-39.6337,0.0537364,0.534038
-39.6338,0.0537364,0.534572
-39.5923,0.0676554,0.418434
-39.6295,0.0545187,0.52589
-39.6297,0.0545187,0.526416
-39.5264,0.0632011,0.449872
-39.5188,0.0646132,0.438955
-39.5188,0.0646132,0.439394
-41.2039,0.0447726,0.251066
-39.6473,0.0237151,0.543837
-39.6473,0.0237151,0.544381
-46.9701,0.670309,0.759653
-62.974,1.59478,1.2487
-62.9378,1.59478,1.24995
-39.5884,0.928973,0.915775
-54.6234,0.669639,0.483421
-54.6082,0.669639,0.483905
-105.249,1.77643,0.604708
-39.8944,0.921877,0.520252
-39.8939,0.921877,0.520772
-44.4896,0.670309,0.896725
-48.3967,1.47533,1.65571
-48.3777,1.47533,1.65737
-39.5197,0.943217,1.16902
-50.2053,0.669639,0.629235
-50.1878,0.669639,0.629864
-85.1131,1.69351,0.915994
-39.7641,0.919518,0.715501
-39.7635,0.919518,0.716217
-58.3883,0.670309,0.266559
-77.8462,1.81895,0.256595
-77.8979,1.81895,0.256852
-39.5907,0.955895,0.262977
-45.2294,0.669639,0.851964
-45.2148,0.669639,0.852817
-52.1049,1.51691,1.5172
-39.5297,0.9378,1.08088
-39.5296,0.9378,1.08196
-44.4804,0.670309,0.897337
-48.329,1.47432,1.6583
-48.3101,1.47432,1.65996
-39.5196,0.943324,1.17063
-56.6864,0.669639,0.209256
-56.6972,0.669639,0.209465
-62.8097,1.81029,0.186746
-39.5624,0.969271,0.200576
-39.5623,0.969271,0.200777
-54.4395,0.670309,0.175271
-54.8549,1.79806,0.149925
-54.8846,1.79806,0.150075
-39.5811,0.980202,0.165048
-49.0028,0.669639,0.674251
-48.9855,0.669639,0.674926
-77.0312,1.66232,1.02462
-39.6993,0.921499,0.781101
-39.6988,0.921499,0.781882
-44.0122,0.670309,0.929601
-46.2698,1.44431,1.76239
-46.2544,1.44431,1.76415
-39.5189,0.944464,1.23657
-47.1929,0.669639,0.103322
-47.2052,0.669639,0.103425
-43.2497,1.76561,0.0805501
-46.7041,0.669639,0.773663
-46.6881,0.669639,0.774437
-61.1278,1.58479,1.28773
-39.5791,0.929427,0.939409
-39.5788,0.929427,0.940348
-58.5937,0.670309,0.295387
-85.1844,1.82026,0.294781
-85.2372,1.82026,0.295076
-39.6108,0.952367,0.295174
-57.4577,0.669639,0.385204
-57.4483,0.669639,0.38559
-102.508,1.81088,0.430397
-39.7336,0.938105,0.399976
-39.7335,0.938105,0.400376
-48.4283,0.670309,0.695767
-73.1025,1.64484,1.07886
-73.0615,1.64484,1.07994
-39.6622,0.923817,0.813699
-45.1369,0.669639,0.857418
-45.1224,0.669639,0.858276
-51.6009,1.512,1.53389
-39.528,0.938334,1.09133
-39.5279,0.938334,1.09242
-49.4982,0.670309,0.653753
-80.4546,1.67484,0.974797
-80.4137,1.67484,0.975772
-39.7194,0.921472,0.751005
-51.8552,0.669639,0.145104
-51.8699,0.669639,0.145249
-48.9637,1.7869,0.119214
-51.4077,0.669639,0.587361
-51.3903,0.669639,0.587949
-92.4642,1.72044,0.820225
-39.8227,0.918598,0.656965
-39.8221,0.918598,0.657622
-47.0989,0.670309,0.753634
-63.7923,1.59922,1.23277
-63.7555,1.59922,1.234
-39.5939,0.928499,0.906053
-48.186,0.669639,0.707204
-48.169,0.669639,0.707912
-71.2469,1.63733,1.10899
-39.653,0.923766,0.831627
-39.6526,0.923766,0.832459
-46.6916,0.670309,0.772962
-61.1094,1.58381,1.28574
-61.0747,1.58381,1.28703
-39.5762,0.930234,0.938176
-49.6614,0.669639,0.649141
-49.644,0.669639,0.649791
-81.4882,1.6798,0.963556
-39.7347,0.920316,0.744239
-39.7342,0.920316,0.744983
-58.1034,0.670309,0.251066
-73.7922,1.81729,0.237119
-73.8413,1.81729,0.237356
-39.575,0.959672,0.245961
-44.8443,0.239118,0.759653
-44.8098,0.239118,0.760413
-39.6469,0.144246,1.79928
-80.9424,0.239118,0.483421
-80.8163,0.239118,0.483905
-39.5962,0.172158,1.24268
-41.0172,0.239118,0.896725
-41.0037,0.239118,0.897623
-39.6473,0.138617,2.07222
-54.6556,0.239118,0.629235
-54.5844,0.239118,0.629864
-39.6434,0.153061,1.53914
-170.731,0.239118,0.266559
-170.585,0.239118,0.266826
-54.246,0.303678,0.704057
-41.8389,0.239118,0.851964
-41.8202,0.239118,0.852817
-39.6472,0.140186,1.98308
-41.008,0.239118,0.897337
-40.9946,0.239118,0.898235
-39.6473,0.1386,2.07346
-201.802,0.239118,0.209256
-201.695,0.239118,0.209465
-83.4129,0.458246,0.447628
-217.147,0.239118,0.175271
-217.083,0.239118,0.175446
-72.362,0.590374,0.269453
-50.2393,0.239118,0.674251
-50.1827,0.239118,0.674926
-39.6456,0.149502,1.62933
-40.5863,0.239118,0.929601
-40.5758,0.239118,0.930531
-39.6473,0.137583,2.13762
-212.448,0.239118,0.103322
-212.528,0.239118,0.103425
-46.5768,0.617712,0.0751717
-44.2385,0.239118,0.773663
-44.2069,0.239118,0.774437
-39.647,0.143552,1.82724
-155.242,0.239118,0.295387
-155.087,0.239118,0.295683
-44.9843,0.263353,0.799281
-113.342,0.239118,0.385204
-113.187,0.239118,0.38559
-39.545,0.200683,1.03083
-48.5579,0.239118,0.695767
-48.5076,0.239118,0.696463
-39.6461,0.147936,1.67177
-41.7215,0.239118,0.857418
-41.7035,0.239118,0.858276
-39.6472,0.139988,1.99398
-52.0877,0.239118,0.653753
-52.0247,0.239118,0.654407
-39.6448,0.150935,1.58775
-224.459,0.239118,0.145104
-224.446,0.239118,0.145249
-55.3972,0.649082,0.155504
-60.0854,0.239118,0.587361
-59.9991,0.239118,0.587949
-39.639,0.157184,1.45522
-45.1248,0.239118,0.753634
-45.089,0.239118,0.754388
-39.6469,0.144596,1.78756
-47.7617,0.239118,0.707204
-47.7146,0.239118,0.707912
-39.6463,0.147207,1.69462
-44.2673,0.239118,0.772962
-44.2356,0.239118,0.773736
-39.647,0.143598,1.82593
-52.5397,0.239118,0.649141
-52.4752,0.239118,0.649791
-39.6446,0.151284,1.57844
-179.255,0.239118,0.251066
-179.116,0.239118,0.251317
-62.1593,0.333536,0.644882
-44.2589,0.232158,0.759653
-44.2268,0.232158,0.760413
-39.647,0.138684,1.78883
-79.5931,0.232158,0.483421
-79.4665,0.232158,0.483905
-39.6065,0.163719,1.23341
-40.7707,0.232158,0.896725
-40.7588,0.232158,0.897623
-39.6473,0.133517,2.06141
-53.6003,0.232158,0.629235
-53.5314,0.232158,0.629864
-39.6445,0.146515,1.52806
-171.678,0.232158,0.266559
-171.526,0.232158,0.266826
-51.5445,0.279715,0.712136
-41.5036,0.232158,0.851964
-41.4868,0.232158,0.852817
-39.6473,0.134954,1.97232
-40.7626,0.232158,0.897337
-40.7508,0.232158,0.898235
-39.6473,0.1335,2.06264
-204.393,0.232158,0.209256
-204.279,0.232158,0.209465
-85.0194,0.420774,0.467902
-221.047,0.232158,0.175271
-220.974,0.232158,0.175446
-79.7024,0.555236,0.286477
-49.352,0.232158,0.674251
-49.2979,0.232158,0.674926
-39.6461,0.143399,1.61864
-40.3928,0.232158,0.929601
-40.3837,0.232158,0.930531
-39.6473,0.132573,2.12681
-219.518,0.232158,0.103322
-219.594,0.232158,0.103425
-47.8192,0.602824,0.0763657
-43.6969,0.232158,0.773663
-43.6676,0.232158,0.774437
-39.6471,0.138019,1.81652
-155.574,0.232158,0.295387
-155.413,0.232158,0.295683
-43.5411,0.244206,0.801958
-112.437,0.232158,0.385204
-112.279,0.232158,0.38559
-39.5231,0.189146,1.0249
-47.7509,0.232158,0.695767
-47.7031,0.232158,0.696463
-39.6465,0.141998,1.66115
-41.3981,0.232158,0.857418
-41.382,0.232158,0.858276
-39.6473,0.13477,1.98319
-51.1233,0.232158,0.653753
-51.0628,0.232158,0.654407
-39.6455,0.144822,1.57788
-229.728,0.232158,0.145104
-229.709,0.232158,0.145249
-59.0022,0.628199,0.161218
-58.8873,0.232158,0.587361
-58.8028,0.232158,0.587949
-39.6412,0.150172,1.44415
-44.5199,0.232158,0.753634
-44.4866,0.232158,0.754388
-39.647,0.138913,1.77642
-46.9965,0.232158,0.707204
-46.9519,0.232158,0.707912
-39.6466,0.141316,1.68384
-43.7235,0.232158,0.772962
-43.6941,0.232158,0.773736
-39.6471,0.138032,1.81498
-51.5581,0.232158,0.649141
-51.496,0.232158,0.649791
-39.6453,0.145144,1.56862
-180.586,0.232158,0.251066
-180.441,0.232158,0.251317
-59.0839,0.30594,0.65666
-39.6472,0.0491395,0.759653
-39.6472,0.0491395,0.760413
-53.1424,0.0977753,0.367312
-39.6395,0.0595963,0.619429
-39.6395,0.0595963,0.620049
-39.5454,0.0763619,0.47707
-39.636,0.0607186,0.607327
-39.6361,0.0607186,0.607934
-39.5282,0.0721981,0.506219
-39.5188,0.073975,0.492845
-39.5188,0.073975,0.493338
-39.6307,0.0491887,0.483421
-146.676,0.0959288,0.229884
-146.38,0.0959288,0.230114
-39.6259,0.0498772,0.476012
-39.6201,0.0505234,0.46873
-39.6203,0.0505234,0.469199
-43.8779,0.0696875,0.328258
-39.5569,0.0549167,0.427253
-39.5574,0.0549167,0.427681
-39.5697,0.0603391,0.385236
-39.52,0.0575928,0.405251
-39.5201,0.0575928,0.405656
-39.5188,0.0581643,0.401275
-39.6473,0.0491395,0.896725
-39.6473,0.0491395,0.897623
-43.0346,0.0985321,0.436797
-39.6456,0.0605669,0.722179
-39.6456,0.0605669,0.722902
-39.524,0.0797825,0.543489
-39.5511,0.0841197,0.51397
-39.5499,0.0841197,0.514485
-39.5188,0.0811165,0.534238
-39.6464,0.0491395,0.629235
-39.6464,0.0491395,0.629864
-79.8889,0.0971187,0.302337
-39.6199,0.0578393,0.527883
-39.6201,0.0578393,0.528411
-39.5914,0.0699725,0.430422
-39.6091,0.0590378,0.516345
-39.6094,0.0590378,0.516862
-39.521,0.0660764,0.457829
-39.5188,0.0668273,0.451801
-39.5188,0.0668273,0.452253
-41.5958,0.0491887,0.266559
-39.6473,0.0261557,0.579235
-39.6473,0.0261557,0.579814
-39.6473,0.0491887,0.851964
-45.1023,0.0981304,0.413764
-45.0546,0.0981304,0.414178
-39.6445,0.0603416,0.688242
-39.5188,0.0787157,0.520874
-39.5188,0.0787157,0.521395
-39.5193,0.079304,0.51738
-39.5188,0.0787157,0.520874
-39.5188,0.0787157,0.521395
-39.6473,0.0491887,0.897337
-42.9858,0.098447,0.437152
-42.9527,0.098447,0.437589
-39.6456,0.0606331,0.72266
-39.5244,0.0797216,0.543829
-39.5247,0.0797216,0.544373
-39.5519,0.0842389,0.514207
-39.5189,0.0810715,0.53446
-39.5189,0.0810715,0.534995
-60.4386,0.0491887,0.209256
-39.6473,0.0268898,0.464685
-39.6473,0.0268898,0.46515
-100.374,0.0491887,0.175271
-39.647,0.0276034,0.396736
-39.647,0.0276034,0.397133
-39.6469,0.0491887,0.674251
-67.7715,0.0972691,0.324736
-67.6186,0.0972691,0.325061
-39.6285,0.0586885,0.558173
-39.5992,0.0727762,0.442925
-39.5971,0.0727762,0.443369
-39.6224,0.0596553,0.548499
-39.5239,0.0681128,0.475449
-39.5242,0.0681128,0.475924
-39.5188,0.0694679,0.46603
-39.6473,0.0491395,0.929601
-39.6473,0.0491395,0.930531
-41.9569,0.0989043,0.454471
-39.6461,0.0607936,0.747486
-39.6462,0.0607936,0.748234
-39.5319,0.0805501,0.560844
-39.5414,0.0856129,0.526349
-39.5405,0.0856129,0.526876
-39.5189,0.0828854,0.54466
-305.032,0.0491395,0.103322
-304.668,0.0491395,0.103425
-39.5361,0.03149,0.252872
-39.6473,0.0491395,0.773663
-39.6473,0.0491395,0.774437
-51.5056,0.097838,0.374313
-39.6406,0.0597161,0.629745
-39.6406,0.0597161,0.630375
-39.5374,0.0767923,0.483391
-39.6372,0.0609556,0.616232
-39.6373,0.0609556,0.616849
-39.5278,0.0729633,0.510213
-39.5188,0.0747111,0.497094
-39.5188,0.0747111,0.497591
-39.9803,0.0491887,0.295387
-39.6473,0.0258931,0.636566
-39.6473,0.0258931,0.637203
-39.5527,0.0491887,0.385204
-218.089,0.0945267,0.180814
-217.783,0.0945267,0.180995
-39.5517,0.0492365,0.384772
-39.6567,0.0545327,0.341514
-39.6535,0.0545327,0.341855
-39.5211,0.0511244,0.368394
-39.6471,0.0491395,0.695767
-39.6471,0.0491395,0.696463
-63.2747,0.0974734,0.335444
-39.6321,0.0589219,0.573266
-39.6323,0.0589219,0.573839
-39.5901,0.0739154,0.450599
-39.6271,0.0598662,0.563625
-39.6273,0.0598662,0.564189
-39.5252,0.0691566,0.483749
-39.5188,0.0705793,0.47285
-39.5188,0.0705793,0.473323
-39.6473,0.0491887,0.857418
-44.8004,0.0981563,0.416518
-44.7547,0.0981563,0.416935
-39.6446,0.0603755,0.69235
-39.519,0.078834,0.523576
-39.5191,0.078834,0.5241
-39.5592,0.0822624,0.50135
-39.519,0.078834,0.523576
-39.5191,0.078834,0.5241
-39.6468,0.0491887,0.653753
-72.8127,0.0971484,0.3145
-72.6431,0.0971484,0.314814
-39.6247,0.0583597,0.544127
-39.6011,0.0715804,0.436541
-39.599,0.0715804,0.436978
-39.617,0.0593933,0.533968
-39.5225,0.0671655,0.467421
-39.5228,0.0671655,0.467889
-39.5188,0.0683083,0.459524
-168.088,0.0491395,0.145104
-167.683,0.0491395,0.145249
-39.6429,0.0286363,0.33646
-39.6453,0.0491395,0.587361
-39.6453,0.0491395,0.587949
-94.4172,0.0968557,0.281511
-39.6111,0.0567656,0.502222
-39.6114,0.0567656,0.502725
-39.5406,0.0661744,0.425667
-39.5847,0.0589337,0.482199
-39.5851,0.0589337,0.482682
-39.5192,0.0640795,0.440793
-39.5188,0.0643433,0.438356
-39.5188,0.0643433,0.438794
-39.6472,0.0491887,0.753634
-53.8352,0.0976497,0.364304
-53.7391,0.0976497,0.364668
-39.6389,0.0596024,0.615007
-39.5483,0.0760931,0.474384
-39.5472,0.0760931,0.474858
-39.6353,0.0606869,0.60338
-39.5285,0.0718131,0.504363
-39.5288,0.0718131,0.504867
-39.5188,0.0737323,0.490996
-39.6471,0.0491395,0.707204
-39.6471,0.0491395,0.707912
-61.0982,0.0975222,0.341118
-39.6338,0.0590611,0.581381
-39.6339,0.0590611,0.581963
-39.5826,0.0744237,0.454946
-39.6292,0.060008,0.571613
-39.6294,0.060008,0.572185
-39.526,0.0696726,0.488066
-39.5188,0.0711942,0.476454
-39.5188,0.0711942,0.476931
-39.6473,0.0491887,0.772962
-51.523,0.0977365,0.373961
-51.4384,0.0977365,0.374335
-39.6405,0.05977,0.629226
-39.5371,0.0766948,0.483068
-39.5363,0.0766948,0.483551
-39.637,0.0610033,0.615801
-39.5281,0.07285,0.510028
-39.5285,0.07285,0.510538
-39.5188,0.0747489,0.49688
-39.6467,0.0491395,0.649141
-39.6467,0.0491395,0.649791
-74.1485,0.0972339,0.312246
-39.624,0.0582247,0.541021
-39.6242,0.0582247,0.541562
-39.6024,0.0713706,0.43524
-39.6158,0.0592778,0.530704
-39.6161,0.0592778,0.531235
-39.522,0.0670215,0.465643
-39.5188,0.0679817,0.458091
-39.5188,0.0679817,0.45855
-43.6738,0.0491887,0.251066
-39.6473,0.0263123,0.548198
-39.6473,0.0263123,0.548747
-53.0039,0.514551,0.759653
-39.5642,0.746895,1.92069
-39.5636,0.746895,1.92261
-72.266,0.514551,0.483421
-42.8998,1.15597,0.868496
-42.8961,1.15597,0.869365
-47.7042,0.514551,0.896725
-39.5241,0.616642,2.39718
-39.5242,0.616642,2.39958
-60.4971,0.514551,0.629235
-39.5214,0.920646,1.41819
-39.5214,0.920646,1.4196
-90.132,0.514551,0.266559
-56.0288,1.39503,0.282171
-56.0443,1.39503,0.282454
-49.1898,0.514551,0.851964
-39.5192,0.653365,2.24926
-39.5191,0.653365,2.25151
-47.6854,0.514551,0.897337
-39.5244,0.615399,2.39971
-39.5245,0.615399,2.40211
-89.275,0.514551,0.209256
-49.7407,1.39143,0.190932
-49.7555,1.39143,0.191123
-85.6088,0.514551,0.175271
-45.9145,1.37527,0.14676
-45.9254,1.37527,0.146907
-57.6002,0.514551,0.674251
-39.5665,0.855675,1.59402
-39.566,0.855675,1.59562
-46.7438,0.514551,0.929601
-39.5362,0.592139,2.50164
-39.5364,0.592139,2.50414
-67.1037,0.514551,0.103322
-40.9094,1.32043,0.0741622
-40.9124,1.32043,0.0742364
-52.3533,0.514551,0.773663
-39.5545,0.731235,1.97233
-39.5539,0.731235,1.9743
-88.8831,0.514551,0.295387
-57.8853,1.38468,0.337862
-57.8979,1.38468,0.3382
-81.63,0.514551,0.385204
-53.5992,1.3029,0.556234
-53.5959,1.3029,0.556791
-42.8988,0.829826,0.46525
-56.3565,0.514036,0.695767
-56.3167,0.514036,0.696463
-39.5804,0.826436,1.67846
-49.0043,0.514036,0.857418
-48.9743,0.514036,0.858276
-39.5188,0.650157,2.26693
-58.9038,0.514036,0.653753
-58.8618,0.514036,0.654407
-39.5437,0.885537,1.51403
-79.8528,0.514036,0.145104
-79.8876,0.514036,0.145249
-43.3011,1.35721,0.113741
-63.5449,0.514036,0.587361
-63.5004,0.514036,0.587949
-39.5944,0.986897,1.25449
-53.307,0.514036,0.753634
-53.2706,0.514036,0.754388
-39.5677,0.754817,1.89805
-55.7129,0.514036,0.707204
-55.6737,0.514036,0.707912
-39.5825,0.812318,1.72157
-52.3985,0.514036,0.772962
-52.3632,0.514036,0.773736
-39.5547,0.733479,1.96901
-59.2014,0.514036,0.649141
-59.1593,0.514036,0.649791
-39.5384,0.892418,1.49576
-90.5536,0.514036,0.251066
-90.5518,0.514036,0.251317
-54.5684,1.39858,0.254302
-40.4021,0.870952,0.759653
-40.4003,0.870952,0.760413
-187.668,2.3542,0.852204
-39.6369,0.930884,0.765526
-39.6365,0.930884,0.766292
-41.1353,0.871823,0.483421
-174.149,2.36527,0.504823
-174.236,2.36527,0.505328
-39.6468,0.944167,0.485095
-40.1112,0.870952,0.896725
-40.1096,0.870952,0.897623
-173.094,2.34475,1.03726
-39.5796,0.931734,0.905672
-39.5793,0.931734,0.906578
-40.7289,0.871823,0.629235
-190.627,2.35929,0.683869
-190.648,2.35929,0.684553
-39.6612,0.935799,0.632969
-41.239,0.870952,0.266559
-41.2399,0.870952,0.266826
-103.042,2.36881,0.258744
-39.563,0.962714,0.265766
-39.563,0.962714,0.266032
-40.1846,0.871823,0.851964
-178.294,2.34569,0.975789
-178.219,2.34569,0.976766
-39.5914,0.932313,0.859828
-40.1101,0.870952,0.897337
-40.1085,0.870952,0.898235
-173.027,2.34473,1.03801
-39.5791,0.931807,0.906302
-39.5788,0.931807,0.907209
-40.9314,0.871823,0.209256
-79.5583,2.36417,0.198464
-79.6335,2.36417,0.198662
-39.5612,0.975655,0.208011
-40.7093,0.870952,0.175271
-40.7107,0.870952,0.175446
-66.9418,2.36466,0.164031
-39.5819,0.982215,0.173877
-39.5818,0.982215,0.174051
-40.6042,0.871823,0.674251
-191.048,2.35691,0.741096
-191.046,2.35691,0.741838
-39.6554,0.933874,0.678667
-40.0535,0.870952,0.929601
-40.0519,0.870952,0.930531
-168.649,2.34225,1.08291
-39.5672,0.932504,0.939458
-39.5669,0.932504,0.940397
-40.0525,0.871823,0.103322
-46.9118,2.35659,0.0938663
-46.9308,2.35659,0.0939602
-39.6702,1.00795,0.101887
-40.3686,0.870952,0.773663
-40.3668,0.870952,0.774437
-186.581,2.35331,0.870736
-39.6313,0.930755,0.779803
-39.631,0.930755,0.780583
-41.2859,0.871823,0.295387
-114.795,2.36708,0.289936
-114.902,2.36708,0.290226
-39.5705,0.959879,0.294858
-41.3512,0.870952,0.385204
-41.3508,0.870952,0.38559
-148.201,2.36968,0.39
-39.6322,0.948588,0.385612
-39.6321,0.948588,0.385997
-40.5467,0.871823,0.695767
-190.617,2.35571,0.768752
-190.605,2.35571,0.769521
-39.6509,0.933123,0.700523
-40.1862,0.870952,0.857418
-40.1845,0.870952,0.858276
-178.027,2.3476,0.983379
-39.595,0.931191,0.86539
-39.5947,0.931191,0.866256
-40.6603,0.871823,0.653753
-191.088,2.35802,0.714927
-191.095,2.35802,0.715642
-39.6572,0.934874,0.657866
-40.4477,0.870952,0.145104
-40.449,0.870952,0.145249
-57.1761,2.36264,0.134205
-39.6158,0.991361,0.14364
-39.6158,0.991361,0.143784
-40.8484,0.871823,0.587361
-188.42,2.36129,0.631441
-188.46,2.36129,0.632073
-39.6552,0.938721,0.59052
-40.4168,0.870952,0.753634
-40.4149,0.870952,0.754388
-188.103,2.35459,0.844232
-39.6384,0.931065,0.759403
-39.6381,0.931065,0.760163
-40.5168,0.871823,0.707204
-190.23,2.35504,0.783596
-190.213,2.35504,0.78438
-39.6505,0.93246,0.712125
-40.3702,0.870952,0.772962
-40.3684,0.870952,0.773736
-186.647,2.35338,0.869724
-39.6323,0.930661,0.779074
-39.6319,0.930661,0.779854
-40.6731,0.871823,0.649141
-191.044,2.35827,0.709058
-191.056,2.35827,0.709767
-39.6621,0.934551,0.653151
-41.1798,0.870952,0.251066
-41.1809,0.870952,0.251317
-96.5583,2.36828,0.242072
-39.5573,0.965784,0.25012
-39.5572,0.965784,0.25037
-41.8313,0.200365,0.759653
-39.6473,0.114509,1.74128
-39.6473,0.114509,1.74303
-71.6539,0.200365,0.483421
-39.6361,0.129707,1.19019
-39.6362,0.129707,1.19138
-39.9156,0.200365,0.896725
-39.6473,0.11124,2.01427
-39.6473,0.11124,2.01628
-48.4927,0.200365,0.629235
-39.6468,0.119435,1.4816
-39.6468,0.119435,1.48308
-173.233,0.200365,0.266559
-42.2577,0.192119,0.723974
-42.2348,0.192119,0.724698
-40.2653,0.200365,0.851964
-39.6473,0.112158,1.92505
-39.6473,0.112158,1.92698
-39.912,0.200365,0.897337
-39.6473,0.11121,2.01524
-39.6473,0.11121,2.01726
-214.034,0.200365,0.209256
-71.8285,0.268583,0.544221
-71.7249,0.268583,0.544766
-237.298,0.200365,0.175271
-107.134,0.377831,0.379399
-107.05,0.377831,0.379779
-45.2811,0.200365,0.674251
-39.6471,0.117447,1.57124
-39.6471,0.117447,1.57281
-39.755,0.200365,0.929601
-39.6473,0.110606,2.07941
-39.6473,0.110606,2.08149
-253.884,0.200365,0.103322
-56.9105,0.529711,0.0820936
-56.939,0.529711,0.0821757
-41.4886,0.200365,0.773663
-39.6473,0.11411,1.76922
-39.6473,0.11411,1.77099
-154.172,0.200365,0.295387
-40.0162,0.173806,0.794941
-40.0097,0.173806,0.795737
-105.544,0.200365,0.385204
-39.5667,0.144158,0.990661
-39.5671,0.144158,0.991652
-44.1407,0.200365,0.695767
-39.6472,0.11664,1.61429
-39.6472,0.11664,1.61591
-40.2125,0.200365,0.857418
-39.6473,0.112041,1.93594
-39.6473,0.112041,1.93788
-46.5902,0.200365,0.653753
-39.647,0.118285,1.53025
-39.647,0.118285,1.53178
-253.225,0.200365,0.145104
-91.5915,0.506849,0.210049
-91.6047,0.506849,0.21026
-52.7848,0.200365,0.587361
-39.6461,0.121616,1.39781
-39.6461,0.121616,1.39921
-41.9937,0.200365,0.753634
-39.6473,0.11469,1.72932
-39.6473,0.11469,1.73105
-43.6194,0.200365,0.707204
-39.6472,0.116199,1.63682
-39.6472,0.116199,1.63846
-41.5046,0.200365,0.772962
-39.6473,0.114129,1.76782
-39.6473,0.114129,1.76958
-46.9184,0.200365,0.649141
-39.647,0.11848,1.52101
-39.647,0.11848,1.52253
-184.013,0.200365,0.251066
-45.4407,0.205505,0.68223
-45.4011,0.205505,0.682913
-54.2194,0.451729,0.759653
-39.5188,0.492737,2.05697
-39.5188,0.492737,2.05903
-79.5278,0.451729,0.483421
-40.1877,0.836206,1.06211
-40.1854,0.836206,1.06317
-47.8681,0.451729,0.896725
-39.5891,0.416765,2.42984
-39.5894,0.416765,2.43227
-63.7073,0.451729,0.629235
-39.8791,0.61277,1.63038
-39.8762,0.61277,1.63201
-108.101,0.451729,0.266559
-46.4391,1.21145,0.312085
-46.4435,1.21145,0.312397
-49.6095,0.451729,0.851964
-39.5636,0.437815,2.31482
-39.5639,0.437815,2.31713
-47.8463,0.451729,0.897337
-39.5893,0.416716,2.43147
-39.5896,0.416716,2.4339
-109.752,0.451729,0.209256
-44.5099,1.22528,0.199442
-44.516,1.22528,0.199642
-106.51,0.451729,0.175271
-42.5552,1.21061,0.149063
-42.5598,1.21061,0.149212
-59.9812,0.451729,0.674251
-39.6451,0.563995,1.78724
-39.6436,0.563995,1.78903
-46.7622,0.451729,0.929601
-39.6038,0.403901,2.51137
-39.6041,0.403901,2.51389
-82.9644,0.451729,0.103322
-40.1056,1.14983,0.0725268
-40.1066,1.14983,0.0725994
-53.4208,0.451729,0.773663
-39.521,0.48266,2.09828
-39.5212,0.48266,2.10038
-105.254,0.451729,0.295387
-45.658,1.1843,0.384213
-45.6598,1.1843,0.384597
-93.1184,0.451729,0.385204
-40.0409,1.0334,0.674329
-40.0407,1.0334,0.675004
-58.3759,0.451729,0.695767
-39.5803,0.543399,1.85866
-39.5793,0.543399,1.86052
-49.3817,0.451729,0.857418
-39.5669,0.435151,2.32916
-39.5673,0.435151,2.33149
-61.6146,0.451729,0.653753
-39.7351,0.585258,1.71702
-39.7329,0.585258,1.71874
-99.7244,0.451729,0.145104
-41.2017,1.18899,0.113242
-41.2045,1.18899,0.113355
-67.6485,0.451729,0.587361
-40.1853,0.665535,1.47599
-40.1813,0.665535,1.47747
-54.5744,0.451729,0.753634
-39.519,0.496456,2.03927
-39.5189,0.496456,2.04131
-57.5663,0.451729,0.707204
-39.5574,0.533874,1.89523
-39.5567,0.533874,1.89712
-53.4598,0.451729,0.772962
-39.5208,0.483327,2.09618
-39.5209,0.483327,2.09828
-61.9965,0.451729,0.649141
-39.7593,0.5903,1.70091
-39.757,0.5903,1.70261
-109.186,0.451729,0.251066
-46.3037,1.22082,0.276889
-46.3091,1.22082,0.277166
-39.6473,0.000871645,0.759653
-39.6473,0.000870774,0.483421
-39.6473,0.000870774,0.483905
-39.6473,0.000871645,0.896725
-39.6473,0.000870774,0.629235
-39.6473,0.000870774,0.629864
-39.6473,0.000871645,0.266559
-39.6473,0.000870774,0.851964
-39.6473,0.000870774,0.852817
-39.6473,0.000871645,0.897337
-39.6473,0.000870774,0.209256
-39.6473,0.000870774,0.209465
-39.6473,0.000871645,0.175271
-39.6473,0.000870774,0.674251
-39.6473,0.000870774,0.674926
-39.6473,0.000871645,0.929601
-39.6473,0.000870774,0.103322
-39.6473,0.000870774,0.103425
-39.6473,0.000871645,0.773663
-39.6473,0.000870774,0.295387
-39.6473,0.000870774,0.295683
-39.6473,0.000871645,0.385204
-39.6473,0.000870774,0.695767
-39.6473,0.000870774,0.696463
-39.6473,0.000871645,0.857418
-39.6473,0.000870774,0.653753
-39.6473,0.000870774,0.654407
-39.6473,0.000871645,0.145104
-39.6473,0.000870774,0.587361
-39.6473,0.000870774,0.587949
-39.6473,0.000871645,0.753634
-39.6473,0.000870774,0.707204
-39.6473,0.000870774,0.707912
-39.6473,0.000871645,0.772962
-39.6473,0.000870774,0.649141
-39.6473,0.000870774,0.649791
-39.6473,0.000871645,0.251066
-39.6473,0.0325224,0.759653
-39.6473,0.0325224,0.760413
-39.6471,0.0325549,0.483421
-76.4253,0.06458,0.233519
-76.2194,0.06458,0.233753
-39.6331,0.0390087,0.399036
-39.6228,0.0487591,0.314611
-39.6201,0.0487591,0.314926
-39.6297,0.0394478,0.394327
-39.5274,0.0453578,0.339692
-39.5277,0.0453578,0.340032
-39.5189,0.0464893,0.33128
-39.6473,0.0325224,0.896725
-39.6473,0.0325224,0.897623
-39.6473,0.0325549,0.629235
-44.6177,0.0653266,0.307321
-44.5686,0.0653266,0.307628
-39.646,0.0401719,0.506993
-39.5226,0.0529007,0.381712
-39.5228,0.0529007,0.382094
-39.5811,0.0560608,0.359991
-39.5188,0.053561,0.376878
-39.5189,0.053561,0.377255
-39.548,0.0325549,0.266559
-278.049,0.0627528,0.125455
-277.705,0.0627528,0.12558
-39.5473,0.0325759,0.266362
-51.3615,0.041971,0.198969
-51.2579,0.041971,0.199168
-39.5209,0.0342237,0.25171
-39.6473,0.0325224,0.851964
-39.6473,0.0325224,0.852817
-39.6473,0.0325549,0.897337
-39.9843,0.0325224,0.209256
-39.9757,0.0325224,0.209465
-39.6473,0.017033,0.448267
-45.15,0.0325224,0.175271
-45.0886,0.0325224,0.175446
-39.6473,0.0173144,0.380618
-39.6473,0.0325224,0.674251
-39.6473,0.0325224,0.674926
-41.9462,0.0661832,0.333251
-39.6467,0.0404666,0.542685
-39.6467,0.0404666,0.543228
-39.5403,0.0540671,0.407374
-39.5454,0.058005,0.37952
-39.5443,0.058005,0.3799
-39.519,0.0560803,0.392846
-39.6473,0.0325224,0.929601
-39.6473,0.0325224,0.930531
-198.372,0.0325549,0.103322
-39.6447,0.0185973,0.236767
-39.6448,0.0185973,0.237004
-39.6473,0.0325549,0.773663
-39.5979,0.0325224,0.295387
-39.5983,0.0325224,0.295683
-240.522,0.0633077,0.139982
-39.5972,0.0325504,0.295102
-39.5976,0.0325504,0.295397
-39.5962,0.0326111,0.294816
-56.0133,0.0453917,0.203148
-55.8831,0.0453917,0.203351
-39.5255,0.0351365,0.271131
-39.6438,0.0325224,0.385204
-39.6438,0.0325224,0.38559
-141.183,0.064117,0.184659
-39.6146,0.0362876,0.342043
-39.6148,0.0362876,0.342385
-39.5379,0.0397116,0.310507
-47.5918,0.0504094,0.239453
-47.5175,0.0504094,0.239693
-39.5217,0.0414909,0.296089
-39.5199,0.0407627,0.301503
-39.52,0.0407627,0.301805
-39.6473,0.0325549,0.695767
-39.6473,0.0325224,0.857418
-39.6473,0.0325224,0.858276
-39.6473,0.0325549,0.653753
-42.9465,0.0656736,0.320958
-42.9105,0.0656736,0.32128
-39.6465,0.0403394,0.526205
-39.5314,0.0534609,0.395278
-39.5318,0.0534609,0.395674
-39.5613,0.0571215,0.37002
-39.519,0.0548018,0.385489
-39.5191,0.0548018,0.385875
-70.0183,0.0325549,0.145104
-39.6473,0.0176605,0.320342
-39.6473,0.0176605,0.320663
-39.6473,0.0325549,0.587361
-49.0697,0.0650361,0.285635
-48.9901,0.0650361,0.285921
-39.6446,0.03992,0.475077
-39.5207,0.0520326,0.36024
-39.5205,0.0520326,0.3606
-39.6419,0.0412131,0.459581
-39.5235,0.0507557,0.369672
-39.5238,0.0507557,0.370042
-39.5209,0.0520847,0.36024
-39.6473,0.0325224,0.753634
-39.6473,0.0325224,0.754388
-39.6473,0.0325549,0.707204
-39.6473,0.0325224,0.772962
-39.6473,0.0325224,0.773736
-39.6473,0.0325549,0.649141
-43.2234,0.065564,0.31817
-43.1851,0.065564,0.318488
-39.6464,0.0403002,0.522476
-39.5294,0.0533323,0.392523
-39.5298,0.0533323,0.392915
-39.5652,0.0569011,0.367871
-39.519,0.0545342,0.383725
-39.5191,0.0545342,0.384109
-39.5222,0.0325549,0.251066
-299.974,0.0619048,0.116794
-299.648,0.0619048,0.116911
-39.522,0.0325635,0.250986
-39.5192,0.0330344,0.246446
-39.5191,0.0330344,0.246692
-54.1827,0.455612,0.759653
-39.519,0.505179,2.05372
-39.519,0.505179,2.05578
-79.106,0.455612,0.483421
-40.0124,0.855919,1.04968
-40.0107,0.855919,1.05073
-47.8878,0.455612,0.896725
-39.5849,0.426048,2.43223
-39.5852,0.426048,2.43466
-63.5495,0.455612,0.629235
-39.8963,0.629585,1.62038
-39.8934,0.629585,1.622
-106.915,0.455612,0.266559
-47.0231,1.22362,0.309198
-47.0281,1.22362,0.309507
-49.6165,0.455612,0.851964
-39.5586,0.448361,2.31562
-39.559,0.448361,2.31793
-47.8661,0.455612,0.897337
-39.585,0.426382,2.43401
-39.5853,0.426382,2.43645
-108.354,0.455612,0.209256
-44.8123,1.23554,0.198548
-44.8189,1.23554,0.198747
-105.051,0.455612,0.175271
-42.7589,1.22092,0.148991
-42.7639,1.22092,0.14914
-59.875,0.455612,0.674251
-39.6625,0.578998,1.77972
-39.6609,0.578998,1.7815
-46.7885,0.455612,0.929601
-39.6004,0.41235,2.51459
-39.6007,0.41235,2.51711
-81.792,0.455612,0.103322
-40.1588,1.16163,0.0728465
-40.1599,1.16163,0.0729194
-53.3924,0.455612,0.773663
-39.5195,0.49568,2.09539
-39.5195,0.49568,2.09748
-104.191,0.455612,0.295387
-46.3847,1.19813,0.379832
-46.3869,1.19813,0.380212
-92.4077,0.455612,0.385204
-40.3754,1.05166,0.665301
-40.3749,1.05166,0.665967
-58.2903,0.455612,0.695767
-39.5941,0.558525,1.85168
-39.593,0.558525,1.85353
-49.3905,0.455612,0.857418
-39.562,0.445537,2.33017
-39.5623,0.445537,2.3325
-61.4863,0.455612,0.653753
-39.7554,0.601454,1.70805
-39.7532,0.601454,1.70976
-98.2947,0.455612,0.145104
-41.3326,1.1998,0.11346
-41.3358,1.1998,0.113574
-67.4315,0.455612,0.587361
-40.1728,0.684174,1.46383
-40.169,0.684174,1.4653
-54.5338,0.455612,0.753634
-39.5202,0.510187,2.03525
-39.5201,0.510187,2.03728
-57.4909,0.455612,0.707204
-39.5675,0.547515,1.88957
-39.5667,0.547515,1.89146
-53.4311,0.455612,0.772962
-39.5194,0.495504,2.09355
-39.5195,0.495504,2.09565
-61.8629,0.455612,0.649141
-39.7791,0.606234,1.69205
-39.7767,0.606234,1.69374
-107.936,0.455612,0.251066
-46.8009,1.23178,0.275797
-46.807,1.23178,0.276073
-51.0176,0.318692,0.759653
-39.6378,0.222308,1.93166
-39.6379,0.222308,1.9336
-87.9507,0.318692,0.483421
-39.6407,0.309985,1.31361
-39.6387,0.309985,1.31492
-44.4706,0.318692,0.896725
-39.6459,0.20674,2.20998
-39.6459,0.20674,2.21219
-63.1995,0.318692,0.629235
-39.5923,0.248722,1.6583
-39.5926,0.248722,1.65996
-151.135,0.318692,0.266559
-52.8063,0.680094,0.511159
-52.7915,0.680094,0.51167
-46.1029,0.318692,0.851964
-39.6446,0.211149,2.12034
-39.6447,0.211149,2.12247
-44.4511,0.318692,0.897337
-39.6459,0.20656,2.21056
-39.6459,0.20656,2.21277
-166.584,0.318692,0.209256
-42.8245,0.834774,0.27306
-42.8259,0.834774,0.273333
-170.528,0.318692,0.175271
-40.8881,0.865251,0.178856
-40.8897,0.865251,0.179035
-58.1321,0.318692,0.674251
-39.6168,0.237513,1.7541
-39.617,0.237513,1.75586
-43.5097,0.318692,0.929601
-39.6464,0.203998,2.27612
-39.6464,0.203998,2.2784
-145.678,0.318692,0.103322
-40.3119,0.807059,0.0715736
-40.3135,0.807059,0.0716452
-50.111,0.318692,0.773663
-39.6395,0.220307,1.96036
-39.6396,0.220307,1.96232
-141.794,0.318692,0.295387
-54.6139,0.592189,0.647044
-54.5854,0.592189,0.647691
-113.272,0.318692,0.385204
-43.7613,0.404564,1.01704
-43.7389,0.404564,1.01806
-56.0556,0.318692,0.695767
-39.6244,0.233216,1.79964
-39.6246,0.233216,1.80144
-45.8816,0.318692,0.857418
-39.6448,0.21042,2.13058
-39.6449,0.21042,2.13271
-60.3124,0.318692,0.653753
-39.6073,0.242238,1.7107
-39.6075,0.242238,1.71241
-167.323,0.318692,0.145104
-40.5412,0.852665,0.122206
-40.5428,0.852665,0.122328
-68.9013,0.318692,0.587361
-39.5583,0.261208,1.56534
-39.5586,0.261208,1.56691
-51.4272,0.318692,0.753634
-39.637,0.223356,1.91981
-39.637,0.223356,1.92173
-55.0348,0.318692,0.707204
-39.6277,0.231065,1.82359
-39.6279,0.231065,1.82541
-50.1548,0.318692,0.772962
-39.6394,0.220695,1.95994
-39.6394,0.220695,1.9619
-60.8316,0.318692,0.649141
-39.6047,0.243433,1.70099
-39.605,0.243433,1.70269
-155.904,0.318692,0.251066
-50.0498,0.728865,0.439682
-50.0425,0.728865,0.440122
-39.5309,0.116181,0.759653
-125.984,0.218817,0.350585
-125.813,0.218817,0.350936
-39.5299,0.116341,0.758377
-39.5315,0.122288,0.712771
-39.5309,0.122288,0.713484
-39.5188,0.119423,0.734573
-43.7244,0.116064,0.483421
-43.6876,0.116064,0.483905
-39.6473,0.0643652,1.08341
-39.5983,0.116064,0.896725
-39.5986,0.116064,0.897623
-97.3842,0.222689,0.419622
-39.5957,0.116504,0.892774
-39.596,0.116504,0.893667
-39.5918,0.117215,0.887496
-43.7328,0.161401,0.610256
-43.6994,0.161401,0.610867
-39.5321,0.126051,0.815316
-39.5262,0.13253,0.768092
-39.5258,0.13253,0.76886
-39.5199,0.129037,0.793336
-39.6658,0.116064,0.629235
-39.6628,0.116064,0.629864
-39.6473,0.0621703,1.37322
-133.213,0.116064,0.266559
-132.953,0.116064,0.266826
-39.6181,0.0739803,0.650633
-39.5794,0.116064,0.851964
-39.5798,0.116064,0.852817
-105.722,0.221794,0.397311
-39.5769,0.116417,0.848921
-39.5773,0.116417,0.849771
-39.5736,0.116939,0.845446
-45.6523,0.160887,0.579573
-45.608,0.160887,0.580153
-39.523,0.12465,0.784097
-39.5985,0.116064,0.897337
-39.5988,0.116064,0.898235
-97.276,0.2227,0.419927
-39.5959,0.116507,0.893363
-39.5962,0.116507,0.894257
-39.592,0.117222,0.888043
-43.7116,0.16141,0.610666
-43.6783,0.16141,0.611277
-39.5323,0.126072,0.815724
-39.548,0.134711,0.754127
-39.547,0.134711,0.754882
-39.5189,0.129789,0.78853
-199.326,0.116064,0.209256
-199.051,0.116064,0.209465
-39.519,0.0821437,0.534613
-246.151,0.116064,0.175271
-245.901,0.116064,0.175446
-40.5287,0.0917966,0.463214
-39.5414,0.116064,0.674251
-39.5405,0.116064,0.674926
-39.6473,0.0615593,1.45971
-39.6212,0.0971569,0.837018
-39.6214,0.0971569,0.837855
-39.5219,0.111267,0.710632
-39.6092,0.116064,0.929601
-39.6095,0.116064,0.930531
-91.8066,0.223262,0.435968
-39.6063,0.116664,0.924068
-39.6066,0.116664,0.924993
-39.6012,0.117689,0.915806
-42.744,0.161935,0.631872
-42.7167,0.161935,0.632504
-39.5396,0.127154,0.837258
-39.5424,0.136831,0.768125
-39.5416,0.136831,0.768894
-39.5189,0.132183,0.800449
-342.401,0.116064,0.103322
-342.301,0.116064,0.103425
-200.354,0.221219,0.222042
-53.003,2.90502,4.73594
-52.9579,2.90502,4.74067
-39.5378,0.116181,0.773663
-122.554,0.219455,0.357908
-122.385,0.219455,0.358266
-39.5364,0.116382,0.772045
-39.6144,0.127413,0.691069
-39.6122,0.127413,0.691761
-39.5194,0.119953,0.744317
-107.811,0.116064,0.295387
-107.579,0.116064,0.295683
-39.6368,0.0715195,0.708184
-60.5095,0.116064,0.385204
-60.3909,0.116064,0.38559
-39.6469,0.0669587,0.887345
-39.5231,0.116064,0.695767
-39.5228,0.116064,0.696463
-39.6473,0.0609893,1.49468
-39.6054,0.101389,0.816809
-39.6057,0.101389,0.817627
-39.5192,0.113911,0.712245
-39.5819,0.116064,0.857418
-39.5823,0.116064,0.858276
-104.655,0.221921,0.400048
-39.5794,0.116425,0.854289
-39.5798,0.116425,0.855143
-39.5761,0.116965,0.850649
-45.3798,0.16095,0.583353
-45.337,0.16095,0.583936
-39.524,0.124827,0.787899
-39.5793,0.116064,0.653753
-39.5777,0.116064,0.654407
-39.6473,0.0618759,1.42128
-39.6237,0.0953006,0.833551
-39.6239,0.0953006,0.834385
-39.5235,0.109277,0.705034
-289.482,0.116064,0.145104
-289.276,0.116064,0.145249
-54.2605,0.109955,0.393836
-39.9957,0.116064,0.587361
-39.9887,0.116064,0.587949
-39.6473,0.0627088,1.29063
-39.5285,0.116064,0.753634
-39.5288,0.116064,0.754388
-127.547,0.218704,0.347376
-39.5277,0.116206,0.752512
-39.528,0.116206,0.753265
-39.5245,0.121024,0.716875
-39.5193,0.118369,0.73571
-39.5194,0.118369,0.736446
-39.5196,0.116181,0.707204
-39.6473,0.0598541,1.4961
-39.6473,0.0598541,1.49759
-39.5709,0.10678,0.778048
-39.5188,0.115227,0.713021
-39.5188,0.115227,0.713734
-39.5375,0.116181,0.772962
-122.75,0.219368,0.357466
-122.58,0.219368,0.357824
-39.5361,0.11638,0.771359
-39.6055,0.12708,0.692556
-39.6035,0.12708,0.693249
-39.5194,0.11993,0.743789
-39.5916,0.116064,0.649141
-39.5897,0.116064,0.649791
-39.6473,0.0619313,1.41228
-39.6237,0.0950058,0.831322
-39.6239,0.0950058,0.832153
-39.5236,0.108893,0.70323
-149.124,0.116064,0.251066
-148.854,0.116064,0.251317
-39.5979,0.0756253,0.619461
-43.5709,0.756276,0.759653
-43.5626,0.756276,0.760413
-116.146,1.97066,1.01625
-39.729,0.916057,0.805259
-39.7284,0.916057,0.806064
-47.1343,0.757032,0.483421
-138.691,2.04092,0.545162
-138.725,2.04092,0.545708
-39.8514,0.92601,0.495359
-42.2891,0.756276,0.896725
-42.2819,0.756276,0.897623
-92.0903,1.91889,1.29474
-39.6334,0.915725,0.9671
-39.6329,0.915725,0.968068
-45.1171,0.757032,0.629235
-135.127,2.0086,0.779544
-135.098,2.0086,0.780324
-39.8395,0.917277,0.656295
-48.2939,0.756276,0.266559
-48.2971,0.756276,0.266826
-88.8369,2.0556,0.254455
-39.6038,0.953462,0.263701
-39.6038,0.953462,0.263965
-42.6446,0.757032,0.851964
-99.6223,1.93522,1.19978
-99.5487,1.93522,1.20098
-39.6535,0.916989,0.913597
-42.2842,0.756276,0.897337
-42.2771,0.756276,0.898235
-92.0377,1.91888,1.29564
-39.633,0.915732,0.967766
-39.6326,0.915732,0.968735
-47.1058,0.757032,0.209256
-69.9106,2.04646,0.190257
-69.9659,2.04646,0.190447
-39.5612,0.969816,0.204358
-46.0305,0.756276,0.175271
-46.0371,0.756276,0.175446
-60.0002,2.04251,0.155136
-39.5843,0.982686,0.169717
-39.5842,0.982686,0.169887
-44.5361,0.757032,0.674251
-129.536,1.99597,0.858162
-129.49,1.99597,0.85902
-39.8027,0.916569,0.707069
-42.0371,0.756276,0.929601
-42.0303,0.756276,0.930531
-86.6441,1.90475,1.36686
-39.6167,0.915414,1.00681
-39.6163,0.915414,1.00782
-42.5949,0.757032,0.103322
-44.6315,2.01773,0.0852404
-44.6444,2.01773,0.0853257
-39.7122,1.02124,0.0974327
-43.4217,0.756276,0.773663
-43.4136,0.756276,0.774437
-113.775,1.96614,1.04273
-39.7181,0.915975,0.821431
-39.7175,0.915975,0.822253
-48.465,0.757032,0.295387
-98.3798,2.05531,0.289216
-98.4571,2.05531,0.289505
-39.658,0.94614,0.293999
-48.3175,0.756276,0.385204
-48.3143,0.756276,0.38559
-123.875,2.05537,0.404476
-39.7658,0.935664,0.389233
-39.7657,0.935664,0.389622
-44.2719,0.757032,0.695767
-126.368,1.98941,0.897017
-126.315,1.98941,0.897914
-39.7799,0.916739,0.731646
-42.6173,0.756276,0.857418
-42.6098,0.756276,0.858276
-98.8593,1.93482,1.21145
-39.6564,0.91595,0.920102
-39.6559,0.91595,0.921023
-44.7962,0.757032,0.653753
-132.256,2.00182,0.822057
-132.217,2.00182,0.82288
-39.8207,0.91678,0.683884
-44.7308,0.756276,0.145104
-44.7375,0.756276,0.145249
-52.3331,2.03449,0.124819
-39.6353,0.996888,0.139125
-39.6353,0.996888,0.139264
-45.6862,0.757032,0.587361
-138.786,2.01936,0.708985
-138.773,2.01936,0.709694
-39.8717,0.918102,0.609478
-43.6362,0.756276,0.753634
-43.628,0.756276,0.754388
-117.19,1.97271,1.00474
-39.7359,0.915858,0.798227
-39.7353,0.915858,0.799025
-44.1353,0.757032,0.707204
-124.648,1.98606,0.91755
-124.592,1.98606,0.918468
-39.7709,0.916583,0.744637
-43.4291,0.756276,0.772962
-43.421,0.756276,0.773736
-113.862,1.96624,1.04162
-39.719,0.915935,0.820646
-39.7184,0.915935,0.821467
-44.8558,0.757032,0.649141
-132.848,2.00319,0.813875
-132.811,2.00319,0.81469
-39.826,0.916727,0.678639
-48.0807,0.756276,0.251066
-48.0848,0.756276,0.251317
-83.6175,2.05414,0.236472
-39.5866,0.956817,0.247548
-39.5866,0.956817,0.247796
-40.1083,0.166347,0.759653
-39.6473,0.0915312,1.69519
-39.6473,0.0915312,1.69689
-60.276,0.166347,0.483421
-39.6457,0.100095,1.14466
-39.6457,0.100095,1.1458
-39.5413,0.166347,0.896725
-39.6473,0.0893181,1.96385
-39.6473,0.0893181,1.96582
-39.6137,0.140273,1.11209
-39.5207,0.159359,0.945463
-39.5209,0.159359,0.946409
-43.4086,0.166347,0.629235
-39.6473,0.0943937,1.43538
-39.6473,0.0943937,1.43682
-167.527,0.166347,0.266559
-39.6208,0.130925,0.703981
-39.6185,0.130925,0.704685
-39.6102,0.166347,0.851964
-39.6473,0.0900365,1.87758
-39.6473,0.0900365,1.87945
-39.6167,0.136455,1.09986
-39.5218,0.155147,0.930876
-39.522,0.155147,0.931807
-39.5407,0.166347,0.897337
-39.6473,0.0893025,1.96492
-39.6473,0.0893025,1.96688
-39.6135,0.140352,1.11195
-39.5207,0.159426,0.945578
-39.5209,0.159426,0.946524
-218.097,0.166347,0.209256
-47.0828,0.163577,0.568745
-47.0314,0.163577,0.569314
-249.617,0.166347,0.175271
-81.0042,0.212621,0.461966
-80.8683,0.212621,0.462428
-41.6599,0.166347,0.674251
-39.6473,0.0932559,1.52513
-39.6473,0.0932559,1.52665
-39.5224,0.166347,0.929601
-39.6473,0.0882956,2.01709
-39.6473,0.0882956,2.01911
-39.5925,0.147319,1.07875
-39.519,0.163347,0.949392
-39.519,0.163347,0.950342
-292.695,0.166347,0.103322
-81.0565,0.451387,0.0993996
-81.109,0.451387,0.0994991
-39.9826,0.166347,0.773663
-39.6473,0.0912945,1.72313
-39.6473,0.0912945,1.72485
-145.142,0.166347,0.295387
-39.5212,0.122186,0.764961
-39.5214,0.122186,0.765726
-92.0216,0.166347,0.385204
-39.6278,0.107608,0.948048
-39.628,0.107608,0.948997
-41.1008,0.166347,0.695767
-39.6473,0.0927753,1.56801
-39.6473,0.0927753,1.56958
-39.5981,0.166347,0.857418
-39.6473,0.0899725,1.88855
-39.6473,0.0899725,1.89044
-39.6168,0.136781,1.10298
-39.5218,0.155591,0.933244
-39.522,0.155591,0.934178
-42.3446,0.166347,0.653753
-39.6473,0.0937503,1.48427
-39.6473,0.0937503,1.48575
-275.065,0.166347,0.145104
-136.864,0.316678,0.311623
-136.76,0.316678,0.311935
-46.0509,0.166347,0.587361
-39.6472,0.095652,1.35187
-39.6472,0.095652,1.35323
-40.1703,0.166347,0.753634
-39.6473,0.0916383,1.68322
-39.6473,0.0916383,1.68491
-40.8586,0.166347,0.707204
-39.6473,0.0925344,1.59081
-39.6473,0.0925344,1.5924
-39.9883,0.166347,0.772962
-39.6473,0.0912997,1.72164
-39.6473,0.0912997,1.72336
-42.5226,0.166347,0.649141
-39.6473,0.0938667,1.47507
-39.6473,0.0938667,1.47655
-180.513,0.166347,0.251066
-39.9663,0.136821,0.66957
-39.9599,0.136821,0.67024
-39.9441,0.900228,0.759653
-202.468,2.43594,0.826461
-202.439,2.43594,0.827288
-39.5835,0.940085,0.762442
-40.3652,0.899328,0.483421
-40.3645,0.899328,0.483905
-182.105,2.44587,0.498809
-39.6025,0.949868,0.484251
-39.6024,0.949868,0.484735
-39.7924,0.900228,0.896725
-191.125,2.43073,0.997643
-191.043,2.43073,0.998641
-39.5547,0.938696,0.900759
-40.1434,0.899328,0.629235
-40.1425,0.899328,0.629864
-202.554,2.44252,0.668819
-39.6031,0.943706,0.63109
-39.6029,0.943706,0.631722
-40.3783,0.900228,0.266559
-106.427,2.44398,0.260485
-106.533,2.44398,0.260746
-39.5523,0.967235,0.266118
-39.8462,0.899328,0.851964
-39.8452,0.899328,0.852817
-196.188,2.43498,0.941025
-39.5681,0.937846,0.855542
-39.5679,0.937846,0.856398
-39.7918,0.900228,0.897337
-191.064,2.43072,0.998359
-190.982,2.43072,0.999358
-39.5544,0.938747,0.90138
-40.2521,0.899328,0.209256
-40.2528,0.899328,0.209465
-82.1653,2.44519,0.201199
-39.56,0.974081,0.2086
-39.56,0.974081,0.208809
-40.1105,0.900228,0.175271
-68.8756,2.44179,0.167032
-68.9375,2.44179,0.167199
-39.5783,0.980498,0.174551
-40.0751,0.899328,0.674251
-40.0741,0.899328,0.674926
-204.262,2.44119,0.722648
-39.6034,0.941349,0.676394
-39.6031,0.941349,0.677071
-39.7627,0.900228,0.929601
-187.31,2.42936,1.03951
-187.218,2.42936,1.04055
-39.5467,0.939243,0.934046
-39.8096,0.899328,0.103322
-39.81,0.899328,0.103425
-47.6118,2.44139,0.0965156
-39.6373,0.996038,0.102604
-39.6373,0.996038,0.102706
-39.9266,0.900228,0.773663
-201.749,2.43545,0.843709
-201.715,2.43545,0.844553
-39.5815,0.939659,0.776554
-40.4423,0.899328,0.295387
-40.4426,0.899328,0.295683
-118.823,2.44679,0.29096
-39.5584,0.963218,0.295081
-39.5583,0.963218,0.295376
-40.4403,0.900228,0.385204
-153.589,2.44455,0.388372
-153.71,2.44455,0.388761
-39.5782,0.956503,0.385396
-40.0436,0.899328,0.695767
-40.0426,0.899328,0.696463
-204.449,2.44052,0.748591
-39.5986,0.940952,0.698081
-39.5984,0.940952,0.698779
-39.8313,0.900228,0.857418
-195.236,2.43231,0.94794
-195.168,2.43231,0.948888
-39.5639,0.938573,0.861034
-40.1059,0.899328,0.653753
-40.1049,0.899328,0.654407
-203.722,2.44181,0.69807
-39.6028,0.942523,0.655772
-39.6025,0.942523,0.656428
-39.9833,0.900228,0.145104
-58.4952,2.44055,0.136959
-58.5388,2.44055,0.137096
-39.6037,0.987173,0.144332
-40.2089,0.899328,0.587361
-40.2079,0.899328,0.587949
-199.158,2.44365,0.619287
-39.6006,0.946062,0.58894
-39.6004,0.946062,0.58953
-39.9518,0.900228,0.753634
-202.739,2.43616,0.819036
-202.716,2.43616,0.819855
-39.5857,0.940009,0.756361
-40.0272,0.899328,0.707204
-40.0262,0.899328,0.707912
-204.389,2.44016,0.762428
-39.5993,0.940199,0.709578
-39.5991,0.940199,0.710288
-39.9274,0.900228,0.772962
-201.793,2.43548,0.842788
-201.759,2.43548,0.843631
-39.5819,0.939609,0.775841
-40.1129,0.899328,0.649141
-40.1119,0.899328,0.649791
-203.541,2.44195,0.692549
-39.6011,0.943029,0.651142
-39.6008,0.943029,0.651794
-40.3476,0.900228,0.251066
-99.8566,2.44377,0.244523
-99.9586,2.44377,0.244768
-39.5525,0.968776,0.250579
