-43.4133, 0.106566, 0.55497
-40.4593, 0.0573048, 1.21684
-40.4593, 0.0573048, 1.21805
-267.575, 0.106566, 0.152604
-48.1485, 0.0870278, 0.406397
-48.1021, 0.0870278, 0.406803
-41.0351, 0.106566, 0.70934
-40.4593, 0.0560432, 1.52743
-40.4593, 0.0560432, 1.52896
-347.735, 0.106566, 0.0726201
-128.844, 0.288532, 0.067251
-128.947, 0.288532, 0.0673183
-40.3118, 15.5838, 0.0494613
-42.3759, 0.106459, 0.593402
-42.3635, 0.106459, 0.593995
-40.4593, 0.0569664, 1.29395
-40.9349, 0.106459, 0.727914
-40.9315, 0.106459, 0.728643
-40.4593, 0.0559856, 1.56476
-245.117, 0.106459, 0.0329022
-245.32, 0.106459, 0.0329351
-55.7802, 0.23622, 0.0179619
-41.351, 0.106459, 0.665661
-41.3449, 0.106459, 0.666327
-40.4593, 0.056393, 1.43961
-40.5159, 0.106459, 0.949223
-40.5154, 0.106459, 0.950173
-40.4593, 0.0550308, 2.01052
-175.977, 0.106459, 0.222436
-175.716, 0.106459, 0.222658
-40.7199, 0.069998, 0.551161
-49.4344, 0.106459, 0.460698
-49.3838, 0.106459, 0.461159
-40.4593, 0.0586714, 1.02775
-44.7575, 0.106459, 0.521995
-44.7313, 0.106459, 0.522517
-40.4593, 0.0577562, 1.15068
-312.069, 0.106459, 0.11925
-311.92, 0.106459, 0.119369
-100.954, 0.118018, 0.322467
-40.4593, 0.17735, 17.2421
-40.4593, 0.17735, 17.2593
-41.3706, 0.106566, 0.664088
-40.4593, 0.0563324, 1.43612
-40.4593, 0.0563324, 1.43756
-73.1628, 0.106566, 0.356248
-40.4604, 0.0611444, 0.818765
-40.4604, 0.0611444, 0.819584
-57.0364, 0.106566, 0.411462
-40.4594, 0.0596034, 0.929177
-40.4594, 0.0596034, 0.930107
-324.803, 0.106566, 0.108512
-150.486, 0.143529, 0.281796
-150.268, 0.143529, 0.282078
-40.4593, 0.474683, 12.8163
-40.8538, 0.106459, 0.746833
-40.8509, 0.106459, 0.74758
-40.4593, 0.0558821, 1.60293
-40.5818, 0.106459, 0.867862
-40.5808, 0.106459, 0.86873
-40.4593, 0.0553209, 1.84666
-42.1331, 0.106459, 0.605871
-42.1222, 0.106459, 0.606477
-40.4593, 0.0568657, 1.31926
-40.8692, 0.106459, 0.742946
-40.8662, 0.106459, 0.743689
-40.4593, 0.0559007, 1.59504
-41.3393, 0.106459, 0.666939
-41.3333, 0.106459, 0.667606
-40.4593, 0.0563838, 1.44218
-40.4985, 0.106459, 0.988063
-40.4981, 0.106459, 0.989052
-40.4593, 0.0549022, 2.08846
-49.8788, 0.106459, 0.456765
-49.826, 0.106459, 0.457222
-40.4593, 0.0587403, 1.01986
-41.7332, 0.106459, 0.631434
-41.7247, 0.106459, 0.632065
-40.4593, 0.0566518, 1.37073
-46.7345, 0.852924, 0.55497
-46.7309, 0.852924, 0.555525
-120.792, 2.31494, 0.595867
-39.3414, 1.05987, 0.563631
-39.3415, 1.05987, 0.564195
-44.6944, 0.853777, 0.152604
-48.1907, 2.30357, 0.13624
-48.2124, 2.30357, 0.136377
-39.6106, 1.17161, 0.147189
-45.6776, 0.852924, 0.70934
-45.6728, 0.852924, 0.71005
-121.029, 2.30423, 0.799408
-39.4224, 1.05864, 0.728036
-39.4228, 1.05864, 0.728764
-41.9783, 0.853777, 0.0726201
-40.6209, 2.28249, 0.0608869
-40.623, 2.28249, 0.0609478
-46.4291, 0.853777, 0.593402
-122.116, 2.31035, 0.645247
-122.131, 2.31035, 0.645893
-39.362, 1.05915, 0.604251
-45.552, 0.852924, 0.727914
-45.5471, 0.852924, 0.728643
-120.132, 2.30269, 0.824793
-39.4241, 1.05935, 0.748056
-39.4245, 1.05935, 0.748805
-40.8246, 0.853777, 0.0329022
-40.2554, 2.26491, 0.0265379
-40.2552, 2.26491, 0.0265644
-45.9347, 0.853777, 0.665661
-122.216, 2.30534, 0.740461
-122.209, 2.30534, 0.741202
-39.4138, 1.05751, 0.681094
-44.2165, 0.852924, 0.949223
-44.2115, 0.852924, 0.950173
-101.468, 2.28097, 1.14245
-39.3429, 1.08046, 0.992504
-39.3435, 1.08046, 0.993497
-46.3372, 0.853777, 0.222436
-61.9626, 2.31237, 0.206845
-62.0076, 2.31237, 0.207052
-39.3418, 1.11901, 0.218094
-47.2753, 0.852924, 0.460698
-47.2732, 0.852924, 0.461159
-111.851, 2.31925, 0.477896
-39.2444, 1.06824, 0.464517
-39.2443, 1.06824, 0.464982
-46.8897, 0.853777, 0.521995
-118.305, 2.31441, 0.553889
-118.342, 2.31441, 0.554443
-39.276, 1.06505, 0.528897
-43.6529, 0.852924, 0.11925
-43.657, 0.852924, 0.119369
-43.7764, 2.29925, 0.104055
-39.7692, 1.20813, 0.113672
-39.7689, 1.20813, 0.113786
-45.9455, 0.853777, 0.664088
-122.246, 2.30545, 0.738377
-122.24, 2.30545, 0.739115
-39.4147, 1.05737, 0.679408
-47.5035, 0.852924, 0.356248
-47.5039, 0.852924, 0.356604
-93.386, 2.32077, 0.35412
-39.2462, 1.07426, 0.355756
-39.2459, 1.07426, 0.356112
-47.395, 0.853777, 0.411462
-104.073, 2.31812, 0.418828
-104.136, 2.31812, 0.419247
-39.2499, 1.06925, 0.413108
-43.276, 0.852924, 0.108512
-43.2798, 0.852924, 0.108621
-42.728, 2.29643, 0.0938711
-45.4258, 0.852924, 0.746833
-45.4208, 0.852924, 0.74758
-119.066, 2.30108, 0.85083
-39.4224, 1.06038, 0.768522
-39.4229, 1.06038, 0.769291
-44.6382, 0.853777, 0.867862
-109.236, 2.28741, 1.02225
-109.178, 2.28741, 1.02327
-39.3645, 1.07244, 0.901334
-46.3918, 0.852924, 0.605871
-46.3877, 0.852924, 0.606477
-122.621, 2.31185, 0.661515
-39.3901, 1.05728, 0.617459
-39.3903, 1.05728, 0.618076
-45.4137, 0.853777, 0.742946
-119.041, 2.29914, 0.845403
-119.01, 2.29914, 0.846248
-39.4039, 1.06172, 0.764346
-45.9689, 0.852924, 0.666939
-45.9643, 0.852924, 0.667606
-122.439, 2.30755, 0.742183
-39.4239, 1.05677, 0.682484
-39.4242, 1.05677, 0.683167
-43.9924, 0.853777, 0.988063
-97.2758, 2.27435, 1.20094
-97.2043, 2.27435, 1.20214
-39.314, 1.08675, 1.03665
-47.2932, 0.852924, 0.456765
-47.2911, 0.852924, 0.457222
-111.34, 2.31932, 0.473423
-39.262, 1.0665, 0.460438
-39.262, 1.0665, 0.460899
-46.1697, 0.853777, 0.631434
-122.593, 2.30783, 0.69498
-122.597, 2.30783, 0.695675
-39.4004, 1.0573, 0.644573
-83.7331, 0.307275, 0.55497
-83.6357, 0.307275, 0.555525
-40.9074, 0.253134, 1.47993
-179.143, 0.307275, 0.152604
-179.165, 0.307275, 0.152757
-45.1982, 0.830053, 0.135318
-63.1184, 0.307275, 0.70934
-63.0496, 0.307275, 0.71005
-40.5022, 0.216922, 1.81054
-125.194, 0.307275, 0.0726201
-125.29, 0.307275, 0.0726928
-42.2636, 0.7407, 0.045067
-77.4222, 0.307275, 0.593402
-77.3315, 0.307275, 0.593995
-40.7051, 0.241376, 1.56564
-61.3838, 0.307275, 0.727914
-61.3185, 0.307275, 0.728643
-40.4919, 0.214009, 1.84841
-65.8607, 0.307275, 0.0329022
-65.9078, 0.307275, 0.0329351
-40.8763, 0.699575, 0.0186093
-67.7567, 0.307275, 0.665661
-67.6797, 0.307275, 0.666327
-40.5409, 0.224286, 1.71917
-48.5575, 0.307275, 0.949223
-48.525, 0.307275, 0.950173
-40.4606, 0.19221, 2.2944
-172.867, 0.307275, 0.222436
-172.813, 0.307275, 0.222658
-55.4263, 0.764293, 0.336564
-103.213, 0.307275, 0.460698
-103.103, 0.307275, 0.461159
-42.6371, 0.298983, 1.2518
-89.8739, 0.307275, 0.521995
-89.7712, 0.307275, 0.522517
-41.2261, 0.26613, 1.40406
-168.2, 0.307275, 0.11925
-168.265, 0.307275, 0.119369
-44.0638, 0.796042, 0.0875098
-67.9394, 0.307275, 0.664088
-67.8621, 0.307275, 0.664753
-40.543, 0.224723, 1.71622
-131.869, 0.307275, 0.356248
-131.759, 0.307275, 0.356604
-53.5993, 0.407904, 0.929788
-115.819, 0.307275, 0.411462
-115.707, 0.307275, 0.411874
-45.6719, 0.338466, 1.11335
-161.507, 0.307275, 0.108512
-161.584, 0.307275, 0.108621
-43.679, 0.784232, 0.0763067
-59.7499, 0.307275, 0.746833
-59.688, 0.307275, 0.74758
-40.4839, 0.211202, 1.88652
-51.9161, 0.307275, 0.867862
-51.8735, 0.307275, 0.86873
-40.4636, 0.198398, 2.13192
-75.5584, 0.307275, 0.605871
-75.4699, 0.307275, 0.606477
-40.6625, 0.238147, 1.59301
-60.0751, 0.307275, 0.742946
-60.0125, 0.307275, 0.743689
-40.4854, 0.211748, 1.87866
-67.609, 0.307275, 0.666939
-67.5323, 0.307275, 0.667606
-40.5394, 0.224079, 1.72194
-47.3351, 0.307275, 0.988063
-47.3067, 0.307275, 0.989052
-40.4601, 0.189828, 2.3722
-104.158, 0.307275, 0.456765
-104.048, 0.307275, 0.457222
-42.7871, 0.301372, 1.24136
-72.0009, 0.307275, 0.631434
-71.9173, 0.307275, 0.632065
-40.5963, 0.231654, 1.64742
-42.7849, 0.930694, 0.55497
-42.7839, 0.930694, 0.555525
-138.901, 2.53161, 0.569186
-39.2286, 1.07008, 0.556933
-39.2286, 1.07008, 0.55749
-41.8779, 0.931625, 0.152604
-50.6051, 2.52516, 0.143555
-50.6332, 2.52516, 0.143699
-39.5984, 1.16992, 0.15049
-42.4758, 0.930694, 0.70934
-42.4743, 0.930694, 0.71005
-146.922, 2.52976, 0.742593
-39.3261, 1.06612, 0.713774
-39.3264, 1.06612, 0.714488
-40.9798, 0.931625, 0.0726201
-40.926, 2.51905, 0.066201
-40.9292, 2.51905, 0.0662672
-42.6763, 0.931625, 0.593402
-142.133, 2.52868, 0.611994
-142.175, 2.52868, 0.612606
-39.232, 1.07061, 0.595954
-42.4368, 0.930694, 0.727914
-42.4353, 0.930694, 0.728643
-146.937, 2.5295, 0.763729
-39.3311, 1.06652, 0.732698
-39.3315, 1.06652, 0.733431
-40.592, 0.931625, 0.0329022
-40.2447, 2.51376, 0.0293891
-40.2445, 2.51376, 0.0294185
-42.533, 0.931625, 0.665661
-145.896, 2.52782, 0.69314
-145.914, 2.52782, 0.693834
-39.2894, 1.06758, 0.669342
-41.9997, 0.930694, 0.949223
-41.998, 0.930694, 0.950173
-136.972, 2.52585, 1.02014
-39.3074, 1.08196, 0.959606
-39.308, 1.08196, 0.960566
-42.4406, 0.931625, 0.222436
-67.0025, 2.52794, 0.213876
-67.0585, 2.52794, 0.21409
-39.3354, 1.12019, 0.220831
-42.919, 0.930694, 0.460698
-42.9186, 0.930694, 0.461159
-125.674, 2.53227, 0.465709
-39.2157, 1.0714, 0.461401
-39.2157, 1.0714, 0.461862
-42.8002, 0.931625, 0.521995
-134.847, 2.52936, 0.532751
-134.908, 2.52936, 0.533284
-39.2086, 1.07177, 0.523489
-41.5411, 0.930694, 0.11925
-41.5424, 0.930694, 0.119369
-45.1152, 2.52563, 0.110828
-39.7701, 1.2122, 0.116958
-39.7699, 1.2122, 0.117075
-42.5362, 0.931625, 0.664088
-145.848, 2.52784, 0.691335
-145.867, 2.52784, 0.692027
-39.2915, 1.06733, 0.667732
-42.9284, 0.930694, 0.356248
-42.9288, 0.930694, 0.356604
-103.153, 2.53233, 0.353288
-39.1906, 1.0828, 0.355798
-39.1903, 1.0828, 0.356154
-42.9063, 0.931625, 0.411462
-115.873, 2.52988, 0.412323
-115.954, 2.52988, 0.412735
-39.1912, 1.07654, 0.411586
-41.4156, 0.930694, 0.108512
-41.4169, 0.930694, 0.108621
-43.7789, 2.52485, 0.10044
-39.8253, 1.2299, 0.106192
-39.8251, 1.2299, 0.106298
-42.3662, 0.931625, 0.746833
-146.49, 2.5267, 0.785316
-146.482, 2.5267, 0.786102
-39.322, 1.06826, 0.751992
-42.1521, 0.930694, 0.867862
-42.1504, 0.930694, 0.86873
-142.364, 2.52729, 0.9249
-39.3318, 1.07407, 0.875829
-39.3323, 1.07407, 0.876705
-42.6524, 0.931625, 0.605871
-143.025, 2.52854, 0.625969
-143.061, 2.52854, 0.626596
-39.2374, 1.07042, 0.608624
-42.4053, 0.930694, 0.742946
-42.4038, 0.930694, 0.743689
-146.824, 2.52928, 0.780877
-39.3409, 1.06636, 0.748004
-39.3413, 1.06636, 0.748752
-42.5304, 0.931625, 0.666939
-145.931, 2.52781, 0.694537
-145.949, 2.52781, 0.695232
-39.2878, 1.06778, 0.670641
-41.9311, 0.930694, 0.988063
-41.9294, 0.930694, 0.989052
-133.962, 2.52513, 1.06594
-39.2882, 1.08694, 0.999799
-39.2888, 1.08694, 1.0008
-42.8809, 0.931625, 0.456765
-124.804, 2.52976, 0.461415
-124.88, 2.52976, 0.461877
-39.2034, 1.07293, 0.457419
-42.6379, 0.930694, 0.631434
-42.6366, 0.930694, 0.632065
-144.789, 2.53078, 0.654594
-39.273, 1.06782, 0.63457
-39.2732, 1.06782, 0.635205
-60.7293, 0.674006, 0.55497
-67.7137, 1.75354, 0.741364
-67.6974, 1.75354, 0.742106
-39.159, 1.08007, 0.640069
-59.4398, 0.673332, 0.152604
-59.4576, 0.673332, 0.152757
-43.6158, 1.79434, 0.124553
-55.8485, 0.673332, 0.70934
-55.8279, 0.673332, 0.71005
-51.8443, 1.65428, 1.10166
-41.2642, 0.964834, 0.846159
-41.2636, 0.964834, 0.847006
-47.5306, 0.674006, 0.0726201
-40.2157, 1.73789, 0.0528536
-40.2161, 1.73789, 0.0529065
-59.4304, 0.674006, 0.593402
-63.9094, 1.73127, 0.824482
-63.8882, 1.73127, 0.825307
-39.1295, 1.08645, 0.700743
-55.3181, 0.673332, 0.727914
-55.2976, 0.673332, 0.728643
-50.1241, 1.64011, 1.15004
-40.9234, 0.978173, 0.882054
-40.923, 0.978173, 0.882936
-42.0622, 0.674006, 0.0329022
-40.2933, 1.6954, 0.0224162
-40.2931, 1.6954, 0.0224386
-57.1088, 0.674006, 0.665661
-56.1373, 1.68404, 0.992607
-56.1125, 1.68404, 0.9936
-41.9877, 0.942126, 0.770276
-50.1663, 0.673332, 0.949223
-50.1485, 0.673332, 0.950173
-39.4558, 1.45029, 1.8047
-65.2842, 0.673332, 0.222436
-65.2957, 0.673332, 0.222658
-51.4385, 1.82116, 0.199371
-64.0034, 0.673332, 0.460698
-63.9883, 0.673332, 0.461159
-73.392, 1.80012, 0.555397
-39.1564, 1.07797, 0.503858
-39.1563, 1.07797, 0.504362
-61.8601, 0.674006, 0.521995
-70.4174, 1.77084, 0.673544
-70.4078, 1.77084, 0.674218
-39.1697, 1.07724, 0.590675
-54.9963, 0.673332, 0.11925
-55.014, 0.673332, 0.119369
-41.4268, 1.77422, 0.0927391
-57.2046, 0.673332, 0.664088
-57.184, 0.673332, 0.664753
-56.4383, 1.68708, 0.988428
-42.0505, 0.940242, 0.767505
-42.0492, 0.940242, 0.768273
-66.6907, 0.674006, 0.356248
-68.9791, 1.82673, 0.379249
-69.0044, 1.82673, 0.379628
-39.1096, 1.10449, 0.367451
-65.5102, 0.673332, 0.411462
-65.4986, 0.673332, 0.411874
-72.8697, 1.81648, 0.468937
-39.1168, 1.08648, 0.438263
-39.1166, 1.08648, 0.438701
-53.3054, 0.674006, 0.108512
-40.9688, 1.7652, 0.0831106
-40.9721, 1.7652, 0.0831937
-54.7562, 0.674006, 0.746833
-48.4352, 1.62384, 1.2002
-48.4144, 1.62384, 1.2014
-40.5644, 0.99462, 0.921073
-51.8203, 0.673332, 0.867862
-51.8012, 0.673332, 0.86873
-41.4135, 1.52413, 1.54715
-59.0721, 0.673332, 0.605871
-59.0521, 0.673332, 0.606477
-62.7217, 1.72535, 0.852346
-39.1249, 1.08812, 0.721232
-39.1252, 1.08812, 0.721953
-54.8621, 0.674006, 0.742946
-48.7843, 1.6273, 1.18923
-48.7632, 1.6273, 1.19042
-40.639, 0.990971, 0.912427
-57.1165, 0.673332, 0.666939
-57.096, 0.673332, 0.667606
-56.1419, 1.68515, 0.995286
-42.0066, 0.941412, 0.772098
-42.0054, 0.941412, 0.77287
-49.4456, 0.674006, 0.988063
-39.0745, 1.41274, 1.93371
-39.0728, 1.41274, 1.93565
-64.0517, 0.674006, 0.456765
-73.2918, 1.79967, 0.548479
-73.2975, 1.79967, 0.549028
-39.1454, 1.07948, 0.498614
-58.2365, 0.673332, 0.631434
-58.2162, 0.673332, 0.632065
-59.9522, 1.70903, 0.910902
-39.0949, 1.09495, 0.764701
-39.0952, 1.09495, 0.765466
-68.0191, 0.205657, 0.55497
-40.4691, 0.128282, 1.34085
-40.469, 0.128282, 1.34219
-241.957, 0.205657, 0.152604
-101.705, 0.507645, 0.23373
-101.711, 0.507645, 0.233964
-993.784, 18.9408, 1.2862
-44.1397, 0.904196, 0.30681
-44.1408, 0.904196, 0.307117
-50.6998, 0.205657, 0.70934
-40.4597, 0.120106, 1.64916
-40.4596, 0.120106, 1.65081
-209.925, 0.205657, 0.0726201
-51.203, 0.498142, 0.0456469
-51.223, 0.498142, 0.0456926
-62.0294, 0.205657, 0.593402
-40.4637, 0.125744, 1.41807
-40.4636, 0.125744, 1.41949
-49.5565, 0.205657, 0.727914
-40.4595, 0.119423, 1.68617
-40.4595, 0.119423, 1.68786
-106.981, 0.205657, 0.0329022
-42.5728, 0.457097, 0.0180495
-42.5775, 0.457097, 0.0180676
-54.011, 0.205657, 0.665661
-40.4602, 0.121942, 1.56233
-40.4602, 0.121942, 1.56389
-42.8288, 0.205657, 0.949223
-40.4593, 0.113953, 2.12912
-40.4593, 0.113953, 2.13125
-204.386, 0.205657, 0.222436
-73.6455, 0.262162, 0.586678
-73.5502, 0.262162, 0.587265
-89.7852, 0.205657, 0.460698
-40.5323, 0.137511, 1.15125
-40.5316, 0.137511, 1.1524
-74.372, 0.205657, 0.521995
-40.479, 0.131028, 1.27511
-40.4788, 0.131028, 1.27638
-247.223, 0.205657, 0.11925
-68.8981, 0.55674, 0.110211
-68.9313, 0.55674, 0.110321
-54.1488, 0.205657, 0.664088
-40.4603, 0.121992, 1.55903
-40.4603, 0.121992, 1.56059
-129.277, 0.205657, 0.356248
-41.2423, 0.158047, 0.935059
-41.2373, 0.158047, 0.935995
-106.157, 0.205657, 0.411462
-40.6758, 0.145203, 1.05106
-40.6742, 0.145203, 1.05211
-244.695, 0.205657, 0.108512
-63.3286, 0.546724, 0.0883871
-63.3602, 0.546724, 0.0884756
-48.5282, 0.205657, 0.746833
-40.4594, 0.118784, 1.72397
-40.4594, 0.118784, 1.72569
-44.2827, 0.205657, 0.867862
-40.4593, 0.115537, 1.96599
-40.4593, 0.115537, 1.96796
-60.3709, 0.205657, 0.605871
-40.4627, 0.124941, 1.44261
-40.4626, 0.124941, 1.44405
-48.729, 0.205657, 0.742946
-40.4595, 0.118931, 1.71638
-40.4595, 0.118931, 1.7181
-53.9, 0.205657, 0.666939
-40.4602, 0.121827, 1.56443
-40.4602, 0.121827, 1.56599
-42.3579, 0.205657, 0.988063
-40.4593, 0.113283, 2.20666
-40.4593, 0.113283, 2.20887
-90.9541, 0.205657, 0.456765
-40.539, 0.138151, 1.14373
-40.5384, 0.138151, 1.14487
-57.3519, 0.205657, 0.631434
-40.4613, 0.123533, 1.49358
-40.4612, 0.123533, 1.49508
-40.4593, 0.0202416, 0.55497
-41.954, 0.0202214, 0.152604
-41.9412, 0.0202214, 0.152757
-40.4593, 0.0104951, 0.324368
-40.4593, 0.0202214, 0.70934
-40.4593, 0.0202214, 0.71005
-210.055, 0.0202416, 0.0726201
-40.4615, 0.0113026, 0.163799
-40.4615, 0.0113026, 0.163963
-40.4593, 0.0202416, 0.593402
-40.4593, 0.0202214, 0.727914
-40.4593, 0.0202214, 0.728643
-464.802, 0.0202416, 0.0329022
-59.9317, 0.0144496, 0.0843837
-59.7818, 0.0144496, 0.0844681
-40.4593, 0.00377105, 3.65084
-40.4593, 0.0202214, 0.665661
-40.4593, 0.0202214, 0.666327
-40.4593, 0.0202416, 0.949223
-40.5, 0.0202214, 0.222436
-40.4996, 0.0202214, 0.222658
-40.4593, 0.0103037, 0.465093
-40.4593, 0.0202214, 0.460698
-40.4593, 0.0202214, 0.461159
-40.4593, 0.0202416, 0.521995
-51.9311, 0.0202214, 0.11925
-51.8422, 0.0202214, 0.119369
-40.4593, 0.0106785, 0.257238
-40.4593, 0.0202214, 0.664088
-40.4593, 0.0202214, 0.664753
-40.4593, 0.0202416, 0.356248
-40.4593, 0.0101409, 0.734562
-40.4593, 0.0101409, 0.735297
-40.4593, 0.0202416, 0.411462
-40.4593, 0.0102677, 0.858353
-40.4593, 0.0102677, 0.859211
-63.7369, 0.0202416, 0.108512
-40.4593, 0.0107569, 0.235682
-40.4593, 0.0107569, 0.235918
-40.4593, 0.0202416, 0.746833
-40.4593, 0.0202214, 0.867862
-40.4593, 0.0202214, 0.86873
-40.4593, 0.0202416, 0.605871
-40.4593, 0.0202214, 0.742946
-40.4593, 0.0202214, 0.743689
-40.4593, 0.0202416, 0.666939
-40.4593, 0.0202214, 0.988063
-40.4593, 0.0202214, 0.989052
-40.4593, 0.0202416, 0.456765
-40.4593, 0.0202214, 0.631434
-40.4593, 0.0202214, 0.632065
-61.2182, 0.668792, 0.55497
-66.0104, 1.7347, 0.748712
-65.9938, 1.7347, 0.749461
-39.1394, 1.08272, 0.645555
-60.1137, 0.668123, 0.152604
-60.1323, 0.668123, 0.152757
-43.4605, 1.77865, 0.123951
-56.1727, 0.668123, 0.70934
-56.1516, 0.668123, 0.71005
-50.2946, 1.63048, 1.11659
-41.0114, 0.974843, 0.859781
-41.0109, 0.974843, 0.860642
-47.804, 0.668792, 0.0726201
-40.2057, 1.72073, 0.052519
-40.2061, 1.72073, 0.0525715
-59.8733, 0.668792, 0.593402
-62.1324, 1.71122, 0.833556
-62.1112, 1.71122, 0.83439
-39.1069, 1.08994, 0.707933
-55.6262, 0.668123, 0.727914
-55.6051, 0.668123, 0.728643
-48.667, 1.61574, 1.16595
-40.6621, 0.989976, 0.898019
-40.662, 0.989976, 0.898917
-42.1237, 0.668792, 0.0329022
-40.2949, 1.67921, 0.0223184
-40.2947, 1.67921, 0.0223408
-57.4744, 0.668792, 0.665661
-54.4338, 1.66169, 1.00519
-54.4103, 1.66169, 1.0062
-41.7836, 0.948441, 0.779623
-50.3296, 0.668123, 0.949223
-50.3113, 0.668123, 0.950173
-39.2084, 1.41854, 1.8352
-66.1017, 0.668123, 0.222436
-66.1136, 0.668123, 0.222658
-51.0956, 1.80671, 0.199008
-64.6176, 0.668123, 0.460698
-64.6019, 0.668123, 0.461159
-72.0795, 1.78359, 0.559585
-39.1458, 1.07935, 0.506653
-39.1458, 1.07935, 0.50716
-62.391, 0.668792, 0.521995
-68.8285, 1.75295, 0.679551
-68.8177, 1.75295, 0.680231
-39.1525, 1.07943, 0.595004
-55.5322, 0.668123, 0.11925
-55.5503, 0.668123, 0.119369
-41.3805, 1.76008, 0.0926555
-57.5715, 0.668123, 0.664088
-57.5503, 0.668123, 0.664753
-54.7154, 1.66469, 1.00103
-41.8476, 0.946422, 0.776747
-41.8464, 0.946422, 0.777524
-67.4464, 0.668792, 0.356248
-68.2102, 1.81211, 0.380798
-68.2349, 1.81211, 0.381179
-39.1084, 1.10489, 0.368396
-66.1933, 0.668123, 0.411462
-66.1813, 0.668123, 0.411874
-71.8269, 1.80125, 0.471218
-39.1117, 1.08734, 0.439823
-39.1115, 1.08734, 0.440263
-53.7854, 0.668792, 0.108512
-40.9335, 1.75092, 0.0830036
-40.9367, 1.75092, 0.0830866
-55.0488, 0.668792, 0.746833
-47.0899, 1.59897, 1.21707
-47.071, 1.59897, 1.21829
-40.3052, 1.00835, 0.939762
-52.0275, 0.668123, 0.867862
-52.0079, 0.668123, 0.86873
-40.7779, 1.49563, 1.5711
-59.5007, 0.668123, 0.605871
-59.4799, 0.668123, 0.606477
-60.9509, 1.70506, 0.86176
-39.1013, 1.09189, 0.728928
-39.1016, 1.09189, 0.729657
-55.1579, 0.668792, 0.742946
-47.3795, 1.60198, 1.20665
-47.3602, 1.60198, 1.20786
-40.3658, 1.00498, 0.931194
-57.4806, 0.668123, 0.666939
-57.4594, 0.668123, 0.667606
-54.4274, 1.66267, 1.00803
-41.7997, 0.947802, 0.781561
-41.7986, 0.947802, 0.782343
-49.5914, 0.668792, 0.988063
-38.9747, 1.38034, 1.96619
-38.974, 1.38034, 1.96816
-64.6711, 0.668792, 0.456765
-72.0106, 1.78337, 0.552335
-72.015, 1.78337, 0.552888
-39.1357, 1.08082, 0.501225
-58.637, 0.668123, 0.631434
-58.616, 0.668123, 0.632065
-58.164, 1.68766, 0.921896
-42.3705, 0.93289, 0.723768
-42.369, 0.93289, 0.724493
-43.4996, 0.914304, 0.55497
-134.837, 2.48142, 0.5741
-134.884, 2.48142, 0.574675
-39.222, 1.07077, 0.557951
-42.4076, 0.91339, 0.152604
-42.4097, 0.91339, 0.152757
-50.0593, 2.47871, 0.141857
-39.5997, 1.16982, 0.149864
-39.5993, 1.16982, 0.150014
-43.0715, 0.914304, 0.70934
-141.222, 2.4784, 0.753133
-141.221, 2.4784, 0.753887
-39.3382, 1.06514, 0.715871
-41.1683, 0.91339, 0.0726201
-41.1695, 0.91339, 0.0726928
-40.8477, 2.46959, 0.0648897
-43.4394, 0.91339, 0.593402
-43.4377, 0.91339, 0.593995
-138.146, 2.48327, 0.618105
-39.2842, 1.06563, 0.597148
-39.2844, 1.06563, 0.597745
-43.0183, 0.914304, 0.727914
-141.046, 2.47796, 0.775067
-141.039, 2.47796, 0.775843
-39.3588, 1.0642, 0.734897
-40.6374, 0.91339, 0.0329022
-40.6377, 0.91339, 0.0329351
-40.2459, 2.46391, 0.0288538
-43.2335, 0.91339, 0.665661
-43.2316, 0.91339, 0.666327
-141.194, 2.48185, 0.701872
-39.3346, 1.06363, 0.67106
-39.3349, 1.06363, 0.671731
-42.4289, 0.914304, 0.949223
-129.146, 2.47194, 1.0425
-129.08, 2.47194, 1.04354
-39.3095, 1.08206, 0.964399
-43.1801, 0.91339, 0.222436
-43.1819, 0.91339, 0.222658
-65.9049, 2.48259, 0.212217
-39.3364, 1.1194, 0.220316
-39.3359, 1.1194, 0.220536
-43.6931, 0.914304, 0.460698
-122.489, 2.48257, 0.467626
-122.562, 2.48257, 0.468094
-39.2364, 1.06913, 0.461775
-43.621, 0.91339, 0.521995
-43.6198, 0.91339, 0.522517
-131.53, 2.48438, 0.536673
-39.2514, 1.06736, 0.524255
-39.2514, 1.06736, 0.52478
-41.8957, 0.914304, 0.11925
-44.7864, 2.47323, 0.109201
-44.801, 2.47323, 0.109311
-39.7726, 1.21283, 0.116309
-43.2381, 0.91339, 0.664088
-43.2362, 0.91339, 0.664753
-141.164, 2.48187, 0.700079
-39.3371, 1.06335, 0.669445
-39.3374, 1.06335, 0.670115
-43.7248, 0.914304, 0.356248
-100.872, 2.48275, 0.353066
-100.951, 2.48275, 0.353419
-39.2025, 1.08076, 0.355714
-43.7886, 0.91339, 0.411462
-43.7884, 0.91339, 0.411874
-113.447, 2.48531, 0.413279
-39.2187, 1.07297, 0.411754
-39.2185, 1.07297, 0.412166
-41.728, 0.914304, 0.108512
-43.5183, 2.47208, 0.0988601
-43.5295, 2.47208, 0.098959
-39.8298, 1.23171, 0.105528
-42.9971, 0.91339, 0.746833
-42.995, 0.91339, 0.74758
-140.98, 2.47998, 0.797484
-39.3691, 1.0642, 0.754376
-39.3695, 1.0642, 0.755131
-42.633, 0.914304, 0.867862
-135.149, 2.47433, 0.94284
-135.102, 2.47433, 0.943784
-39.3439, 1.07311, 0.879496
-43.4048, 0.91339, 0.605871
-43.4031, 0.91339, 0.606477
-138.922, 2.48303, 0.632532
-39.2883, 1.06563, 0.60991
-39.2885, 1.06563, 0.61052
-42.9754, 0.914304, 0.742946
-140.778, 2.4776, 0.792873
-140.766, 2.4776, 0.793667
-39.3462, 1.06601, 0.750417
-43.2298, 0.91339, 0.666939
-43.2279, 0.91339, 0.667606
-141.216, 2.48182, 0.703392
-39.3324, 1.06386, 0.672381
-39.3327, 1.06386, 0.673054
-42.3375, 0.914304, 0.988063
-125.878, 2.47073, 1.0907
-125.806, 2.47073, 1.09179
-39.2936, 1.08672, 1.00516
-43.7443, 0.91339, 0.456765
-43.7436, 0.91339, 0.457222
-121.998, 2.48509, 0.463222
-39.2288, 1.07004, 0.457781
-39.2287, 1.07004, 0.458239
-43.2943, 0.914304, 0.631434
-139.919, 2.48006, 0.662093
-139.942, 2.48006, 0.662755
-39.299, 1.06549, 0.636037
-44.3236, 0.896978, 0.55497
-44.3217, 0.896978, 0.555525
-131.329, 2.43844, 0.579234
-39.2705, 1.06602, 0.559089
-39.2706, 1.06602, 0.559649
-42.9168, 0.897876, 0.152604
-49.5063, 2.42942, 0.140158
-49.5315, 2.42942, 0.140298
-39.6059, 1.17175, 0.149174
-43.7484, 0.896978, 0.70934
-43.7457, 0.896978, 0.71005
-136.19, 2.43392, 0.764148
-39.3859, 1.06119, 0.718297
-39.3863, 1.06119, 0.719015
-41.3487, 0.897876, 0.0726201
-40.7781, 2.41735, 0.0637091
-40.7808, 2.41735, 0.0637728
-44.145, 0.897876, 0.593402
-133.785, 2.43505, 0.62452
-133.816, 2.43505, 0.625145
-39.309, 1.06345, 0.598564
-43.6778, 0.896978, 0.727914
-43.6751, 0.896978, 0.728643
-135.827, 2.43327, 0.786893
-39.3821, 1.06234, 0.737603
-39.3825, 1.06234, 0.738341
-40.6799, 0.897876, 0.0329022
-40.2483, 2.40878, 0.0281651
-40.2481, 2.40878, 0.0281933
-43.8769, 0.897876, 0.665661
-136.065, 2.43293, 0.711069
-136.073, 2.43293, 0.71178
-39.365, 1.06113, 0.673056
-42.9063, 0.896978, 0.949223
-42.9033, 0.896978, 0.950173
-122.077, 2.42424, 1.06603
-39.3263, 1.08067, 0.970113
-39.3269, 1.08067, 0.971084
-43.8882, 0.897876, 0.222436
-64.7193, 2.43446, 0.210384
-64.7698, 2.43446, 0.210594
-39.3384, 1.12091, 0.219699
-44.5942, 0.896978, 0.460698
-44.5932, 0.896978, 0.461159
-119.81, 2.44019, 0.470037
-39.2554, 1.06714, 0.462307
-39.2553, 1.06714, 0.46277
-44.3853, 0.897876, 0.521995
-127.903, 2.43673, 0.540668
-127.955, 2.43673, 0.541208
-39.2327, 1.06925, 0.525211
-42.3191, 0.896978, 0.11925
-42.3215, 0.896978, 0.119369
-44.4824, 2.42777, 0.107594
-39.772, 1.21187, 0.115597
-39.7718, 1.21187, 0.115712
-43.8828, 0.897876, 0.664088
-136.052, 2.43299, 0.709136
-136.058, 2.43299, 0.709846
-39.3499, 1.06234, 0.671476
-44.6613, 0.896978, 0.356248
-44.6618, 0.896978, 0.356604
-98.9108, 2.44058, 0.353012
-39.2277, 1.07685, 0.355654
-39.2274, 1.07685, 0.35601
-44.6191, 0.897876, 0.411462
-110.837, 2.43818, 0.414445
-110.91, 2.43818, 0.414859
-39.2259, 1.07208, 0.411989
-42.1009, 0.896978, 0.108512
-42.1031, 0.896978, 0.108621
-43.2798, 2.42622, 0.0973191
-39.8265, 1.22926, 0.104831
-39.8263, 1.22926, 0.104936
-43.5722, 0.897876, 0.746833
-135.012, 2.43016, 0.810188
-134.994, 2.43016, 0.810998
-39.382, 1.06323, 0.757218
-43.1717, 0.896978, 0.867862
-43.1687, 0.896978, 0.86873
-128.662, 2.42782, 0.961673
-39.3691, 1.07098, 0.883885
-39.3696, 1.07098, 0.884769
-44.0998, 0.897876, 0.605871
-134.43, 2.43471, 0.639382
-134.456, 2.43471, 0.640022
-39.311, 1.06365, 0.61143
-43.6211, 0.896978, 0.742946
-43.6183, 0.896978, 0.743689
-135.414, 2.43273, 0.805397
-39.385, 1.06279, 0.753221
-39.3854, 1.06279, 0.753975
-43.872, 0.897876, 0.666939
-136.078, 2.43289, 0.712612
-136.085, 2.43289, 0.713325
-39.3642, 1.06125, 0.674382
-42.788, 0.896978, 0.988063
-42.785, 0.896978, 0.989052
-118.576, 2.4224, 1.11672
-39.3126, 1.08505, 1.01153
-39.3133, 1.08505, 1.01255
-44.5534, 0.897876, 0.456765
-118.998, 2.4378, 0.46552
-119.064, 2.4378, 0.465986
-39.2273, 1.07018, 0.45829
-44.0457, 0.896978, 0.631434
-44.0433, 0.896978, 0.632065
-135.663, 2.43643, 0.669827
-39.3425, 1.06176, 0.637762
-39.3428, 1.06176, 0.6384
-75.4057, 0.522204, 0.55497
-39.4186, 1.08014, 1.10182
-39.4193, 1.08014, 1.10292
-88.0819, 0.522204, 0.152604
-40.4866, 1.3758, 0.119542
-40.4885, 1.3758, 0.119662
-64.4866, 0.522204, 0.70934
-41.8353, 0.848957, 1.69895
-41.8322, 0.848957, 1.70065
-60.6275, 0.522204, 0.0726201
-40.1023, 1.3029, 0.0485428
-40.1019, 1.3029, 0.0485914
-72.3684, 0.522204, 0.593402
-40.2137, 1.01808, 1.24822
-40.214, 1.01808, 1.24947
-63.3993, 0.522204, 0.727914
-41.8861, 0.824832, 1.7706
-41.8827, 0.824832, 1.77237
-45.1969, 0.522204, 0.0329022
-40.3571, 1.2538, 0.0203446
-40.3569, 1.2538, 0.020365
-67.2304, 0.522204, 0.665661
-41.4889, 0.909201, 1.52888
-41.487, 0.909201, 1.53041
-53.5836, 0.522204, 0.949223
-40.9716, 0.607533, 2.55031
-40.9693, 0.607533, 2.55286
-97.2508, 0.522204, 0.222436
-43.0196, 1.41395, 0.206099
-43.0256, 1.41395, 0.206305
-83.6127, 0.522204, 0.460698
-39.7364, 1.23125, 0.769069
-39.7344, 1.23125, 0.769839
-78.1691, 0.522204, 0.521995
-38.9951, 1.13342, 0.980897
-38.9954, 1.13342, 0.981879
-78.7845, 0.522204, 0.11925
-40.0541, 1.34788, 0.0870634
-40.0545, 1.34788, 0.0871505
-67.3342, 0.522204, 0.664088
-41.477, 0.910782, 1.5235
-41.4751, 0.910782, 1.52502
-92.8898, 0.522204, 0.356248
-45.0003, 1.36618, 0.466919
-45.0004, 1.36618, 0.467386
-88.1092, 0.522204, 0.411462
-42.0599, 1.30224, 0.616252
-42.057, 1.30224, 0.616869
-75.0595, 0.522204, 0.108512
-40.0095, 1.33592, 0.077212
-40.0096, 1.33592, 0.0772893
-62.339, 0.522204, 0.746833
-41.8898, 0.801233, 1.84291
-41.8861, 0.801233, 1.84476
-56.5851, 0.522204, 0.867862
-41.3574, 0.673204, 2.28238
-41.3541, 0.673204, 2.28467
-71.4278, 0.522204, 0.605871
-40.4808, 0.998393, 1.29644
-40.4808, 0.998393, 1.29774
-62.553, 0.522204, 0.742946
-41.8928, 0.805931, 1.82819
-41.8891, 0.805931, 1.83002
-67.1463, 0.522204, 0.666939
-41.5037, 0.907397, 1.53385
-41.5017, 0.907397, 1.53538
-52.3563, 0.522204, 0.988063
-40.8363, 0.580297, 2.67061
-40.8345, 0.580297, 2.67328
-83.9712, 0.522204, 0.456765
-39.8693, 1.23715, 0.756349
-39.8672, 1.23715, 0.757105
-69.5699, 0.522204, 0.631434
-40.9734, 0.959739, 1.39507
-40.9726, 0.959739, 1.39647
-83.6964, 0.306695, 0.55497
-40.8964, 0.251701, 1.47941
-40.8937, 0.251701, 1.48089
-179.487, 0.306695, 0.152604
-45.3567, 0.827333, 0.136014
-45.3625, 0.827333, 0.13615
-63.0697, 0.306695, 0.70934
-40.5006, 0.215524, 1.8088
-40.5002, 0.215524, 1.81061
-125.531, 0.306695, 0.0726201
-42.3031, 0.738132, 0.0451016
-42.3067, 0.738132, 0.0451467
-77.379, 0.306695, 0.593402
-40.6976, 0.239759, 1.56453
-40.696, 0.239759, 1.56609
-61.3356, 0.306695, 0.727914
-40.4908, 0.212867, 1.84735
-40.4905, 0.212867, 1.8492
-65.9893, 0.306695, 0.0329022
-40.8843, 0.696818, 0.0186078
-40.8852, 0.696818, 0.0186264
-67.7082, 0.306695, 0.665661
-40.5385, 0.223152, 1.7185
-40.5379, 0.223152, 1.72022
-48.5248, 0.306695, 0.949223
-40.4606, 0.191189, 2.29265
-40.4606, 0.191189, 2.29494
-173.091, 0.306695, 0.222436
-55.9621, 0.759378, 0.338449
-55.962, 0.759378, 0.338788
-103.207, 0.306695, 0.460698
-42.5843, 0.296689, 1.25166
-42.5739, 0.296689, 1.25291
-89.8451, 0.306695, 0.521995
-41.2072, 0.264452, 1.40356
-41.2029, 0.264452, 1.40496
-168.585, 0.306695, 0.11925
-44.1491, 0.7944, 0.088007
-44.1547, 0.7944, 0.088095
-67.8909, 0.306695, 0.664088
-40.5404, 0.223462, 1.71523
-40.5398, 0.223462, 1.71695
-131.929, 0.306695, 0.356248
-53.435, 0.404038, 0.931314
-53.3955, 0.404038, 0.932245
-115.839, 0.306695, 0.411462
-45.5598, 0.335513, 1.11386
-45.5384, 0.335513, 1.11497
-161.894, 0.306695, 0.108512
-43.7586, 0.781838, 0.0764764
-43.764, 0.781838, 0.0765529
-59.7024, 0.306695, 0.746833
-40.483, 0.210011, 1.88517
-40.4828, 0.210011, 1.88705
-51.8767, 0.306695, 0.867862
-40.4634, 0.197298, 2.13018
-40.4634, 0.197298, 2.13231
-75.5137, 0.306695, 0.605871
-40.6551, 0.236232, 1.59123
-40.6538, 0.236232, 1.59283
-60.0274, 0.306695, 0.742946
-40.4845, 0.210653, 1.87768
-40.4843, 0.210653, 1.87956
-67.5605, 0.306695, 0.666939
-40.5369, 0.22287, 1.72107
-40.5363, 0.22287, 1.72279
-47.3055, 0.306695, 0.988063
-40.46, 0.188834, 2.37042
-40.46, 0.188834, 2.37279
-104.153, 0.306695, 0.456765
-42.7308, 0.299032, 1.24125
-42.7197, 0.299032, 1.24249
-71.9539, 0.306695, 0.631434
-40.592, 0.230205, 1.64625
-40.591, 0.230205, 1.6479
-63.8748, 0.640966, 0.55497
-57.1479, 1.62972, 0.792906
-57.1316, 1.62972, 0.793699
-42.611, 0.93094, 0.639993
-64.0311, 0.640325, 0.152604
-64.0524, 0.640325, 0.152757
-42.8589, 1.70196, 0.123052
-57.8985, 0.640325, 0.70934
-57.8738, 0.640325, 0.71005
-43.552, 1.49668, 1.20506
-49.4634, 0.640325, 0.0726201
-49.4782, 0.640325, 0.0726928
-40.1673, 1.64101, 0.0516407
-62.3236, 0.640325, 0.593402
-62.2992, 0.640325, 0.593995
-53.3241, 1.60116, 0.887287
-42.0151, 0.944555, 0.703939
-42.014, 0.944555, 0.704644
-57.224, 0.640966, 0.727914
-42.4626, 1.47676, 1.26077
-42.452, 1.47676, 1.26203
-42.4921, 0.640966, 0.0329022
-40.3035, 1.59435, 0.0218433
-40.3033, 1.59435, 0.0218652
-59.4323, 0.640966, 0.665661
-46.5593, 1.53654, 1.07959
-46.5436, 1.53654, 1.08067
-40.4159, 1.00213, 0.852071
-51.1652, 0.640325, 0.949223
-51.1445, 0.640325, 0.950173
-39.1091, 1.24668, 2.00271
-70.7785, 0.640325, 0.222436
-70.7909, 0.640325, 0.222658
-49.5703, 1.73215, 0.199647
-67.9962, 0.640325, 0.460698
-67.9768, 0.640325, 0.461159
-64.9484, 1.69325, 0.584106
-42.4991, 0.9393, 0.505909
-42.4985, 0.9393, 0.506415
-65.2882, 0.640966, 0.521995
-60.3508, 1.65347, 0.716203
-60.338, 1.65347, 0.71692
-42.8754, 0.926855, 0.5903
-58.6671, 0.640325, 0.11925
-58.6886, 0.640325, 0.119369
-41.082, 1.68059, 0.0913822
-59.5363, 0.640325, 0.664088
-59.5114, 0.640325, 0.664753
-46.7303, 1.5392, 1.07562
-40.4658, 0.999682, 0.848637
-40.4658, 0.999682, 0.849486
-71.6671, 0.640966, 0.356248
-63.994, 1.7335, 0.38988
-64.0131, 1.7335, 0.39027
-39.5677, 1.04402, 0.372344
-69.9775, 0.640325, 0.411462
-69.962, 0.640325, 0.411874
-66.0965, 1.71704, 0.487888
-41.2505, 0.973499, 0.44237
-41.2504, 0.973499, 0.442812
-56.6004, 0.640966, 0.108512
-40.7141, 1.67049, 0.0817038
-40.7166, 1.67049, 0.0817855
-56.5981, 0.640966, 0.746833
-41.5887, 1.4585, 1.31766
-41.5797, 1.4585, 1.31898
-53.0795, 0.640966, 0.867862
-38.9998, 1.33248, 1.71377
-38.9988, 1.33248, 1.71548
-61.7597, 0.640966, 0.605871
-51.9677, 1.58916, 0.919194
-51.9496, 1.58916, 0.920114
-41.7292, 0.952561, 0.726574
-56.7607, 0.640325, 0.742946
-56.7363, 0.640325, 0.743689
-41.7787, 1.4634, 1.30631
-59.4296, 0.640325, 0.666939
-59.4047, 0.640325, 0.667606
-46.5119, 1.53673, 1.08339
-40.4081, 1.00253, 0.855276
-40.4081, 1.00253, 0.856131
-50.3322, 0.640966, 0.988063
-39.3602, 1.20402, 2.14559
-39.3615, 1.20402, 2.14774
-68.0812, 0.640966, 0.456765
-65.0127, 1.69382, 0.575912
-65.0119, 1.69382, 0.576488
-42.4205, 0.941354, 0.500571
-60.7912, 0.640325, 0.631434
-60.7664, 0.640325, 0.632065
-49.5914, 1.56883, 0.986182
-41.1972, 0.969498, 0.77635
-41.1967, 0.969498, 0.777126
-45.0065, 0.883629, 0.55497
-127.777, 2.39644, 0.583987
-127.814, 2.39644, 0.584572
-39.2753, 1.0656, 0.560299
-43.4689, 0.882746, 0.152604
-43.4721, 0.882746, 0.152757
-49.0576, 2.391, 0.138706
-39.6057, 1.17096, 0.148523
-39.6053, 1.17096, 0.148672
-44.3021, 0.883629, 0.70934
-131.168, 2.39027, 0.774565
-131.158, 2.39027, 0.77534
-39.3841, 1.06145, 0.720919
-41.5441, 0.882746, 0.0726201
-41.5458, 0.882746, 0.0726928
-40.7247, 2.37637, 0.0627582
-44.8826, 0.882746, 0.593402
-44.8799, 0.882746, 0.593995
-130.356, 2.39752, 0.630567
-39.3334, 1.0614, 0.600095
-39.3336, 1.0614, 0.600696
-44.2166, 0.883629, 0.727914
-130.638, 2.38938, 0.798104
-130.62, 2.38938, 0.798903
-39.3941, 1.06146, 0.740359
-40.7252, 0.882746, 0.0329022
-40.7257, 0.882746, 0.0329351
-40.2506, 2.365, 0.027609
-44.5453, 0.882746, 0.665661
-44.5422, 0.882746, 0.666327
-131.983, 2.39462, 0.719756
-39.3988, 1.05847, 0.6752
-39.3991, 1.05847, 0.675875
-43.2896, 0.883629, 0.949223
-115.275, 2.37708, 1.08844
-115.206, 2.37708, 1.08953
-39.325, 1.08121, 0.976059
-44.6531, 0.882746, 0.222436
-44.656, 0.882746, 0.222658
-63.842, 2.39738, 0.209132
-39.3394, 1.1202, 0.219185
-39.3388, 1.1202, 0.219405
-45.3471, 0.883629, 0.460698
-117.113, 2.3988, 0.472356
-117.176, 2.3988, 0.472829
-39.2501, 1.06768, 0.462882
-45.1892, 0.882746, 0.521995
-45.1871, 0.882746, 0.522517
-125.088, 2.39978, 0.544675
-39.2449, 1.06802, 0.526246
-39.2449, 1.06802, 0.526772
-42.6823, 0.883629, 0.11925
-44.2463, 2.38408, 0.106451
-44.2593, 2.38408, 0.106557
-39.7742, 1.21233, 0.115017
-44.5527, 0.882746, 0.664088
-44.5496, 0.882746, 0.664753
-131.983, 2.3947, 0.717766
-39.3826, 1.05972, 0.673616
-39.3829, 1.05972, 0.67429
-45.4514, 0.883629, 0.356248
-97.0722, 2.39948, 0.353464
-97.1435, 2.39948, 0.353818
-39.2134, 1.079, 0.35569
-45.5015, 0.882746, 0.411462
-45.501, 0.882746, 0.411874
-108.813, 2.40183, 0.415587
-39.2494, 1.06934, 0.41225
-39.2492, 1.06934, 0.412662
-42.4207, 0.883629, 0.108512
-43.0942, 2.38215, 0.0961994
-43.1042, 2.38215, 0.0962956
-39.8274, 1.22922, 0.104252
-44.1658, 0.882746, 0.746833
-44.1624, 0.882746, 0.74758
-130.203, 2.39086, 0.822178
-39.4081, 1.06118, 0.760228
-39.4085, 1.06118, 0.760989
-43.6069, 0.883629, 0.867862
-122.35, 2.382, 0.979426
-122.296, 2.382, 0.980405
-39.3561, 1.07248, 0.888584
-44.8254, 0.882746, 0.605871
-44.8226, 0.882746, 0.606477
-130.889, 2.39704, 0.645898
-39.3533, 1.06011, 0.613024
-39.3535, 1.06011, 0.613637
-44.1479, 0.883629, 0.742946
-130.09, 2.38866, 0.817226
-130.067, 2.38866, 0.818044
-39.3935, 1.06221, 0.756153
-44.5393, 0.882746, 0.666939
-44.5361, 0.882746, 0.667606
-131.984, 2.39457, 0.721349
-39.3959, 1.05876, 0.676547
-39.3962, 1.05876, 0.677223
-43.1486, 0.883629, 0.988063
-111.601, 2.37458, 1.14142
-111.528, 2.37458, 1.14256
-39.3112, 1.0857, 1.01818
-45.4096, 0.882746, 0.456765
-45.4083, 0.882746, 0.457222
-116.679, 2.40128, 0.467734
-39.2426, 1.06853, 0.458841
-39.2425, 1.06853, 0.4593
-44.6644, 0.883629, 0.631434
-131.389, 2.39364, 0.677338
-131.401, 2.39364, 0.678015
-39.3549, 1.06079, 0.639603
-54.5706, 0.156906, 0.55497
-54.5046, 0.156906, 0.555525
-40.4596, 0.0902406, 1.27579
-265.487, 0.156906, 0.152604
-265.366, 0.156906, 0.152757
-123.924, 0.235955, 0.380421
-40.4592, 1.20065, 14.6911
-40.4592, 1.20065, 14.7058
-44.4432, 0.157063, 0.70934
-40.4593, 0.0865485, 1.58463
-40.4593, 0.0865485, 1.58621
-273.251, 0.157063, 0.0726201
-66.3344, 0.391584, 0.048462
-66.3781, 0.391584, 0.0485105
-50.7082, 0.157063, 0.593402
-40.4594, 0.0890248, 1.35259
-40.4594, 0.0890248, 1.35394
-43.9035, 0.157063, 0.727914
-40.4593, 0.0862464, 1.6219
-40.4593, 0.0862464, 1.62352
-153.03, 0.157063, 0.0329022
-45.5246, 0.347364, 0.0179317
-45.5359, 0.347364, 0.0179497
-46.108, 0.157063, 0.665661
-40.4593, 0.0873547, 1.49717
-40.4593, 0.0873547, 1.49867
-41.1471, 0.157063, 0.949223
-40.4593, 0.0836928, 2.06619
-40.4593, 0.0836928, 2.06825
-205.232, 0.157063, 0.222436
-46.0398, 0.13515, 0.597908
-46.0085, 0.13515, 0.598506
-71.6319, 0.157063, 0.460698
-40.4638, 0.0940752, 1.08789
-40.4638, 0.0940752, 1.08898
-59.1504, 0.157063, 0.521995
-40.4601, 0.0912857, 1.20986
-40.4601, 0.0912857, 1.21107
-286.845, 0.157063, 0.11925
-139.561, 0.391291, 0.178998
-139.581, 0.391291, 0.179177
-642.709, 15.1487, 0.908674
-45.0073, 0.883133, 0.257027
-45.0096, 0.883133, 0.257284
-46.1805, 0.157063, 0.664088
-40.4593, 0.0873847, 1.494
-40.4593, 0.0873847, 1.4955
-111.057, 0.157063, 0.356248
-40.54, 0.101998, 0.878423
-40.5393, 0.101998, 0.879301
-86.8379, 0.157063, 0.411462
-40.4767, 0.0970489, 0.989055
-40.4766, 0.0970489, 0.990044
-290.26, 0.157063, 0.108512
-112.673, 0.421394, 0.126699
-112.728, 0.421394, 0.126825
-57.8692, 21.9442, 0.235476
-43.4214, 0.156906, 0.746833
-43.4044, 0.156906, 0.74758
-40.4593, 0.0860559, 1.66005
-41.6681, 0.156906, 0.867862
-41.6606, 0.156906, 0.86873
-40.4593, 0.0845466, 1.90294
-49.6627, 0.156906, 0.605871
-49.6163, 0.156906, 0.606477
-40.4593, 0.0887888, 1.37753
-43.5115, 0.156906, 0.742946
-43.494, 0.156906, 0.743689
-40.4593, 0.0860987, 1.65203
-46.0282, 0.156906, 0.666939
-45.9982, 0.156906, 0.667606
-40.4593, 0.0874167, 1.49973
-40.9844, 0.156906, 0.988063
-40.9809, 0.156906, 0.989052
-40.4593, 0.0834791, 2.14453
-72.5844, 0.156906, 0.456765
-72.464, 0.156906, 0.457222
-40.4644, 0.0943227, 1.07965
-47.9041, 0.156906, 0.631434
-47.8654, 0.156906, 0.632065
-40.4593, 0.0881726, 1.42866
-47.1628, 0.127694, 0.55497
-47.1254, 0.127694, 0.555525
-40.4593, 0.0705627, 1.24052
-271.234, 0.127694, 0.152604
-271.065, 0.127694, 0.152757
-70.0329, 0.129717, 0.414776
-42.0036, 0.127694, 0.70934
-41.9939, 0.127694, 0.71005
-40.4593, 0.0685302, 1.5504
-317.023, 0.127694, 0.0726201
-317.084, 0.127694, 0.0726928
-88.2901, 0.33189, 0.0538382
-45.0336, 0.127694, 0.593402
-45.007, 0.127694, 0.593995
-40.4593, 0.0699317, 1.31755
-41.7687, 0.127694, 0.727914
-41.7603, 0.127694, 0.728643
-40.4593, 0.0683653, 1.58794
-198.883, 0.127694, 0.0329022
-199.068, 0.127694, 0.0329351
-49.7427, 0.282711, 0.0179099
-42.7569, 0.127694, 0.665661
-42.7428, 0.127694, 0.666327
-40.4593, 0.0689848, 1.46256
-40.6658, 0.127694, 0.949223
-40.6642, 0.127694, 0.950173
-40.4593, 0.0668653, 2.03311
-194.162, 0.127694, 0.222436
-193.93, 0.127694, 0.222658
-41.5966, 0.0926787, 0.57338
-58.1256, 0.127694, 0.460698
-58.0413, 0.127694, 0.461159
-40.4596, 0.0727087, 1.05195
-49.8336, 0.127694, 0.521995
-49.7835, 0.127694, 0.522517
-40.4593, 0.0712, 1.17449
-305.14, 0.127694, 0.11925
-305.036, 0.127694, 0.119369
-168.533, 0.212635, 0.282032
-40.3762, 1.62677, 8.82391
-40.3766, 1.62677, 8.83274
-42.8018, 0.127821, 0.664088
-40.4593, 0.0689412, 1.45952
-40.4593, 0.0689412, 1.46098
-91.2109, 0.127821, 0.356248
-40.4696, 0.0768619, 0.843202
-40.4695, 0.0768619, 0.844045
-69.8584, 0.127821, 0.411462
-40.4609, 0.0742663, 0.953472
-40.4609, 0.0742663, 0.954426
-313.536, 0.127821, 0.108512
-190.737, 0.270455, 0.210137
-190.668, 0.270455, 0.210347
-269.4, 5.448, 2.95532
-39.6214, 1.04309, 0.689859
-39.6217, 1.04309, 0.690549
-41.5743, 0.127821, 0.746833
-40.4593, 0.0681265, 1.62594
-40.4593, 0.0681265, 1.62756
-40.8613, 0.127821, 0.867862
-40.4593, 0.0672535, 1.86952
-40.4593, 0.0672535, 1.87139
-44.5276, 0.127821, 0.605871
-40.4593, 0.0696755, 1.34251
-40.4593, 0.0696755, 1.34385
-41.6128, 0.127821, 0.742946
-40.4593, 0.0681373, 1.61768
-40.4593, 0.0681373, 1.6193
-42.7408, 0.127821, 0.666939
-40.4593, 0.0689021, 1.46514
-40.4593, 0.0689021, 1.4666
-40.6116, 0.127821, 0.988063
-40.4593, 0.0666141, 2.11132
-40.4593, 0.0666141, 2.11343
-58.9196, 0.127821, 0.456765
-40.4596, 0.0727437, 1.04402
-40.4596, 0.0727437, 1.04507
-43.6416, 0.127821, 0.631434
-40.4593, 0.0693269, 1.39378
-40.4593, 0.0693269, 1.39518
-52.3204, 0.771715, 0.55497
-98.5206, 2.07341, 0.641983
-98.5235, 2.07341, 0.642625
-39.3543, 1.05919, 0.581453
-49.6816, 0.770944, 0.152604
-49.6911, 0.770944, 0.152757
-45.9743, 2.07075, 0.129987
-49.9627, 0.770944, 0.70934
-49.9521, 0.770944, 0.71005
-89.2986, 2.04041, 0.896159
-39.3779, 1.06401, 0.766476
-39.3783, 1.06401, 0.767243
-43.7629, 0.771715, 0.0726201
-40.3997, 2.031, 0.0566493
-40.4009, 2.031, 0.056706
-51.7116, 0.771715, 0.593402
-97.5171, 2.06585, 0.702395
-97.5092, 2.06585, 0.703098
-39.3679, 1.05931, 0.626445
-49.6895, 0.770944, 0.727914
-49.6789, 0.770944, 0.728643
-87.4418, 2.0354, 0.928859
-39.3732, 1.06553, 0.7896
-39.3736, 1.06553, 0.79039
-41.2227, 0.771715, 0.0329022
-40.2698, 1.99951, 0.0243055
-40.2696, 1.99951, 0.0243298
-50.5775, 0.771715, 0.665661
-93.0263, 2.04955, 0.820986
-92.9992, 2.04955, 0.821808
-39.3854, 1.06101, 0.712705
-46.91, 0.770944, 0.949223
-46.9, 0.770944, 0.950173
-63.5559, 1.96389, 1.3566
-39.1952, 1.10603, 1.08966
-39.1959, 1.10603, 1.09075
-52.9234, 0.771715, 0.222436
-57.0215, 2.08571, 0.201797
-57.056, 2.08571, 0.201998
-39.351, 1.11869, 0.2145
-53.7791, 0.770944, 0.460698
-53.773, 0.770944, 0.461159
-95.7688, 2.09002, 0.501956
-39.2482, 1.06772, 0.473797
-39.2481, 1.06772, 0.474271
-52.8322, 0.771715, 0.521995
-98.4226, 2.07919, 0.591678
-98.4359, 2.07919, 0.59227
-39.3253, 1.06086, 0.543402
-47.3956, 0.770944, 0.11925
-47.4044, 0.770944, 0.119369
-42.6083, 2.05836, 0.0982453
-50.6499, 0.770944, 0.664088
-50.6396, 0.770944, 0.664753
-93.3581, 2.05195, 0.818388
-39.3931, 1.0603, 0.710877
-39.3935, 1.0603, 0.711588
-54.618, 0.771715, 0.356248
-82.6585, 2.09549, 0.360594
-82.7068, 2.09549, 0.360955
-39.1887, 1.08281, 0.357714
-54.3452, 0.770944, 0.411462
-54.3413, 0.770944, 0.411874
-90.8645, 2.0949, 0.433445
-39.1622, 1.08023, 0.41876
-39.162, 1.08023, 0.419179
-46.5445, 0.771715, 0.108512
-41.8297, 2.05062, 0.0881975
-41.8357, 2.05062, 0.0882857
-49.3766, 0.771715, 0.746833
-85.2722, 2.02811, 0.962641
-85.2299, 2.02811, 0.963604
-39.3486, 1.06895, 0.813501
-47.8276, 0.770944, 0.867862
-47.8172, 0.770944, 0.86873
-72.0757, 1.99276, 1.19074
-39.2698, 1.08708, 0.973213
-39.2704, 1.08708, 0.974187
-51.5137, 0.771715, 0.605871
-96.9655, 2.06322, 0.722388
-96.9532, 2.06322, 0.723111
-39.3801, 1.05879, 0.641095
-49.4726, 0.770944, 0.742946
-49.462, 0.770944, 0.743689
-85.8907, 2.0313, 0.955552
-39.3624, 1.06744, 0.808548
-39.3629, 1.06744, 0.809357
-50.5579, 0.771715, 0.666939
-92.9162, 2.0492, 0.823221
-92.8885, 2.0492, 0.824045
-39.3827, 1.0613, 0.71431
-46.5127, 0.770944, 0.988063
-46.5029, 0.770944, 0.989052
-59.8546, 1.9488, 1.44001
-39.158, 1.11723, 1.14894
-39.1587, 1.11723, 1.15009
-53.7595, 0.771715, 0.456765
-95.2917, 2.08846, 0.496199
-95.3229, 2.08846, 0.496695
-39.2274, 1.06997, 0.469337
-51.1614, 0.770944, 0.631434
-51.1514, 0.770944, 0.632065
-95.7329, 2.05966, 0.763967
-39.3948, 1.05866, 0.671521
-39.3951, 1.05866, 0.672193
-64.3597, 0.191666, 0.55497
-40.4637, 0.116417, 1.32126
-40.4637, 0.116417, 1.32258
-249.793, 0.191666, 0.152604
-122.001, 0.433643, 0.271461
-121.974, 0.433643, 0.271733
-1063.16, 11.4198, 2.71814
-46.2024, 0.870355, 0.443494
-46.2011, 0.870355, 0.443937
-48.726, 0.191666, 0.70934
-40.4594, 0.109907, 1.62963
-40.4594, 0.109907, 1.63126
-226.579, 0.191666, 0.0726201
-54.1715, 0.467189, 0.0462087
-54.1966, 0.467189, 0.0462549
-58.8063, 0.191666, 0.593402
-40.4612, 0.114354, 1.39799
-40.4611, 0.114354, 1.39939
-47.7493, 0.191666, 0.727914
-40.4594, 0.109363, 1.66673
-40.4594, 0.109363, 1.6684
-117.476, 0.191666, 0.0329022
-43.1392, 0.425905, 0.0180442
-43.1451, 0.425905, 0.0180623
-51.6024, 0.191666, 0.665661
-40.4596, 0.111346, 1.54239
-40.4596, 0.111346, 1.54394
-42.2304, 0.191666, 0.949223
-40.4593, 0.104902, 2.1098
-40.4593, 0.104902, 2.11191
-206.248, 0.191666, 0.222436
-63.187, 0.215477, 0.600426
-63.1038, 0.215477, 0.601027
-85.3967, 0.191666, 0.460698
-40.4968, 0.123688, 1.13253
-40.4964, 0.123688, 1.13366
-70.3767, 0.191666, 0.521995
-40.4686, 0.118536, 1.25536
-40.4685, 0.118536, 1.25662
-259.114, 0.191666, 0.11925
-79.8933, 0.520402, 0.121343
-79.9332, 0.520402, 0.121464
-51.7235, 0.191666, 0.664088
-40.4597, 0.111415, 1.53936
-40.4596, 0.111415, 1.5409
-125.667, 0.191666, 0.356248
-40.9057, 0.139702, 0.920244
-40.9026, 0.139702, 0.921165
-101.841, 0.191666, 0.411462
-40.5768, 0.129708, 1.03355
-40.5759, 0.129708, 1.03459
-257.977, 0.191666, 0.108512
-71.0551, 0.515683, 0.0947355
-71.0935, 0.515683, 0.0948303
-46.879, 0.191666, 0.746833
-40.4593, 0.108847, 1.70456
-40.4593, 0.108847, 1.70626
-43.3826, 0.191666, 0.867862
-40.4593, 0.106208, 1.94673
-40.4593, 0.106208, 1.94868
-57.2924, 0.191666, 0.605871
-40.4607, 0.113815, 1.42328
-40.4607, 0.113815, 1.42471
-47.0483, 0.191666, 0.742946
-40.4593, 0.108951, 1.69679
-40.4593, 0.108951, 1.69849
-51.505, 0.191666, 0.666939
-40.4596, 0.11129, 1.54485
-40.4596, 0.11129, 1.5464
-41.8639, 0.191666, 0.988063
-40.4593, 0.104402, 2.18819
-40.4593, 0.104402, 2.19038
-86.5561, 0.191666, 0.456765
-40.5003, 0.124114, 1.12473
-40.5, 0.124114, 1.12585
-54.5672, 0.191666, 0.631434
-40.4601, 0.112656, 1.47399
-40.4601, 0.112656, 1.47547
-44.7942, 0.887693, 0.55497
-128.739, 2.40774, 0.582624
-128.778, 2.40774, 0.583206
-39.2765, 1.06548, 0.559924
-43.315, 0.886805, 0.152604
-43.3181, 0.886805, 0.152757
-49.1683, 2.4025, 0.139009
-39.6052, 1.17093, 0.148681
-39.6049, 1.17093, 0.148829
-44.1306, 0.887693, 0.70934
-132.539, 2.40208, 0.771508
-132.529, 2.40208, 0.77228
-39.3919, 1.06078, 0.720074
-41.4897, 0.886805, 0.0726201
-41.4914, 0.886805, 0.0726928
-40.7397, 2.38876, 0.063023
-44.6799, 0.886805, 0.593402
-44.6774, 0.886805, 0.593995
-131.413, 2.40895, 0.628811
-39.3362, 1.06115, 0.599617
-39.3364, 1.06115, 0.600217
-44.0498, 0.887693, 0.727914
-132.053, 2.40127, 0.794813
-132.036, 2.40127, 0.795609
-39.3853, 1.06215, 0.739534
-40.7126, 0.886805, 0.0329022
-40.7131, 0.886805, 0.0329351
-40.2499, 2.37822, 0.0277647
-44.362, 0.886805, 0.665661
-44.3591, 0.886805, 0.666327
-133.237, 2.40629, 0.717213
-39.3852, 1.05954, 0.674581
-39.3855, 1.05954, 0.675256
-43.1715, 0.887693, 0.949223
-117.151, 2.38998, 1.08181
-117.083, 2.38998, 1.08289
-39.3264, 1.08093, 0.974202
-44.4406, 0.886805, 0.222436
-44.4433, 0.886805, 0.222658
-64.1739, 2.40886, 0.209776
-39.3388, 1.12011, 0.219407
-39.3383, 1.12011, 0.219627
-45.1125, 0.887693, 0.460698
-117.849, 2.4099, 0.471805
-117.911, 2.4099, 0.472277
-39.2253, 1.07031, 0.462757
-44.9678, 0.886805, 0.521995
-44.9659, 0.886805, 0.522517
-125.944, 2.41106, 0.543321
-39.2456, 1.06795, 0.525897
-39.2456, 1.06795, 0.526424
-42.5682, 0.887693, 0.11925
-44.3107, 2.39585, 0.106768
-44.3239, 2.39585, 0.106874
-39.7744, 1.2126, 0.115183
-44.369, 0.886805, 0.664088
-44.3661, 0.886805, 0.664753
-133.233, 2.40636, 0.715239
-39.3888, 1.05919, 0.672924
-39.3891, 1.05919, 0.673597
-45.2045, 0.887693, 0.356248
-97.5408, 2.4105, 0.353186
-97.6136, 2.4105, 0.35354
-39.2159, 1.07861, 0.355649
-45.2576, 0.886805, 0.411462
-45.2572, 0.886805, 0.411874
-109.389, 2.41291, 0.415017
-39.256, 1.06863, 0.412123
-39.2558, 1.06863, 0.412535
-42.3203, 0.887693, 0.108512
-43.1449, 2.39403, 0.0965101
-43.155, 2.39403, 0.0966067
-39.8279, 1.22965, 0.104418
-44.0034, 0.886805, 0.746833
-44.0002, 0.886805, 0.74758
-131.67, 2.40283, 0.818649
-39.4074, 1.0612, 0.759298
-39.4078, 1.0612, 0.760058
-43.4726, 0.887693, 0.867862
-124.086, 2.39449, 0.974193
-124.033, 2.39449, 0.975167
-39.3553, 1.07248, 0.887169
-44.6261, 0.886805, 0.605871
-44.6235, 0.886805, 0.606477
-131.977, 2.4085, 0.644014
-39.3365, 1.06149, 0.612571
-39.3367, 1.06149, 0.613184
-43.9849, 0.887693, 0.742946
-131.544, 2.4006, 0.813746
-131.522, 2.4006, 0.81456
-39.3858, 1.06282, 0.755274
-44.3563, 0.886805, 0.666939
-44.3534, 0.886805, 0.667606
-133.24, 2.40625, 0.718753
-39.3826, 1.0598, 0.675916
-39.383, 1.0598, 0.676593
-43.0377, 0.887693, 0.988063
-113.528, 2.38768, 1.1341
-113.454, 2.38768, 1.13524
-39.3051, 1.08624, 1.01621
-45.1733, 0.886805, 0.456765
-45.1721, 0.886805, 0.457222
-117.415, 2.41238, 0.467233
-39.2507, 1.06768, 0.458691
-39.2506, 1.06768, 0.45915
-44.4724, 0.887693, 0.631434
-132.546, 2.40521, 0.675063
-132.562, 2.40521, 0.675738
-39.3605, 1.06031, 0.638992
-68.9971, 0.209606, 0.55497
-68.8989, 0.209606, 0.555525
-40.4716, 0.132181, 1.34717
-239.645, 0.209606, 0.152604
-239.594, 0.209606, 0.152757
-95.4692, 0.52896, 0.223314
-721.69, 21.3467, 1.02404
-722.778, 21.3467, 1.02507
-43.1882, 0.921165, 0.280616
-51.2661, 0.209606, 0.70934
-51.218, 0.209606, 0.71005
-40.4598, 0.123385, 1.65534
-205.468, 0.209606, 0.0726201
-205.591, 0.209606, 0.0726928
-50.4258, 0.508522, 0.0456126
-62.9079, 0.209606, 0.593402
-62.8243, 0.209606, 0.593995
-40.4648, 0.129305, 1.42355
-50.0786, 0.209606, 0.727914
-50.0349, 0.209606, 0.728643
-40.4596, 0.122639, 1.69218
-104.339, 0.209606, 0.0329022
-104.442, 0.209606, 0.0329351
-42.4226, 0.467553, 0.0180881
-54.6897, 0.209606, 0.665661
-54.63, 0.209606, 0.666327
-40.4605, 0.125302, 1.56817
-43.0128, 0.209606, 0.949223
-42.999, 0.209606, 0.950173
-40.4593, 0.11679, 2.13465
-203.687, 0.209606, 0.222436
-203.554, 0.209606, 0.222658
-76.6625, 0.277894, 0.580763
-90.8938, 0.209606, 0.460698
-90.7585, 0.209606, 0.461159
-40.5475, 0.142002, 1.15678
-75.4205, 0.209606, 0.521995
-75.3092, 0.209606, 0.522517
-40.4836, 0.134934, 1.28043
-243.857, 0.209606, 0.11925
-243.875, 0.209606, 0.119369
-66.409, 0.567569, 0.10806
-54.8318, 0.209606, 0.664088
-54.7716, 0.209606, 0.664753
-40.4606, 0.125379, 1.56505
-130.097, 0.209606, 0.356248
-129.933, 0.209606, 0.356604
-41.3877, 0.164497, 0.939708
-107.207, 0.209606, 0.411462
-107.055, 0.209606, 0.411874
-40.7177, 0.150355, 1.05634
-240.982, 0.209606, 0.108512
-241.025, 0.209606, 0.108621
-61.5464, 0.557291, 0.087617
-49.0079, 0.209606, 0.746833
-48.9683, 0.209606, 0.74758
-40.4595, 0.121949, 1.72989
-44.5544, 0.209606, 0.867862
-44.5334, 0.209606, 0.86873
-40.4593, 0.118492, 1.97183
-61.215, 0.209606, 0.605871
-61.136, 0.209606, 0.606477
-40.4636, 0.128494, 1.44837
-49.2173, 0.209606, 0.742946
-49.1768, 0.209606, 0.743689
-40.4595, 0.122094, 1.72221
-54.5753, 0.209606, 0.666939
-54.5159, 0.209606, 0.667606
-40.4605, 0.125197, 1.57039
-42.5109, 0.209606, 0.988063
-42.4996, 0.209606, 0.989052
-40.4593, 0.116104, 2.21249
-92.0623, 0.209606, 0.456765
-91.9254, 0.209606, 0.457222
-40.5556, 0.142691, 1.14924
-58.1248, 0.209606, 0.631434
-58.0545, 0.209606, 0.632065
-40.4618, 0.127058, 1.49982
-83.8059, 0.409289, 0.55497
-83.7332, 0.409289, 0.555525
-44.2526, 0.530017, 1.45855
-126.774, 0.409289, 0.152604
-126.815, 0.409289, 0.152757
-39.8175, 1.08447, 0.12137
-67.2655, 0.409289, 0.70934
-67.2049, 0.409289, 0.71005
-41.1192, 0.401904, 1.92783
-83.1509, 0.409289, 0.0726201
-83.2097, 0.409289, 0.0726928
-40.4578, 1.00053, 0.0462894
-79.0158, 0.409289, 0.593402
-78.9455, 0.409289, 0.593995
-42.9902, 0.488163, 1.58827
-65.7233, 0.409289, 0.727914
-65.6647, 0.409289, 0.728643
-40.9888, 0.391811, 1.9767
-51.4454, 0.409289, 0.0329022
-51.4675, 0.409289, 0.0329351
-40.491, 0.954262, 0.0192901
-71.2443, 0.409289, 0.665661
-71.1798, 0.409289, 0.666327
-41.5648, 0.429086, 1.80752
-52.8322, 0.409289, 0.949223
-52.7944, 0.409289, 0.950173
-40.5, 0.316236, 2.49374
-133.541, 0.409289, 0.222436
-133.533, 0.409289, 0.222658
-39.3028, 1.11199, 0.235019
-97.5775, 0.409289, 0.460698
-97.5034, 0.409289, 0.461159
-47.7855, 0.669268, 1.10107
-88.2975, 0.409289, 0.521995
-88.2236, 0.409289, 0.522517
-45.5723, 0.571898, 1.33996
-114.108, 0.409289, 0.11925
-114.167, 0.409289, 0.119369
-40.147, 1.05318, 0.0857719
-71.3972, 0.409289, 0.664088
-71.3325, 0.409289, 0.664753
-41.5859, 0.430235, 1.80302
-115.542, 0.409289, 0.356248
-115.479, 0.409289, 0.356604
-43.9106, 0.897351, 0.662723
-105.815, 0.409289, 0.411462
-105.744, 0.409289, 0.411874
-47.594, 0.76868, 0.895083
-108.333, 0.409289, 0.108512
-108.397, 0.409289, 0.108621
-40.2496, 1.04025, 0.0754809
-64.2391, 0.409289, 0.746833
-64.1821, 0.409289, 0.74758
-40.8838, 0.382656, 2.02537
-56.5548, 0.409289, 0.867862
-56.5096, 0.409289, 0.86873
-40.5628, 0.337171, 2.31431
-77.5623, 0.409289, 0.605871
-77.4928, 0.409289, 0.606477
-42.6698, 0.47703, 1.62786
-64.5371, 0.409289, 0.742946
-64.4798, 0.409289, 0.743689
-40.9038, 0.384548, 2.01548
-71.1205, 0.409289, 0.666939
-71.0561, 0.409289, 0.667606
-41.5463, 0.427951, 1.81121
-51.3767, 0.409289, 0.988063
-51.3421, 0.409289, 0.989052
-40.4854, 0.307979, 2.57642
-98.2124, 0.409289, 0.456765
-98.1383, 0.409289, 0.457222
-47.8607, 0.677027, 1.08449
-74.7318, 0.409289, 0.631434
-74.6644, 0.409289, 0.632065
-42.1096, 0.454808, 1.70705
-44.477, 0.893908, 0.55497
-44.475, 0.893908, 0.555525
-130.613, 2.42993, 0.580138
-39.2706, 1.06602, 0.559325
-39.2707, 1.06602, 0.559885
-43.0243, 0.894803, 0.152604
-49.4175, 2.42072, 0.139904
-49.4425, 2.42072, 0.140044
-39.6063, 1.17178, 0.149057
-43.8733, 0.893908, 0.70934
-43.8705, 0.893908, 0.71005
-135.173, 2.42506, 0.766323
-39.4001, 1.06005, 0.718774
-39.4005, 1.06005, 0.719493
-41.3868, 0.894803, 0.0726201
-40.766, 2.40801, 0.0634986
-40.7686, 2.40801, 0.0635621
-44.2909, 0.894803, 0.593402
-133.004, 2.42647, 0.625765
-133.034, 2.42647, 0.626392
-39.3081, 1.06354, 0.598878
-43.7994, 0.893908, 0.727914
-43.7965, 0.893908, 0.728643
-134.779, 2.42437, 0.78923
-39.3952, 1.06127, 0.738122
-39.3956, 1.06127, 0.73886
-40.6887, 0.894803, 0.0329022
-40.2487, 2.39886, 0.0280427
-40.2485, 2.39886, 0.0280708
-44.0094, 0.894803, 0.665661
-135.142, 2.42419, 0.712856
-135.148, 2.42419, 0.713569
-39.3628, 1.06134, 0.673508
-42.9933, 0.893908, 0.949223
-42.9902, 0.893908, 0.950173
-120.676, 2.41468, 1.07074
-39.3243, 1.08096, 0.971362
-39.3249, 1.08096, 0.972334
-44.0376, 0.894803, 0.222436
-64.541, 2.426, 0.210189
-64.5911, 2.426, 0.210399
-39.3387, 1.12111, 0.219609
-44.7628, 0.893908, 0.460698
-44.7617, 0.893908, 0.461159
-119.292, 2.43177, 0.470662
-39.2492, 1.06777, 0.462454
-39.2491, 1.06777, 0.462917
-44.5439, 0.894803, 0.521995
-127.244, 2.42828, 0.541369
-127.294, 2.42828, 0.541911
-39.2244, 1.0701, 0.525412
-42.3997, 0.893908, 0.11925
-42.4022, 0.893908, 0.119369
-44.4313, 2.41886, 0.107339
-39.7721, 1.21176, 0.115472
-39.7718, 1.21176, 0.115588
-44.0156, 0.894803, 0.664088
-135.13, 2.42424, 0.710984
-135.137, 2.42424, 0.711696
-39.3659, 1.06102, 0.671872
-44.8377, 0.893908, 0.356248
-44.8381, 0.893908, 0.356604
-98.5612, 2.43223, 0.353183
-39.2263, 1.07706, 0.355675
-39.226, 1.07706, 0.356031
-44.7925, 0.894803, 0.411462
-110.331, 2.42983, 0.414448
-110.403, 2.42983, 0.414863
-39.2238, 1.07233, 0.412001
-42.1719, 0.893908, 0.108512
-42.1742, 0.893908, 0.108621
-43.2395, 2.41723, 0.0970703
-39.8263, 1.22904, 0.104707
-39.8261, 1.22904, 0.104811
-43.6902, 0.894803, 0.746833
-133.928, 2.42122, 0.812675
-133.907, 2.42122, 0.813488
-39.3751, 1.06384, 0.757872
-43.2702, 0.893908, 0.867862
-43.2672, 0.893908, 0.86873
-127.379, 2.41855, 0.965311
-39.3603, 1.07186, 0.884889
-39.3609, 1.07186, 0.885775
-44.2433, 0.894803, 0.605871
-133.617, 2.4261, 0.640707
-133.644, 2.4261, 0.641348
-39.3153, 1.06327, 0.611751
-43.74, 0.893908, 0.742946
-43.7371, 0.893908, 0.743689
-134.338, 2.4238, 0.807835
-39.3971, 1.0618, 0.753769
-39.3976, 1.0618, 0.754523
-44.0043, 0.894803, 0.666939
-135.15, 2.42414, 0.714438
-135.155, 2.42414, 0.715153
-39.3601, 1.06161, 0.674847
-42.8699, 0.893908, 0.988063
-42.8669, 0.893908, 0.989052
-117.134, 2.4127, 1.1219
-39.3142, 1.08498, 1.01288
-39.3149, 1.08498, 1.0139
-44.722, 0.894803, 0.456765
-118.477, 2.42939, 0.466126
-118.543, 2.42939, 0.466592
-39.2215, 1.07082, 0.458432
-44.1849, 0.893908, 0.631434
-44.1824, 0.893908, 0.632065
-134.803, 2.42774, 0.67144
-39.36, 1.06033, 0.638104
-39.3602, 1.06033, 0.638742
-72.8761, 0.548976, 0.55497
-39.1268, 1.21821, 1.0138
-39.1257, 1.21821, 1.01482
-81.4007, 0.548976, 0.152604
-40.9555, 1.44849, 0.120262
-40.9586, 1.44849, 0.120382
-63.1852, 0.548976, 0.70934
-40.5239, 0.993606, 1.5854
-40.5238, 0.993606, 1.58698
-57.3172, 0.548976, 0.0726201
-40.0969, 1.37543, 0.0490129
-40.0966, 1.37543, 0.0490619
-70.2043, 0.548976, 0.593402
-38.9709, 1.16163, 1.14907
-38.9712, 1.16163, 1.15022
-62.2072, 0.548976, 0.727914
-40.7533, 0.96922, 1.6561
-40.7528, 0.96922, 1.65775
-44.3694, 0.548976, 0.0329022
-40.3403, 1.32901, 0.0206602
-40.3401, 1.32901, 0.0206809
-65.6425, 0.548976, 0.665661
-39.8537, 1.05552, 1.41749
-39.8544, 1.05552, 1.41891
-53.2524, 0.548976, 0.949223
-41.1213, 0.721568, 2.48311
-41.1189, 0.721568, 2.4856
-90.2437, 0.548976, 0.222436
-44.3869, 1.48464, 0.203142
-44.3954, 1.48464, 0.203345
-79.9864, 0.548976, 0.460698
-43.1099, 1.34892, 0.712383
-43.1048, 1.34892, 0.713096
-75.2893, 0.548976, 0.521995
-39.9016, 1.26591, 0.902925
-39.8987, 1.26591, 0.903828
-73.0516, 0.548976, 0.11925
-40.2341, 1.42154, 0.0879256
-40.2351, 1.42154, 0.0880135
-65.7352, 0.548976, 0.664088
-39.8211, 1.0585, 1.41067
-39.8218, 1.0585, 1.41209
-87.7153, 0.548976, 0.356248
-49.1954, 1.45612, 0.441981
-49.198, 1.45612, 0.442423
-83.7916, 0.548976, 0.411462
-46.5502, 1.40643, 0.57595
-46.5469, 1.40643, 0.576527
-69.7747, 0.548976, 0.108512
-40.128, 1.41226, 0.0784428
-40.1285, 1.41226, 0.0785213
-61.2512, 0.548976, 0.746833
-40.9621, 0.9434, 1.73011
-40.9612, 0.9434, 1.73184
-56.018, 0.548976, 0.867862
-41.3443, 0.800205, 2.19056
-41.3417, 0.800205, 2.19275
-69.3731, 0.548976, 0.605871
-39.0497, 1.14281, 1.19465
-39.0503, 1.14281, 1.19584
-61.4443, 0.548976, 0.742946
-40.9176, 0.949266, 1.71417
-40.9167, 0.949266, 1.71589
-65.5674, 0.548976, 0.666939
-39.8718, 1.05391, 1.42208
-39.8725, 1.05391, 1.4235
-52.1127, 0.548976, 0.988063
-40.9942, 0.688423, 2.61641
-40.992, 0.688423, 2.61903
-80.2926, 0.548976, 0.456765
-43.3779, 1.35389, 0.700906
-43.3728, 1.35389, 0.701608
-67.726, 0.548976, 0.631434
-39.3293, 1.1058, 1.28805
-39.3302, 1.1058, 1.28934
-40.4598, 0.0376314, 0.55497
-40.4593, 0.0189338, 1.14897
-40.4593, 0.0189338, 1.15012
-94.7637, 0.0376314, 0.152604
-40.4594, 0.0206819, 0.340243
-40.4594, 0.0206819, 0.340583
-40.4593, 0.0376314, 0.70934
-40.4593, 0.0185952, 1.44317
-40.4593, 0.0185952, 1.44462
-358.661, 0.0376314, 0.0726201
-42.0719, 0.0247919, 0.180271
-42.0585, 0.0247919, 0.180451
-40.4594, 0.0376314, 0.593402
-40.4593, 0.0188866, 1.22564
-40.4593, 0.0188866, 1.22686
-40.4593, 0.0376314, 0.727914
-40.4593, 0.0184706, 1.47104
-40.4593, 0.0184706, 1.47251
-459.435, 0.0376314, 0.0329022
-266.416, 0.102063, 0.0345847
-266.614, 0.102063, 0.0346193
-40.3066, 5.55035, 0.0422201
-40.4593, 0.0375938, 0.665661
-40.4593, 0.0375938, 0.666327
-40.4593, 0.0187813, 1.36623
-40.4593, 0.0375938, 0.949223
-40.4593, 0.0375938, 0.950173
-45.3845, 0.0376314, 0.222436
-40.4593, 0.0198578, 0.480332
-40.4593, 0.0198578, 0.480812
-40.4654, 0.0376314, 0.460698
-40.4593, 0.0190644, 0.959936
-40.4593, 0.0190644, 0.960896
-40.4605, 0.0376314, 0.521995
-40.4593, 0.0189759, 1.08296
-40.4593, 0.0189759, 1.08404
-180.64, 0.0376314, 0.11925
-40.4662, 0.0215325, 0.273569
-40.4661, 0.0215325, 0.273842
-40.4593, 0.0376314, 0.664088
-40.4593, 0.0187669, 1.36331
-40.4593, 0.0187669, 1.36468
-40.5595, 0.0376314, 0.356248
-40.4593, 0.0192798, 0.749934
-40.4593, 0.0192798, 0.750684
-40.4822, 0.0376314, 0.411462
-40.4593, 0.0191515, 0.860945
-40.4593, 0.0191515, 0.861807
-219.146, 0.0376314, 0.108512
-40.4823, 0.0219376, 0.251993
-40.482, 0.0219376, 0.252245
-40.4593, 0.0376314, 0.746833
-40.4593, 0.0182716, 1.49259
-40.4593, 0.0182716, 1.49408
-40.4593, 0.0376314, 0.867862
-40.4594, 0.0375938, 0.605871
-40.4594, 0.0375938, 0.606477
-40.4593, 0.0188889, 1.25035
-40.4593, 0.0375938, 0.742946
-40.4593, 0.0375938, 0.743689
-40.4593, 0.0183295, 1.48816
-40.4593, 0.0375938, 0.666939
-40.4593, 0.0375938, 0.667606
-40.4593, 0.0187789, 1.36869
-40.4593, 0.0375938, 0.988063
-40.4593, 0.0375938, 0.989052
-40.4661, 0.0376314, 0.456765
-40.4593, 0.0190707, 0.952034
-40.4593, 0.0190707, 0.952987
-40.4593, 0.0376314, 0.631434
-40.4593, 0.0188332, 1.30067
-40.4593, 0.0188332, 1.30198
-59.1743, 0.690837, 0.55497
-73.2415, 1.81294, 0.719244
-73.2271, 1.81294, 0.719963
-39.2167, 1.07305, 0.624615
-57.3813, 0.690146, 0.152604
-57.3977, 0.690146, 0.152757
-43.9808, 1.84092, 0.125138
-54.8037, 0.690146, 0.70934
-54.7852, 0.690146, 0.71005
-57.3717, 1.72879, 1.05637
-39.0765, 1.10537, 0.870306
-39.0769, 1.10537, 0.871177
-46.7078, 0.690837, 0.0726201
-40.2411, 1.78646, 0.0533203
-40.2416, 1.78646, 0.0533737
-58.0172, 0.690837, 0.593402
-69.7531, 1.79411, 0.797366
-69.7319, 1.79411, 0.798163
-39.1994, 1.07709, 0.680762
-54.324, 0.690146, 0.727914
-54.3055, 0.690146, 0.728643
-55.4734, 1.71708, 1.10074
-39.0534, 1.11234, 0.904147
-39.0538, 1.11234, 0.905052
-41.8774, 0.690837, 0.0329022
-40.2893, 1.74502, 0.0226466
-40.2891, 1.74502, 0.0226693
-55.9354, 0.690837, 0.665661
-61.9952, 1.75393, 0.954707
-61.9672, 1.75393, 0.955662
-39.1254, 1.09242, 0.794693
-49.6279, 0.690146, 0.949223
-49.6116, 0.690146, 0.950173
-40.9206, 1.55039, 1.71015
-62.7655, 0.690146, 0.222436
-62.7763, 0.690146, 0.222658
-52.4075, 1.86683, 0.199555
-62.0648, 0.690146, 0.460698
-62.0517, 0.690146, 0.461159
-77.5276, 1.85216, 0.543639
-39.1825, 1.07476, 0.496257
-39.1825, 1.07476, 0.496754
-60.1759, 0.690837, 0.521995
-75.5439, 1.82757, 0.65517
-75.5365, 1.82757, 0.655826
-39.2137, 1.07205, 0.578358
-53.3695, 0.690146, 0.11925
-53.3855, 0.690146, 0.119369
-41.6129, 1.82243, 0.0935229
-56.027, 0.690146, 0.664088
-56.0085, 0.690146, 0.664753
-62.3232, 1.75683, 0.950849
-39.136, 1.09079, 0.791915
-39.1363, 1.09079, 0.792707
-64.3284, 0.690837, 0.356248
-71.4243, 1.87365, 0.374582
-71.454, 1.87365, 0.374957
-39.1139, 1.10286, 0.36472
-63.363, 0.690146, 0.411462
-63.3533, 0.690146, 0.411874
-76.1759, 1.86606, 0.460341
-39.1316, 1.08417, 0.433001
-39.1315, 1.08417, 0.433434
-51.8514, 0.690837, 0.108512
-41.1071, 1.81396, 0.0839049
-41.1108, 1.81396, 0.0839888
-53.8105, 0.690837, 0.746833
-53.4809, 1.70261, 1.14763
-53.454, 1.70261, 1.14877
-41.3702, 0.95965, 0.873234
-51.1428, 0.690146, 0.867862
-51.1254, 0.690146, 0.86873
-44.2944, 1.61579, 1.47047
-39.6124, 1.06332, 1.13488
-39.6131, 1.06332, 1.13601
-57.6476, 0.690837, 0.605871
-68.4935, 1.78764, 0.823482
-68.4705, 1.78764, 0.824306
-39.1899, 1.07901, 0.69955
-53.9457, 0.690146, 0.742946
-53.9272, 0.690146, 0.743689
-53.9277, 1.70663, 1.13839
-41.4472, 0.956855, 0.866798
-41.4463, 0.956855, 0.867666
-55.9, 0.690837, 0.666939
-61.8806, 1.7534, 0.957286
-61.8525, 1.7534, 0.958244
-39.1245, 1.09268, 0.796643
-48.9828, 0.690146, 0.988063
-48.967, 0.690146, 0.989052
-39.9787, 1.51741, 1.83149
-62.176, 0.690146, 0.456765
-62.1632, 0.690146, 0.457222
-77.5203, 1.85347, 0.536694
-39.1786, 1.07528, 0.491089
-39.1786, 1.07528, 0.49158
-56.9023, 0.690837, 0.631434
-65.7928, 1.77389, 0.878182
-65.7668, 1.77389, 0.879061
-39.1654, 1.0839, 0.739059
