-868.651, 0.503359, 0.365941
-245.051, 1.28517, 0.517066
-245.06, 1.28517, 0.517583
-869.695, 0.503359, 0.364163
-243.968, 1.2876, 0.511908
-243.975, 1.2876, 0.51242
-573.49, 0.503359, 0.925422
-404.146, 0.554242, 2.50365
-404.099, 0.554242, 2.50616
-884.177, 0.503359, 0.1738
-298.236, 1.34323, 0.144286
-298.149, 1.34323, 0.14443
-560.03, 0.503359, 0.966194
-401.145, 0.528664, 2.6231
-401.109, 0.528664, 2.62572
-869.292, 0.503359, 0.364849
-244.407, 1.28661, 0.513956
-244.415, 1.28661, 0.51447
-811.123, 0.503359, 0.456812
-321.456, 1.14689, 0.804421
-321.497, 1.14689, 0.805226
-786.292, 0.503359, 0.114702
-346.546, 1.29313, 0.082589
-346.488, 1.29313, 0.0826716
-881.436, 0.503359, 0.171078
-300.908, 1.34068, 0.140645
-300.821, 1.34068, 0.140786
-794.105, 0.503359, 0.483022
-346.4, 1.10198, 0.897948
-346.434, 1.10198, 0.898846
-604.968, 0.503359, 0.840241
-413.324, 0.617475, 2.23586
-413.253, 0.617475, 2.2381
-777.813, 0.503359, 0.508395
-368.366, 1.05878, 0.991085
-368.389, 1.05878, 0.992077
-785.267, 0.503359, 0.496738
-358.627, 1.07853, 0.948048
-358.655, 1.07853, 0.948996
-738.579, 0.503359, 0.097091
-358.565, 1.27697, 0.0675617
-358.518, 1.27697, 0.0676293
-653.445, 0.503359, 0.72944
-428.515, 0.728482, 1.8465
-428.427, 0.728482, 1.84835
-908.959, 0.503359, 0.279
-231.664, 1.35961, 0.309366
-231.604, 1.35961, 0.309675
-801.573, 0.503359, 0.121216
-341.316, 1.3008, 0.0888215
-341.253, 1.3008, 0.0889103
-602.84, 0.503359, 0.845615
-412.589, 0.612305, 2.25405
-412.52, 0.612305, 2.2563
-908.09, 0.503359, 0.282057
-230.908, 1.35866, 0.314803
-230.85, 1.35866, 0.315118
-765.943, 0.503359, 0.527167
-383.259, 1.02591, 1.06279
-383.27, 1.02591, 1.06385
-788.527, 0.503359, 0.491667
-354.189, 1.08719, 0.929438
-354.22, 1.08719, 0.930368
-643.177, 0.503359, 0.751267
-425.814, 0.703288, 1.92718
-425.726, 0.703288, 1.92911
-745.861, 0.503359, 0.559675
-404.17, 0.970646, 1.18877
-404.157, 0.970646, 1.18996
-914.087, 0.503359, 0.247882
-244.475, 1.3668, 0.250917
-244.396, 1.3668, 0.251168
-913.243, 0.503359, 0.257924
-239.481, 1.36577, 0.26863
-239.406, 1.36577, 0.268898
-453.003, 0.915623, 0.365941
-82.2901, 2.48642, 0.364928
-82.1907, 2.48642, 0.365293
-452.995, 0.915623, 0.364163
-82.773, 2.48642, 0.363171
-82.6725, 2.48642, 0.363534
-432.729, 0.915623, 0.925422
-49.7581, 2.47648, 1.01203
-49.7716, 2.47648, 1.01304
-438.908, 0.915623, 0.1738
-203.036, 2.48249, 0.164279
-202.861, 2.48249, 0.164444
-431.106, 0.915623, 0.966194
-50.5894, 2.47529, 1.06215
-50.6088, 2.47529, 1.06321
-452.998, 0.915623, 0.364849
-82.5518, 2.48643, 0.363972
-82.4518, 2.48643, 0.364336
-451.948, 0.915623, 0.456812
-63.2363, 2.48606, 0.464777
-63.1783, 2.48606, 0.465242
-425.826, 0.915623, 0.114702
-274.171, 2.47851, 0.105901
-274.026, 2.47851, 0.106007
-438.426, 0.915623, 0.171078
-205.879, 2.48241, 0.16162
-205.705, 2.48241, 0.161781
-451.234, 0.915623, 0.483022
-59.9827, 2.48583, 0.493759
-59.9337, 2.48583, 0.494253
-436.283, 0.915623, 0.840241
-48.8071, 2.47882, 0.908631
-48.8109, 2.47882, 0.90954
-450.426, 0.915623, 0.508395
-57.4431, 2.48553, 0.522266
-57.4018, 2.48553, 0.522789
-450.81, 0.915623, 0.496738
-58.5289, 2.48566, 0.509281
-58.4837, 2.48566, 0.50979
-420.832, 0.915623, 0.097091
-297.499, 2.4769, 0.0889526
-297.372, 2.4769, 0.0890416
-441.164, 0.915623, 0.72944
-49.025, 2.48151, 0.77681
-49.0185, 2.48151, 0.777587
-450.527, 0.915623, 0.279
-118.656, 2.4857, 0.2723
-118.509, 2.4857, 0.272573
-427.545, 0.915623, 0.121216
-265.726, 2.47898, 0.112186
-265.578, 2.47898, 0.112299
-436.053, 0.915623, 0.845615
-48.8384, 2.47866, 0.915185
-48.8426, 2.47866, 0.916101
-450.699, 0.915623, 0.282057
-116.979, 2.48574, 0.275456
-116.835, 2.48574, 0.275732
-449.769, 0.915623, 0.527167
-55.9062, 2.48529, 0.543372
-55.8701, 2.48529, 0.543915
-450.971, 0.915623, 0.491667
-59.0475, 2.48573, 0.503513
-59.0013, 2.48573, 0.504017
-440.187, 0.915623, 0.751267
-48.8519, 2.48101, 0.802567
-48.8476, 2.48101, 0.80337
-448.535, 0.915623, 0.559675
-53.7784, 2.48481, 0.580241
-53.7496, 2.48481, 0.580821
-448.323, 0.915623, 0.247882
-138.102, 2.48513, 0.239985
-137.941, 2.48513, 0.240225
-449.13, 0.915623, 0.257924
-131.401, 2.48533, 0.25034
-131.244, 2.48533, 0.25059
-679.876, 0.104058, 0.365941
-393.757, 0.0591449, 0.835705
-393.757, 0.0591449, 0.836541
-684.427, 0.104058, 0.364163
-393.758, 0.0591862, 0.832041
-393.758, 0.0591862, 0.832873
-395.157, 0.104058, 0.925422
-393.743, 0.0536762, 1.95991
-393.743, 0.0536762, 1.96187
-1575.1, 0.104058, 0.1738
-433.074, 0.0762288, 0.449698
-432.844, 0.0762288, 0.450148
-394.7, 0.104058, 0.966194
-393.743, 0.0535461, 2.04188
-393.743, 0.0535461, 2.04392
-682.662, 0.104058, 0.364849
-393.758, 0.0591681, 0.833436
-393.758, 0.0591681, 0.834269
-518.092, 0.104058, 0.456812
-393.744, 0.0571283, 1.01768
-393.744, 0.0571283, 1.0187
-1925.82, 0.104058, 0.114702
-948.224, 0.117997, 0.30929
-947.035, 0.117997, 0.3096
-393.743, 0.196073, 16.3509
-1591.68, 0.103954, 0.171078
-1590.61, 0.103954, 0.171249
-437.963, 0.0768686, 0.443703
-490.59, 0.103954, 0.483022
-490.149, 0.103954, 0.483505
-393.744, 0.0567761, 1.07026
-396.921, 0.103954, 0.840241
-396.895, 0.103954, 0.841082
-393.743, 0.0540434, 1.78859
-469.908, 0.103954, 0.508395
-469.541, 0.103954, 0.508903
-393.743, 0.0564278, 1.12117
-478.807, 0.103954, 0.496738
-478.407, 0.103954, 0.497235
-393.743, 0.0565824, 1.09778
-2008.5, 0.103954, 0.097091
-2008.11, 0.103954, 0.0971881
-1427.12, 0.177252, 0.226332
-389.333, 1.49079, 6.68361
-389.352, 1.49079, 6.6903
-402.998, 0.104058, 0.72944
-393.743, 0.054512, 1.56559
-393.743, 0.054512, 1.56715
-986.185, 0.104058, 0.279
-394.219, 0.0628486, 0.662071
-394.214, 0.0628486, 0.662733
-1890.91, 0.104058, 0.121216
-809.294, 0.107345, 0.32933
-808.178, 0.107345, 0.329659
-393.743, 0.122172, 17.9438
-396.761, 0.103954, 0.845615
-396.737, 0.103954, 0.846461
-393.743, 0.0540217, 1.7994
-971.577, 0.103954, 0.282057
-970.31, 0.103954, 0.28234
-394.166, 0.062678, 0.66787
-457.465, 0.103954, 0.527167
-457.147, 0.103954, 0.527695
-393.743, 0.0562004, 1.15892
-482.989, 0.103954, 0.491667
-482.575, 0.103954, 0.492159
-393.744, 0.0566517, 1.08759
-401.206, 0.103954, 0.751267
-401.152, 0.103954, 0.752019
-393.743, 0.0544495, 1.6095
-440.492, 0.103954, 0.559675
-440.243, 0.103954, 0.560235
-393.743, 0.0558583, 1.22448
-1139.16, 0.103954, 0.247882
-1137.84, 0.103954, 0.24813
-395.468, 0.065146, 0.599751
-1087.12, 0.103954, 0.257924
-1085.81, 0.103954, 0.258182
-394.881, 0.0643039, 0.619683
-681.714, 0.666815, 0.365941
-681.652, 0.666815, 0.366307
-118.835, 1.80776, 0.398653
-682.014, 0.666815, 0.364163
-681.953, 0.666815, 0.364527
-119.272, 1.80797, 0.396159
-537.38, 0.666815, 0.925422
-537.188, 0.666815, 0.926348
-289.717, 1.43322, 1.76388
-647.855, 0.666815, 0.1738
-647.989, 0.666815, 0.173974
-246.376, 1.78757, 0.14634
-529.151, 0.666815, 0.966194
-528.961, 0.666815, 0.967161
-308.475, 1.39372, 1.90095
-681.899, 0.666815, 0.364849
-681.837, 0.666815, 0.365214
-119.055, 1.80774, 0.397499
-660.91, 0.666815, 0.456812
-660.787, 0.666815, 0.457269
-107.794, 1.77959, 0.555661
-584.42, 0.666815, 0.114702
-584.584, 0.666815, 0.114817
-310.546, 1.75359, 0.0885393
-645.739, 0.666815, 0.171078
-645.876, 0.666815, 0.171249
-249.233, 1.78634, 0.143483
-653.663, 0.666815, 0.483022
-653.527, 0.666815, 0.483505
-108.965, 1.7681, 0.605446
-556.065, 0.666815, 0.840241
-555.871, 0.666815, 0.841082
-246.563, 1.5123, 1.49381
-646.403, 0.666815, 0.508395
-646.256, 0.666815, 0.508903
-111.72, 1.75563, 0.655737
-649.761, 0.666815, 0.496738
-649.619, 0.666815, 0.497235
-110.26, 1.76153, 0.632359
-557.701, 0.666815, 0.097091
-557.859, 0.666815, 0.0971881
-328.879, 1.74264, 0.0732907
-583.485, 0.666815, 0.72944
-583.293, 0.666815, 0.73017
-188.289, 1.60746, 1.17532
-687.241, 0.666815, 0.279
-687.262, 0.666815, 0.279279
-157.019, 1.81379, 0.271825
-593.367, 0.666815, 0.121216
-593.529, 0.666815, 0.121337
-302.964, 1.75977, 0.0948399
-554.826, 0.666815, 0.845615
-554.631, 0.666815, 0.846461
-249.404, 1.50743, 1.51023
-687.456, 0.666815, 0.282057
-687.473, 0.666815, 0.28234
-155.072, 1.81399, 0.276075
-640.938, 0.666815, 0.527167
-640.784, 0.666815, 0.527695
-114.695, 1.74577, 0.694049
-651.211, 0.666815, 0.491667
-651.071, 0.666815, 0.492159
-109.735, 1.76397, 0.622389
-577.807, 0.666815, 0.751267
-577.614, 0.666815, 0.752019
-199.272, 1.58996, 1.23448
-631.392, 0.666815, 0.559675
-631.227, 0.666815, 0.560235
-121.646, 1.72735, 0.762858
-682.655, 0.666815, 0.247882
-682.71, 0.666815, 0.24813
-178.591, 1.81023, 0.231622
-684.647, 0.666815, 0.257924
-684.691, 0.666815, 0.258182
-171.098, 1.81177, 0.244391
-1034.9, 0.341746, 0.365941
-1034.39, 0.341746, 0.366307
-580.183, 0.5349, 0.895157
-1037.37, 0.341746, 0.364163
-1036.86, 0.341746, 0.364527
-581.989, 0.53811, 0.888126
-542.108, 0.341746, 0.925422
-541.718, 0.341746, 0.926348
-393.91, 0.229217, 2.31367
-1230.89, 0.341746, 0.1738
-1230.93, 0.341746, 0.173974
-429.961, 0.928511, 0.164585
-525.879, 0.341746, 0.966194
-525.516, 0.341746, 0.967161
-393.842, 0.224957, 2.39534
-1036.42, 0.341746, 0.364849
-1035.91, 0.341746, 0.365214
-581.325, 0.537134, 0.89062
-914.155, 0.341746, 0.456812
-913.583, 0.341746, 0.457269
-474.86, 0.398263, 1.22739
-1143.11, 0.341746, 0.114702
-1143.45, 0.341746, 0.114817
-428.106, 0.878811, 0.08235
-1230.08, 0.341746, 0.171078
-1230.14, 0.341746, 0.171249
-429.627, 0.927606, 0.159496
-882.042, 0.341746, 0.483022
-881.463, 0.341746, 0.483505
-452.834, 0.372564, 1.30821
-582.361, 0.341746, 0.840241
-581.917, 0.341746, 0.841082
-394.247, 0.239583, 2.13904
-852.315, 0.341746, 0.508395
-851.733, 0.341746, 0.508903
-436.832, 0.352741, 1.38131
-865.803, 0.341746, 0.496738
-865.222, 0.341746, 0.497235
-443.51, 0.361052, 1.34831
-1077.85, 0.341746, 0.097091
-1078.28, 0.341746, 0.0971881
-425.975, 0.854707, 0.0649597
-650.104, 0.341746, 0.72944
-649.593, 0.341746, 0.73017
-395.936, 0.259632, 1.90739
-1153.68, 0.341746, 0.279
-1153.32, 0.341746, 0.279279
-567.285, 0.762518, 0.507313
-1475.23, 18.8048, 5.54574
-1473.08, 18.8048, 5.55129
-52.0849, 2.54838, 1.24784
-1161.76, 0.341746, 0.121216
-1162.08, 0.341746, 0.121337
-428.721, 0.885837, 0.0891054
-579.543, 0.341746, 0.845615
-579.103, 0.341746, 0.846461
-394.212, 0.23877, 2.14991
-1149.77, 0.341746, 0.282057
-1149.4, 0.341746, 0.28234
-572.307, 0.753514, 0.520937
-831.203, 0.341746, 0.527167
-830.621, 0.341746, 0.527695
-427.409, 0.339217, 1.43294
-871.761, 0.341746, 0.491667
-871.181, 0.341746, 0.492159
-446.941, 0.365618, 1.33353
-635.209, 0.341746, 0.751267
-634.711, 0.341746, 0.752019
-395.379, 0.254876, 1.9537
-796.435, 0.341746, 0.559675
-795.856, 0.341746, 0.560235
-415.54, 0.319488, 1.5178
-1190.55, 0.341746, 0.247882
-1190.28, 0.341746, 0.24813
-506.993, 0.847857, 0.377168
-2288.28, 31.9617, 2.0216
-2290.92, 31.9617, 2.02362
-62.5661, 2.19379, 0.585419
-1179.35, 0.341746, 0.257924
-1179.05, 0.341746, 0.258182
-527.612, 0.82164, 0.41761
-2928.84, 27.3165, 2.87003
-2930.32, 27.3165, 2.8729
-67.243, 2.09074, 0.697974
-601.004, 0.745038, 0.365941
-600.977, 0.745038, 0.366307
-99.7115, 2.0259, 0.379542
-601.128, 0.745038, 0.364163
-601.104, 0.745038, 0.364527
-100.397, 2.0261, 0.376652
-507.989, 0.745038, 0.925422
-507.853, 0.745038, 0.926348
-151.125, 1.8553, 1.39667
-6114.18, 70.9885, 7.24609
-6114.47, 70.9885, 7.25333
-74.0318, 2.46862, 1.58895
-566.727, 0.745038, 0.1738
-566.828, 0.745038, 0.173974
-230.45, 2.00623, 0.150491
-502.108, 0.745038, 0.966194
-501.972, 0.745038, 0.967161
-165.742, 1.83446, 1.49385
-5803.47, 67.0891, 8.53653
-5801.9, 67.0891, 8.54507
-75.0429, 2.57676, 1.76096
-601.081, 0.745038, 0.364849
-601.056, 0.745038, 0.365214
-100.129, 2.02602, 0.37777
-590.059, 0.745038, 0.456812
-589.987, 0.745038, 0.457269
-80.6997, 2.01535, 0.509082
-520.818, 0.745038, 0.114702
-520.932, 0.745038, 0.114817
-298.046, 1.98323, 0.0931269
-565.13, 0.745038, 0.171078
-565.232, 0.745038, 0.171249
-233.316, 2.0055, 0.147766
-585.775, 0.745038, 0.483022
-585.693, 0.745038, 0.483505
-78.2719, 2.01065, 0.548975
-521.191, 0.745038, 0.840241
-521.055, 0.745038, 0.841082
-123.95, 1.89465, 1.2062
-581.36, 0.745038, 0.508395
-581.269, 0.745038, 0.508903
-76.934, 2.00534, 0.588914
-583.415, 0.745038, 0.496738
-583.329, 0.745038, 0.497235
-77.4345, 2.00778, 0.570584
-502.237, 0.745038, 0.097091
-502.346, 0.745038, 0.0971881
-318.666, 1.97407, 0.0772162
-540.171, 0.745038, 0.72944
-540.04, 0.745038, 0.73017
-96.5746, 1.93971, 0.978576
-600.168, 0.745038, 0.279
-600.199, 0.745038, 0.279279
-140.346, 2.02562, 0.268025
-527.103, 0.745038, 0.121216
-527.217, 0.745038, 0.121337
-290.233, 1.9867, 0.0992432
-520.322, 0.745038, 0.845615
-520.185, 0.745038, 0.846461
-125.409, 1.89262, 1.21727
-600.499, 0.745038, 0.282057
-600.528, 0.745038, 0.28234
-138.42, 2.02584, 0.271744
-577.97, 0.745038, 0.527167
-577.873, 0.745038, 0.527695
-76.5189, 2.00115, 0.618932
-584.296, 0.745038, 0.491667
-584.211, 0.745038, 0.492159
-77.7125, 2.00892, 0.562434
-536.281, 0.745038, 0.751267
-536.148, 0.745038, 0.752019
-101.201, 1.93119, 1.02202
-571.937, 0.745038, 0.559675
-571.832, 0.745038, 0.560235
-76.842, 1.99317, 0.67231
-595.104, 0.745038, 0.247882
-595.158, 0.745038, 0.24813
-162.222, 2.02218, 0.230956
-597.098, 0.745038, 0.257924
-597.144, 0.745038, 0.258182
-154.588, 2.02361, 0.242919
-393.743, 0.00794778, 0.365941
-393.743, 0.00794778, 0.366307
-393.746, 0.0216257, 0.367798
-393.743, 0.0108699, 0.366521
-393.743, 0.0108699, 0.366888
-393.743, 0.00795574, 0.364163
-393.746, 0.0216036, 0.367163
-393.746, 0.0216036, 0.36753
-393.743, 0.0108783, 0.365099
-393.743, 0.00916194, 0.364588
-393.743, 0.00916194, 0.364953
-393.743, 0.0106464, 0.365034
-393.743, 0.00794778, 0.925422
-393.743, 0.00794778, 0.926348
-393.743, 0.0216259, 0.927573
-393.743, 0.0123148, 0.926363
-393.743, 0.0123148, 0.92729
-393.743, 0.0174617, 0.927112
-393.743, 0.0196729, 0.927371
-393.743, 0.0196729, 0.928299
-393.743, 0.0216259, 0.927573
-393.743, 0.00794778, 0.1738
-393.743, 0.00794778, 0.173974
-393.743, 0.00400698, 0.359835
-393.743, 0.00794778, 0.966194
-393.743, 0.00794778, 0.967161
-393.743, 0.0216258, 0.962579
-393.743, 0.0108048, 0.965082
-393.743, 0.0108048, 0.966048
-393.743, 0.00885593, 0.965806
-393.743, 0.00978486, 0.965441
-393.743, 0.00978486, 0.966407
-393.743, 0.00795574, 0.364849
-393.746, 0.0216041, 0.36319
-393.746, 0.0216041, 0.363554
-393.743, 0.0108709, 0.364331
-393.743, 0.00916375, 0.364613
-393.743, 0.00916375, 0.364977
-393.743, 0.00795574, 0.456812
-393.743, 0.0216038, 0.459933
-393.743, 0.0216038, 0.460393
-393.743, 0.0123017, 0.45817
-393.743, 0.00864503, 0.457074
-393.743, 0.00864503, 0.457531
-393.743, 0.00824624, 0.456924
-393.743, 0.00811391, 0.456876
-393.743, 0.00811391, 0.457334
-393.743, 0.00818853, 0.456902
-393.743, 0.00822464, 0.456919
-393.743, 0.00822464, 0.457376
-393.826, 0.00795574, 0.114702
-393.743, 0.00400403, 0.237538
-393.743, 0.00400403, 0.237775
-393.743, 0.00795574, 0.171078
-393.743, 0.00399132, 0.353221
-393.743, 0.00399132, 0.353575
-393.743, 0.00795574, 0.483022
-393.743, 0.0216038, 0.486414
-393.743, 0.0216038, 0.486901
-393.743, 0.0131027, 0.484711
-393.743, 0.0102863, 0.483895
-393.743, 0.0102863, 0.484379
-393.743, 0.00795574, 0.840241
-393.743, 0.0216043, 0.840877
-393.743, 0.0216043, 0.841718
-393.743, 0.0127897, 0.840543
-393.743, 0.0162851, 0.840697
-393.743, 0.0162851, 0.841538
-393.743, 0.014419, 0.840619
-393.743, 0.0132682, 0.840567
-393.743, 0.0132682, 0.841408
-393.743, 0.0127897, 0.840543
-393.743, 0.00794778, 0.508395
-393.743, 0.00794778, 0.508903
-393.743, 0.0216256, 0.505781
-393.743, 0.012786, 0.50715
-393.743, 0.012786, 0.507658
-393.743, 0.00795574, 0.496738
-393.743, 0.0216043, 0.496649
-393.743, 0.0216043, 0.497146
-393.743, 0.0132847, 0.496692
-394.487, 0.00794778, 0.097091
-394.478, 0.00794778, 0.0971881
-393.743, 0.00403103, 0.202144
-393.743, 0.00794778, 0.72944
-393.743, 0.00794778, 0.73017
-393.743, 0.0216259, 0.729319
-393.743, 0.00794778, 0.279
-393.743, 0.00794778, 0.279279
-393.883, 0.0216259, 0.278469
-393.743, 0.0107265, 0.278841
-393.743, 0.0107265, 0.27912
-393.743, 0.00920129, 0.278923
-393.743, 0.00832041, 0.278976
-393.743, 0.00832041, 0.279255
-393.78, 0.00795574, 0.121216
-393.743, 0.00399669, 0.250593
-393.743, 0.00399669, 0.250844
-393.743, 0.00795574, 0.845615
-393.743, 0.0216042, 0.84802
-393.743, 0.0216042, 0.848869
-393.743, 0.00795574, 0.282057
-393.857, 0.0216043, 0.282565
-393.856, 0.0216043, 0.282847
-393.743, 0.0107425, 0.28221
-393.743, 0.00829033, 0.282079
-393.743, 0.00829033, 0.282361
-393.743, 0.00803095, 0.282062
-393.743, 0.00795909, 0.282058
-393.743, 0.00795909, 0.28234
-393.743, 0.00795736, 0.282058
-393.743, 0.00794778, 0.527167
-393.743, 0.00794778, 0.527695
-393.743, 0.0216253, 0.522999
-393.743, 0.0111952, 0.525736
-393.743, 0.0111952, 0.526262
-393.743, 0.00929739, 0.526516
-393.743, 0.0101148, 0.526159
-393.743, 0.0101148, 0.526686
-393.743, 0.00795574, 0.491667
-393.743, 0.0216043, 0.490804
-393.743, 0.0216043, 0.491295
-393.743, 0.013113, 0.491236
-393.743, 0.00794778, 0.751267
-393.743, 0.00794778, 0.752019
-393.743, 0.0216253, 0.745601
-393.743, 0.00911274, 0.75049
-393.743, 0.00911274, 0.751241
-393.743, 0.0083788, 0.750973
-393.743, 0.00794778, 0.559675
-393.743, 0.00794778, 0.560235
-393.743, 0.0216255, 0.556235
-393.743, 0.0128421, 0.558022
-393.743, 0.0128421, 0.55858
-393.743, 0.00949155, 0.559066
-393.743, 0.0109448, 0.558572
-393.743, 0.0109448, 0.559131
-393.743, 0.0123998, 0.558146
-393.743, 0.0128421, 0.558022
-393.743, 0.0128421, 0.55858
-393.743, 0.00795574, 0.247882
-394.293, 0.0216042, 0.248536
-394.286, 0.0216042, 0.248785
-393.743, 0.0106751, 0.248074
-393.743, 0.00890251, 0.247956
-393.743, 0.00890251, 0.248204
-393.743, 0.00814104, 0.247897
-393.743, 0.00801016, 0.247887
-393.743, 0.00801016, 0.248135
-393.743, 0.00798218, 0.247884
-393.743, 0.00794778, 0.257924
-393.743, 0.00794778, 0.258182
-394.097, 0.0216259, 0.258287
-393.743, 0.0106866, 0.258032
-393.743, 0.0106866, 0.25829
-393.743, 0.00862407, 0.257954
-864.143, 0.507218, 0.365941
-863.932, 0.507218, 0.366307
-237.706, 1.30296, 0.511231
-865.162, 0.507218, 0.364163
-864.953, 0.507218, 0.364527
-236.834, 1.305, 0.50649
-573.233, 0.507218, 0.925422
-572.919, 0.507218, 0.926348
-404.904, 0.570265, 2.49859
-877.343, 0.507218, 0.1738
-877.512, 0.507218, 0.173974
-295.816, 1.35649, 0.144427
-559.89, 0.507218, 0.966194
-559.585, 0.507218, 0.967161
-401.789, 0.544007, 2.62013
-864.769, 0.507218, 0.364849
-864.559, 0.507218, 0.365214
-237.284, 1.30393, 0.508632
-807.777, 0.507218, 0.456812
-807.484, 0.507218, 0.457269
-310.72, 1.16879, 0.793432
-780.084, 0.507218, 0.114702
-780.36, 0.507218, 0.114817
-344.58, 1.30845, 0.0831043
-874.609, 0.507218, 0.171078
-874.786, 0.507218, 0.171249
-298.431, 1.35416, 0.140903
-791.051, 0.507218, 0.483022
-790.743, 0.507218, 0.483505
-335.517, 1.12486, 0.88541
-604.408, 0.507218, 0.840241
-604.077, 0.507218, 0.841082
-414.154, 0.636074, 2.226
-775.025, 0.507218, 0.508395
-774.706, 0.507218, 0.508903
-358.018, 1.08198, 0.977627
-782.359, 0.507218, 0.496738
-782.045, 0.507218, 0.497235
-347.823, 1.10193, 0.934648
-732.884, 0.507218, 0.097091
-733.167, 0.507218, 0.0971881
-357.089, 1.29184, 0.0679017
-652.353, 0.507218, 0.72944
-652.009, 0.507218, 0.73017
-427.847, 0.74997, 1.8318
-903.184, 0.507218, 0.279
-903.11, 0.507218, 0.279279
-227.862, 1.37378, 0.307105
-795.201, 0.507218, 0.121216
-795.468, 0.507218, 0.121337
-339.442, 1.31515, 0.0891877
-602.302, 0.507218, 0.845615
-601.972, 0.507218, 0.846461
-413.473, 0.631463, 2.24395
-902.358, 0.507218, 0.282057
-902.28, 0.507218, 0.28234
-227.027, 1.37288, 0.312535
-763.34, 0.507218, 0.527167
-763.014, 0.507218, 0.527695
-373.137, 1.05021, 1.04772
-785.565, 0.507218, 0.491667
-785.254, 0.507218, 0.492159
-343.482, 1.11012, 0.916652
-642.204, 0.507218, 0.751267
-641.861, 0.507218, 0.752019
-425.678, 0.724346, 1.91314
-743.558, 0.507218, 0.559675
-743.223, 0.507218, 0.560235
-395.327, 0.995638, 1.17215
-907.879, 0.507218, 0.247882
-907.873, 0.507218, 0.24813
-241.375, 1.3801, 0.249692
-907.169, 0.507218, 0.257924
-907.141, 0.507218, 0.258182
-236.199, 1.3793, 0.2671
-395.358, 0.997527, 0.365941
-395.358, 0.997527, 0.366307
-79.2271, 2.71427, 0.365866
-395.358, 0.997527, 0.364163
-395.358, 0.997527, 0.364527
-79.6895, 2.71427, 0.36408
-394.883, 0.997527, 0.925422
-394.882, 0.997527, 0.926348
-48.9876, 2.71427, 0.927414
-394.935, 0.997527, 0.1738
-394.936, 0.997527, 0.173974
-190.768, 2.71427, 0.173498
-394.84, 0.997527, 0.966194
-394.839, 0.997527, 0.967161
-48.5724, 2.71427, 0.968393
-395.358, 0.997527, 0.364849
-395.358, 0.997527, 0.365214
-79.51, 2.71427, 0.364769
-395.352, 0.997527, 0.456812
-395.351, 0.997527, 0.457269
-62.9635, 2.71427, 0.456955
-394.58, 0.997527, 0.114702
-394.581, 0.997527, 0.114817
-261.511, 2.71426, 0.114424
-394.922, 0.997527, 0.171078
-394.922, 0.997527, 0.171249
-193.598, 2.71427, 0.170778
-395.338, 0.997527, 0.483022
-395.338, 0.997527, 0.483505
-60.2522, 2.71427, 0.483236
-394.976, 0.997527, 0.840241
-394.975, 0.997527, 0.841082
-49.9305, 2.71427, 0.841823
-395.321, 0.997527, 0.508395
-395.321, 0.997527, 0.508903
-58.1907, 2.71427, 0.508687
-395.329, 0.997527, 0.496738
-395.329, 0.997527, 0.497235
-59.0768, 2.71427, 0.496996
-394.447, 0.997527, 0.097091
-394.448, 0.997527, 0.0971881
-285.745, 2.71426, 0.0968293
-395.101, 0.997527, 0.72944
-395.1, 0.997527, 0.73017
-51.2624, 2.71427, 0.730536
-395.269, 0.997527, 0.279
-395.27, 0.997527, 0.279279
-111.632, 2.71427, 0.278778
-394.626, 0.997527, 0.121216
-394.627, 0.997527, 0.121337
-252.804, 2.71426, 0.12093
-394.97, 0.997527, 0.845615
-394.969, 0.997527, 0.846461
-49.8688, 2.71427, 0.847222
-395.275, 0.997527, 0.282057
-395.275, 0.997527, 0.28234
-110.09, 2.71427, 0.281837
-395.307, 0.997527, 0.527167
-395.306, 0.997527, 0.527695
-56.9538, 2.71427, 0.527516
-395.332, 0.997527, 0.491667
-395.332, 0.997527, 0.492159
-59.4939, 2.71427, 0.491908
-395.076, 0.997527, 0.751267
-395.075, 0.997527, 0.752019
-50.9809, 2.71427, 0.752454
-395.279, 0.997527, 0.559675
-395.279, 0.997527, 0.560235
-55.2713, 2.71427, 0.560131
-395.202, 0.997527, 0.247882
-395.203, 0.997527, 0.24813
-129.506, 2.71427, 0.247616
-395.226, 0.997527, 0.257924
-395.227, 0.997527, 0.258182
-123.292, 2.71427, 0.257674
-573.486, 0.773614, 0.365941
-573.469, 0.773614, 0.366307
-95.1785, 2.10443, 0.374611
-573.569, 0.773614, 0.364163
-573.552, 0.773614, 0.364527
-95.6875, 2.10445, 0.372631
-496.157, 0.773614, 0.925422
-496.039, 0.773614, 0.926348
-116.212, 1.98349, 1.29976
-541.1, 0.773614, 0.1738
-541.19, 0.773614, 0.173974
-225.475, 2.08654, 0.15224
-491.077, 0.773614, 0.966194
-490.96, 0.773614, 0.967161
-127.02, 1.96881, 1.3843
-6123.41, 82.1775, 5.83299
-6126.05, 82.1775, 5.83882
-70.8054, 2.44568, 1.50497
-573.537, 0.773614, 0.364849
-573.519, 0.773614, 0.365214
-95.4535, 2.10442, 0.37354
-565.17, 0.773614, 0.456812
-565.113, 0.773614, 0.457269
-75.0504, 2.09728, 0.497683
-501.265, 0.773614, 0.114702
-501.363, 0.773614, 0.114817
-294.202, 2.06655, 0.0947463
-539.698, 0.773614, 0.171078
-539.788, 0.773614, 0.171249
-228.342, 2.08596, 0.149547
-561.735, 0.773614, 0.483022
-561.669, 0.773614, 0.483505
-72.1036, 2.09408, 0.534823
-507.514, 0.773614, 0.840241
-507.398, 0.773614, 0.841082
-96.6998, 2.01195, 1.13115
-558.151, 0.773614, 0.508395
-558.078, 0.773614, 0.508903
-70.1253, 2.09041, 0.571938
-559.825, 0.773614, 0.496738
-559.754, 0.773614, 0.497235
-70.9278, 2.09209, 0.554929
-485.345, 0.773614, 0.097091
-485.438, 0.773614, 0.0971881
-315.266, 2.05905, 0.0787837
-523.72, 0.773614, 0.72944
-523.609, 0.773614, 0.73017
-78.6456, 2.04385, 0.928263
-571.422, 0.773614, 0.279
-571.454, 0.773614, 0.279279
-135.791, 2.10311, 0.2674
-506.676, 0.773614, 0.121216
-506.775, 0.773614, 0.121337
-286.259, 2.06941, 0.100855
-506.769, 0.773614, 0.845615
-506.651, 0.773614, 0.846461
-97.8468, 2.01007, 1.14177
-571.757, 0.773614, 0.282057
-571.787, 0.773614, 0.28234
-133.903, 2.10331, 0.270978
-555.378, 0.773614, 0.527167
-555.299, 0.773614, 0.527695
-69.165, 2.08743, 0.599875
-560.539, 0.773614, 0.491667
-560.47, 0.773614, 0.492159
-71.3284, 2.09279, 0.547584
-520.412, 0.773614, 0.751267
-520.299, 0.773614, 0.752019
-81.5166, 2.03801, 0.966844
-550.405, 0.773614, 0.559675
-550.318, 0.773614, 0.560235
-68.3824, 2.08178, 0.649295
-566.559, 0.773614, 0.247882
-566.61, 0.773614, 0.24813
-157.311, 2.10015, 0.231608
-568.438, 0.773614, 0.257924
-568.482, 0.773614, 0.258182
-149.81, 2.10136, 0.243178
-750.684, 0.604746, 0.365941
-750.578, 0.604746, 0.366307
-145.331, 1.62649, 0.426039
-751.197, 0.604746, 0.364163
-751.092, 0.604746, 0.364527
-145.582, 1.62707, 0.422974
-556.215, 0.604746, 0.925422
-555.976, 0.604746, 0.926348
-385.897, 1.05284, 2.12844
-725.657, 0.604746, 0.1738
-725.809, 0.604746, 0.173974
-261.359, 1.61822, 0.144861
-546, 0.604746, 0.966194
-545.766, 0.604746, 0.967161
-392.861, 1.00727, 2.28476
-750.999, 0.604746, 0.364849
-750.893, 0.604746, 0.365214
-145.482, 1.62661, 0.424565
-718.783, 0.604746, 0.456812
-718.605, 0.604746, 0.457269
-152.088, 1.57108, 0.617075
-648.027, 0.604746, 0.114702
-648.232, 0.604746, 0.114817
-321.223, 1.57823, 0.0861776
-723.191, 0.604746, 0.171078
-723.348, 0.604746, 0.171249
-264.172, 1.61657, 0.141822
-708.436, 0.604746, 0.483022
-708.243, 0.604746, 0.483505
-160.349, 1.54994, 0.679107
-579.636, 0.604746, 0.840241
-579.39, 0.604746, 0.841082
-361.528, 1.15103, 1.80784
-698.266, 0.604746, 0.508395
-698.061, 0.604746, 0.508903
-170.675, 1.52759, 0.742239
-702.948, 0.604746, 0.496738
-702.749, 0.604746, 0.497235
-165.658, 1.53809, 0.712844
-613.872, 0.604746, 0.097091
-614.077, 0.604746, 0.0971881
-338.254, 1.56254, 0.0706794
-614.587, 0.604746, 0.72944
-614.34, 0.604746, 0.73017
-306.52, 1.28532, 1.4086
-765.339, 0.604746, 0.279
-765.339, 0.604746, 0.279279
-176.236, 1.64551, 0.279142
-659.282, 0.604746, 0.121216
-659.488, 0.604746, 0.121337
-314.986, 1.58256, 0.0919271
-578.072, 0.604746, 0.845615
-577.827, 0.604746, 0.846461
-363.315, 1.14544, 1.8268
-765.31, 0.604746, 0.282057
-765.304, 0.604746, 0.28234
-174.372, 1.64547, 0.284051
-690.713, 0.604746, 0.527167
-690.501, 0.604746, 0.527695
-179.597, 1.51008, 0.790756
-704.981, 0.604746, 0.491667
-704.784, 0.604746, 0.492159
-163.616, 1.54254, 0.700258
-607.29, 0.604746, 0.751267
-607.042, 0.604746, 0.752019
-319.195, 1.25905, 1.48436
-677.693, 0.604746, 0.559675
-677.47, 0.604746, 0.560235
-197.327, 1.47779, 0.878673
-762.682, 0.604746, 0.247882
-762.726, 0.604746, 0.24813
-196.635, 1.64311, 0.234831
-764.175, 0.604746, 0.257924
-764.204, 0.604746, 0.258182
-189.428, 1.64447, 0.24891
-702.776, 0.647489, 0.365941
-702.701, 0.647489, 0.366307
-125.615, 1.75239, 0.405831
-703.133, 0.647489, 0.364163
-703.06, 0.647489, 0.364527
-126.01, 1.75269, 0.403186
-543.755, 0.647489, 0.925422
-543.549, 0.647489, 0.926348
-325.734, 1.31522, 1.87583
-670.689, 0.647489, 0.1738
-670.831, 0.647489, 0.173974
-250.923, 1.73408, 0.145541
-534.916, 0.647489, 0.966194
-534.713, 0.647489, 0.967161
-341.912, 1.273, 2.02061
-702.995, 0.647489, 0.364849
-702.921, 0.647489, 0.365214
-125.825, 1.75244, 0.404517
-678.854, 0.647489, 0.456812
-678.715, 0.647489, 0.457269
-118.597, 1.71737, 0.571865
-602.826, 0.647489, 0.114702
-603.002, 0.647489, 0.114817
-313.419, 1.69951, 0.087919
-668.454, 0.647489, 0.171078
-668.598, 0.647489, 0.171249
-253.791, 1.73263, 0.142608
-670.717, 0.647489, 0.483022
-670.564, 0.647489, 0.483505
-121.459, 1.7033, 0.62502
-563.883, 0.647489, 0.840241
-563.673, 0.647489, 0.841082
-284.458, 1.40362, 1.58518
-662.616, 0.647489, 0.508395
-662.452, 0.647489, 0.508903
-126.032, 1.68832, 0.678625
-666.358, 0.647489, 0.496738
-666.199, 0.647489, 0.497235
-123.731, 1.69531, 0.653803
-573.876, 0.647489, 0.097091
-574.048, 0.647489, 0.0971881
-331.548, 1.68659, 0.072491
-593.573, 0.647489, 0.72944
-593.365, 0.647489, 0.73017
-221.989, 1.5129, 1.23989
-710.701, 0.647489, 0.279
-710.716, 0.647489, 0.279279
-162.205, 1.76151, 0.273791
-612.463, 0.647489, 0.121216
-612.636, 0.647489, 0.121337
-306.168, 1.70534, 0.0941029
-562.545, 0.647489, 0.845615
-562.335, 0.647489, 0.846461
-287.216, 1.39835, 1.60259
-710.855, 0.647489, 0.282057
-710.866, 0.647489, 0.28234
-160.316, 1.76164, 0.278081
-656.544, 0.647489, 0.527167
-656.373, 0.647489, 0.527695
-130.51, 1.67637, 0.719753
-667.976, 0.647489, 0.491667
-667.819, 0.647489, 0.492159
-122.835, 1.6983, 0.643105
-587.409, 0.647489, 0.751267
-587.2, 0.647489, 0.752019
-234.71, 1.4917, 1.30529
-645.984, 0.647489, 0.559675
-645.802, 0.647489, 0.560235
-140.318, 1.65408, 0.793899
-706.541, 0.647489, 0.247882
-706.593, 0.647489, 0.24813
-183.55, 1.75816, 0.232418
-708.433, 0.647489, 0.257924
-708.474, 0.647489, 0.258182
-176.256, 1.7596, 0.245297
-999.338, 0.183982, 0.365941
-998.378, 0.183982, 0.366307
-399.605, 0.12891, 0.931392
-1004.01, 0.183982, 0.364163
-1003.05, 0.183982, 0.364527
-399.872, 0.129281, 0.92788
-428.043, 0.183982, 0.925422
-427.872, 0.183982, 0.926348
-393.743, 0.100638, 2.05288
-1594.91, 0.183982, 0.1738
-1594.4, 0.183982, 0.173974
-974.739, 0.296556, 0.418693
-393.244, 1.99187, 14.1018
-393.247, 1.99187, 14.1159
-421.369, 0.184166, 0.966194
-393.743, 0.100032, 2.1351
-393.743, 0.100032, 2.13724
-1002.57, 0.184166, 0.364849
-399.728, 0.128988, 0.929184
-399.685, 0.128988, 0.930114
-793.708, 0.184166, 0.456812
-394.408, 0.117172, 1.1151
-394.401, 0.117172, 1.11621
-1704.51, 0.184166, 0.114702
-794.929, 0.500081, 0.116047
-795.214, 0.500081, 0.116163
-328.722, 27.3234, 0.121583
-1602.79, 0.183982, 0.171078
-1602.3, 0.183982, 0.171249
-995.486, 0.306491, 0.404511
-390.611, 2.34861, 12.6438
-390.628, 2.34861, 12.6564
-746.079, 0.184166, 0.483022
-394.102, 0.114973, 1.16754
-394.099, 0.114973, 1.16871
-448.227, 0.184166, 0.840241
-393.744, 0.10186, 1.88217
-393.744, 0.10186, 1.88406
-704.658, 0.184166, 0.508395
-393.942, 0.113194, 1.21849
-393.94, 0.113194, 1.21971
-723.132, 0.184166, 0.496738
-394.005, 0.11406, 1.19555
-394.002, 0.11406, 1.19675
-1687.17, 0.184166, 0.097091
-693.261, 0.486003, 0.0765622
-693.557, 0.486003, 0.0766388
-492.387, 0.184166, 0.72944
-393.745, 0.104168, 1.66026
-393.745, 0.104168, 1.66192
-1254.24, 0.184166, 0.279
-444.274, 0.153598, 0.746046
-444.031, 0.153598, 0.746793
-1702.32, 0.184166, 0.121216
-845.922, 0.49635, 0.137042
-846.178, 0.49635, 0.137179
-252.716, 26.3191, 0.223883
-446.499, 0.183982, 0.845615
-446.259, 0.183982, 0.846461
-393.744, 0.101883, 1.89314
-1244.33, 0.183982, 0.282057
-1243.44, 0.183982, 0.28234
-440.552, 0.152247, 0.752823
-676.385, 0.183982, 0.527167
-675.636, 0.183982, 0.527695
-393.873, 0.112099, 1.25586
-731.021, 0.183982, 0.491667
-730.205, 0.183982, 0.492159
-394.04, 0.11452, 1.18529
-481.296, 0.183982, 0.751267
-480.944, 0.183982, 0.752019
-393.744, 0.103748, 1.70396
-633.419, 0.183982, 0.559675
-632.734, 0.183982, 0.560235
-393.805, 0.110304, 1.32079
-1355.45, 0.183982, 0.247882
-1354.63, 0.183982, 0.24813
-505.566, 0.171453, 0.67209
-1322.37, 0.183982, 0.257924
-1321.53, 0.183982, 0.258182
-480.066, 0.164588, 0.696682
-610.749, 0.73518, 0.365941
-610.719, 0.73518, 0.366307
-101.603, 1.99878, 0.381094
-610.89, 0.73518, 0.364163
-610.861, 0.73518, 0.364527
-102.103, 1.99884, 0.378972
-511.956, 0.73518, 0.925422
-511.813, 0.73518, 0.926348
-165.425, 1.80812, 1.43418
-5763.43, 65.8246, 8.27295
-5762.18, 65.8246, 8.28122
-74.8585, 2.52848, 1.6888
-576.029, 0.73518, 0.1738
-576.136, 0.73518, 0.173974
-232.437, 1.97825, 0.149756
-505.791, 0.73518, 0.966194
-505.649, 0.73518, 0.967161
-181.215, 1.78517, 1.53572
-5089.67, 61.7519, 9.80187
-5086.6, 61.7519, 9.81167
-73.8065, 2.69163, 1.90357
-610.835, 0.73518, 0.364849
-610.807, 0.73518, 0.365214
-102.02, 1.99892, 0.379288
-598.784, 0.73518, 0.456812
-598.707, 0.73518, 0.457269
-83.0497, 1.98666, 0.513676
-527.97, 0.73518, 0.114702
-528.091, 0.73518, 0.114817
-299.897, 1.9529, 0.0922377
-574.366, 0.73518, 0.171078
-574.473, 0.73518, 0.171249
-235.298, 1.97746, 0.147021
-594.18, 0.73518, 0.483022
-594.093, 0.73518, 0.483505
-80.8829, 1.98133, 0.554586
-525.815, 0.73518, 0.840241
-525.671, 0.73518, 0.841082
-135.344, 1.85207, 1.23475
-589.453, 0.73518, 0.508395
-589.356, 0.73518, 0.508903
-79.842, 1.97541, 0.595511
-591.652, 0.73518, 0.496738
-591.559, 0.73518, 0.497235
-80.1978, 1.9782, 0.576591
-508.435, 0.73518, 0.097091
-508.551, 0.73518, 0.0971881
-320.217, 1.94324, 0.0764435
-545.791, 0.73518, 0.72944
-545.652, 0.73518, 0.73017
-104.469, 1.90165, 0.998703
-610.455, 0.73518, 0.279
-610.485, 0.73518, 0.279279
-142, 1.99894, 0.268458
-534.578, 0.73518, 0.121216
-534.699, 0.73518, 0.121337
-292.005, 1.95712, 0.098445
-524.901, 0.73518, 0.845615
-524.758, 0.73518, 0.846461
-137.169, 1.84926, 1.24715
-610.781, 0.73518, 0.282057
-610.808, 0.73518, 0.28234
-140.137, 1.99914, 0.272133
-585.834, 0.73518, 0.527167
-585.731, 0.73518, 0.527695
-79.6742, 1.97074, 0.626273
-592.595, 0.73518, 0.491667
-592.504, 0.73518, 0.492159
-80.4143, 1.97943, 0.568329
-541.691, 0.73518, 0.751267
-541.551, 0.73518, 0.752019
-109.668, 1.8926, 1.04316
-579.409, 0.73518, 0.559675
-579.297, 0.73518, 0.560235
-80.5033, 1.96179, 0.681221
-605.364, 0.73518, 0.247882
-605.419, 0.73518, 0.24813
-163.99, 1.99539, 0.230898
-607.385, 0.73518, 0.257924
-607.431, 0.73518, 0.258182
-156.298, 1.99688, 0.243011
-650.022, 0.696665, 0.365941
-649.976, 0.696665, 0.366307
-110.196, 1.89185, 0.389787
-650.243, 0.696665, 0.364163
-650.198, 0.696665, 0.364527
-110.676, 1.89197, 0.38748
-526.776, 0.696665, 0.925422
-526.606, 0.696665, 0.926348
-232.12, 1.60589, 1.6065
-614.859, 0.696665, 0.1738
-614.98, 0.696665, 0.173974
-239.784, 1.87085, 0.147853
-519.467, 0.696665, 0.966194
-519.299, 0.696665, 0.967161
-251.035, 1.57423, 1.72663
-650.157, 0.696665, 0.364849
-650.112, 0.696665, 0.365214
-110.496, 1.89194, 0.388334
-633.477, 0.696665, 0.456812
-633.375, 0.696665, 0.457269
-94.857, 1.87203, 0.534888
-558.23, 0.696665, 0.114702
-558.374, 0.696665, 0.114817
-305.466, 1.84121, 0.0902654
-612.936, 0.696665, 0.171078
-613.059, 0.696665, 0.171249
-242.644, 1.86982, 0.145054
-627.478, 0.696665, 0.483022
-627.365, 0.696665, 0.483505
-94.1657, 1.86372, 0.580287
-543.297, 0.696665, 0.840241
-543.126, 0.696665, 0.841082
-191.833, 1.66982, 1.368
-621.407, 0.696665, 0.508395
-621.283, 0.696665, 0.508903
-94.8137, 1.85466, 0.625875
-624.222, 0.696665, 0.496738
-624.103, 0.696665, 0.497235
-94.3576, 1.85897, 0.604692
-534.765, 0.696665, 0.097091
-534.901, 0.696665, 0.0971881
-324.661, 1.83127, 0.0748216
-567.353, 0.696665, 0.72944
-567.186, 0.696665, 0.73017
-144.684, 1.74376, 1.08825
-652.532, 0.696665, 0.279
-652.56, 0.696665, 0.279279
-150.139, 1.89444, 0.269289
-566.118, 0.696665, 0.121216
-566.261, 0.696665, 0.121337
-297.897, 1.84585, 0.0963918
-542.204, 0.696665, 0.845615
-542.033, 0.696665, 0.846461
-194.374, 1.66584, 1.38262
-652.814, 0.696665, 0.282057
-652.839, 0.696665, 0.28234
-148.185, 1.89468, 0.273307
-616.803, 0.696665, 0.527167
-616.673, 0.696665, 0.527695
-96.0597, 1.84744, 0.660493
-625.434, 0.696665, 0.491667
-625.316, 0.696665, 0.492159
-94.2504, 1.86072, 0.595682
-562.391, 0.696665, 0.751267
-562.222, 0.696665, 0.752019
-153.186, 1.72999, 1.14082
-608.708, 0.696665, 0.559675
-608.567, 0.696665, 0.560235
-99.6919, 1.83377, 0.722556
-647.555, 0.696665, 0.247882
-647.611, 0.696665, 0.24813
-171.719, 1.89086, 0.23092
-649.615, 0.696665, 0.257924
-649.662, 0.696665, 0.258182
-164.181, 1.89238, 0.243265
-956.358, 0.42587, 0.365941
-956.021, 0.42587, 0.366307
-420.799, 0.954104, 0.661744
-957.989, 0.42587, 0.364163
-957.655, 0.42587, 0.364527
-418.57, 0.958058, 0.654809
-569.799, 0.42587, 0.925422
-569.432, 0.42587, 0.926348
-395.706, 0.351696, 2.46901
-1035.94, 0.42587, 0.1738
-1036.09, 0.42587, 0.173974
-342.594, 1.14391, 0.148065
-554.295, 0.42587, 0.966194
-553.944, 0.42587, 0.967161
-395.002, 0.340773, 2.56054
-957.359, 0.42587, 0.364849
-957.024, 0.42587, 0.365214
-419.447, 0.956509, 0.657506
-872.154, 0.42587, 0.456812
-871.738, 0.42587, 0.457269
-488.483, 0.75786, 1.03501
-931.66, 0.42587, 0.114702
-931.993, 0.42587, 0.114817
-375.032, 1.09153, 0.081591
-1033.59, 0.42587, 0.171078
-1033.75, 0.42587, 0.171249
-343.835, 1.14287, 0.144941
-848.598, 0.42587, 0.483022
-848.17, 0.42587, 0.483505
-489.056, 0.709136, 1.14239
-606.852, 0.42587, 0.840241
-606.453, 0.42587, 0.841082
-398.718, 0.380536, 2.26929
-826.425, 0.42587, 0.508395
-825.988, 0.42587, 0.508903
-484.018, 0.665662, 1.24447
-836.529, 0.42587, 0.496738
-836.095, 0.42587, 0.497235
-486.885, 0.685374, 1.19768
-873.544, 0.42587, 0.097091
-873.91, 0.42587, 0.0971881
-382.559, 1.06975, 0.0656178
-665.817, 0.42587, 0.72944
-665.385, 0.42587, 0.73017
-409.935, 0.435559, 1.98236
-1027.81, 0.42587, 0.279
-1027.63, 0.42587, 0.279279
-324.916, 1.11736, 0.36452
-949.548, 0.42587, 0.121216
-949.867, 0.42587, 0.121337
-372.126, 1.09795, 0.0876729
-604.314, 0.42587, 0.845615
-603.918, 0.42587, 0.846461
-398.424, 0.378177, 2.28213
-1025.79, 0.42587, 0.282057
-1025.6, 0.42587, 0.28234
-326.671, 1.11361, 0.372904
-810.471, 0.42587, 0.527167
-810.028, 0.42587, 0.527695
-477.843, 0.636422, 1.3178
-840.969, 0.42587, 0.491667
-840.537, 0.42587, 0.492159
-487.848, 0.694114, 1.17724
-653.151, 0.42587, 0.751267
-652.724, 0.42587, 0.752019
-406.691, 0.423088, 2.0421
-783.819, 0.42587, 0.559675
-783.372, 0.42587, 0.560235
-464.594, 0.591074, 1.44007
-1044.56, 0.42587, 0.247882
-1044.46, 0.42587, 0.24813
-314.885, 1.14812, 0.283907
-1040.01, 0.42587, 0.257924
-1039.88, 0.42587, 0.258182
-316.2, 1.14057, 0.307971
-657.452, 0.689576, 0.365941
-657.402, 0.689576, 0.366307
-112.01, 1.87188, 0.392058
-657.69, 0.689576, 0.364163
-657.642, 0.689576, 0.364527
-112.638, 1.87231, 0.38881
-529.371, 0.689576, 0.925422
-529.195, 0.689576, 0.926348
-245.53, 1.56634, 1.64163
-622.448, 0.689576, 0.1738
-622.574, 0.689576, 0.173974
-241.685, 1.8503, 0.147129
-521.846, 0.689576, 0.966194
-521.672, 0.689576, 0.967161
-265.041, 1.5319, 1.7671
-657.599, 0.689576, 0.364849
-657.551, 0.689576, 0.365214
-112.399, 1.87216, 0.390039
-639.955, 0.689576, 0.456812
-639.848, 0.689576, 0.457269
-97.5864, 1.85034, 0.539558
-564.227, 0.689576, 0.114702
-564.374, 0.689576, 0.114817
-306.316, 1.82158, 0.0900859
-620.479, 0.689576, 0.171078
-620.606, 0.689576, 0.171249
-244.508, 1.84926, 0.14435
-633.673, 0.689576, 0.483022
-633.554, 0.689576, 0.483505
-97.2573, 1.84147, 0.585726
-546.398, 0.689576, 0.840241
-546.222, 0.689576, 0.841082
-204.007, 1.63396, 1.39568
-627.331, 0.689576, 0.508395
-627.202, 0.689576, 0.508903
-98.333, 1.83166, 0.632366
-630.27, 0.689576, 0.496738
-630.145, 0.689576, 0.497235
-97.6761, 1.8363, 0.610715
-539.999, 0.689576, 0.097091
-540.143, 0.689576, 0.0971881
-325.906, 1.8089, 0.0742597
-571.237, 0.689576, 0.72944
-571.064, 0.689576, 0.73017
-154.114, 1.7123, 1.1078
-660.608, 0.689576, 0.279
-660.635, 0.689576, 0.279279
-151.73, 1.87526, 0.269724
-572.345, 0.689576, 0.121216
-572.49, 0.689576, 0.121337
-298.779, 1.82634, 0.0962286
-545.271, 0.689576, 0.845615
-545.094, 0.689576, 0.846461
-206.645, 1.62977, 1.41071
-660.876, 0.689576, 0.282057
-660.9, 0.689576, 0.28234
-149.756, 1.87551, 0.273794
-622.531, 0.689576, 0.527167
-622.395, 0.689576, 0.527695
-99.9352, 1.82385, 0.667836
-631.536, 0.689576, 0.491667
-631.413, 0.689576, 0.492159
-97.4792, 1.83822, 0.601455
-566.109, 0.689576, 0.751267
-565.934, 0.689576, 0.752019
-163.277, 1.69756, 1.16202
-614.103, 0.689576, 0.559675
-613.958, 0.689576, 0.560235
-104.257, 1.80913, 0.731408
-655.699, 0.689576, 0.247882
-655.753, 0.689576, 0.24813
-173.036, 1.87189, 0.231395
-657.75, 0.689576, 0.257924
-657.796, 0.689576, 0.258182
-165.782, 1.87318, 0.243394
-718.043, 0.6337, 0.365941
-717.959, 0.6337, 0.366307
-131.178, 1.71234, 0.411682
-718.447, 0.6337, 0.364163
-718.364, 0.6337, 0.364527
-131.536, 1.71272, 0.408914
-548.037, 0.6337, 0.925422
-547.82, 0.6337, 0.926348
-348.663, 1.23036, 1.9573
-687.736, 0.6337, 0.1738
-687.881, 0.6337, 0.173974
-253.911, 1.69691, 0.145428
-538.758, 0.6337, 0.966194
-538.544, 0.6337, 0.967161
-362.405, 1.18599, 2.10776
-718.291, 0.6337, 0.364849
-718.208, 0.6337, 0.365214
-131.406, 1.71263, 0.409857
-691.715, 0.6337, 0.456812
-691.564, 0.6337, 0.457269
-127.757, 1.67171, 0.584782
-616.697, 0.6337, 0.114702
-616.883, 0.6337, 0.114817
-315.881, 1.65999, 0.0872911
-685.423, 0.6337, 0.171078
-685.57, 0.6337, 0.171249
-256.752, 1.69546, 0.142483
-682.902, 0.6337, 0.483022
-682.737, 0.6337, 0.483505
-132.109, 1.6555, 0.640668
-569.213, 0.6337, 0.840241
-568.992, 0.6337, 0.841082
-311.126, 1.32362, 1.65434
-674.165, 0.6337, 0.508395
-673.989, 0.6337, 0.508903
-138.277, 1.63838, 0.697067
-678.196, 0.6337, 0.496738
-678.025, 0.6337, 0.497235
-135.201, 1.64646, 0.670814
-586.113, 0.6337, 0.097091
-586.295, 0.6337, 0.0971881
-333.653, 1.64618, 0.0718573
-600.566, 0.6337, 0.72944
-600.345, 0.6337, 0.73017
-248.299, 1.44206, 1.29057
-727.913, 0.6337, 0.279
-727.925, 0.6337, 0.279279
-166.628, 1.72409, 0.274635
-626.85, 0.6337, 0.121216
-627.031, 0.6337, 0.121337
-308.723, 1.66616, 0.0934965
-567.804, 0.6337, 0.845615
-567.583, 0.6337, 0.846461
-313.691, 1.31815, 1.67238
-728.02, 0.6337, 0.282057
-728.028, 0.6337, 0.28234
-164.679, 1.72421, 0.279214
-667.637, 0.6337, 0.527167
-667.453, 0.6337, 0.527695
-144.025, 1.62478, 0.740389
-679.941, 0.6337, 0.491667
-679.772, 0.6337, 0.492159
-133.988, 1.64987, 0.65956
-594.045, 0.6337, 0.751267
-593.823, 0.6337, 0.752019
-261.641, 1.41879, 1.35975
-656.316, 0.6337, 0.559675
-656.121, 0.6337, 0.560235
-156.096, 1.59971, 0.818372
-724.148, 0.6337, 0.247882
-724.198, 0.6337, 0.24813
-187.371, 1.72108, 0.233182
-725.941, 0.6337, 0.257924
-725.978, 0.6337, 0.258182
-180.092, 1.7225, 0.246414
-393.743, 0.0136615, 0.365941
-393.743, 0.0136615, 0.366307
-393.747, 0.0340443, 0.551415
-393.743, 0.0175057, 0.409088
-393.743, 0.0175057, 0.409498
-393.743, 0.0146466, 0.377405
-393.743, 0.0140499, 0.370581
-393.743, 0.0140499, 0.370952
-393.743, 0.0137909, 0.36733
-393.743, 0.0136679, 0.366018
-393.743, 0.0136679, 0.366384
-393.743, 0.0136754, 0.365943
-393.743, 0.0136615, 0.365941
-393.743, 0.0136615, 0.366307
-393.743, 0.0136752, 0.365941
-393.743, 0.0136615, 0.365941
-393.743, 0.0136615, 0.366307
-393.743, 0.0136752, 0.365941
-393.743, 0.0136615, 0.365941
-393.743, 0.0136615, 0.366307
-393.743, 0.0136752, 0.365941
-393.743, 0.0136615, 0.365941
-393.743, 0.0136615, 0.366307
-393.743, 0.0136752, 0.365941
-393.743, 0.0136615, 0.365941
-393.743, 0.0136615, 0.366307
-393.743, 0.0136752, 0.365941
-393.743, 0.0136615, 0.364163
-393.743, 0.0136615, 0.364527
-393.744, 0.032583, 0.598128
-393.743, 0.0171584, 0.414824
-393.743, 0.0171584, 0.415239
-393.743, 0.0139364, 0.368122
-393.743, 0.0136778, 0.364411
-393.743, 0.0136778, 0.364776
-393.743, 0.0136824, 0.364272
-393.743, 0.0136641, 0.364202
-393.743, 0.0136641, 0.364567
-393.743, 0.0136823, 0.364271
-393.743, 0.0136687, 0.364272
-393.743, 0.0136687, 0.364637
-393.743, 0.0136752, 0.925422
-393.743, 0.0371356, 0.921784
-393.743, 0.0371356, 0.922706
-393.743, 0.0239675, 0.923379
-393.743, 0.0186608, 0.924286
-393.743, 0.0186608, 0.925211
-393.743, 0.0140678, 0.925319
-393.743, 0.0137161, 0.925408
-393.743, 0.0137161, 0.926333
-393.743, 0.0139694, 0.925344
-393.743, 0.0140327, 0.925324
-393.743, 0.0140327, 0.92625
-394.006, 0.0136752, 0.1738
-393.743, 0.00691282, 0.361405
-393.743, 0.00691282, 0.361766
-393.743, 0.0136752, 0.966194
-393.743, 0.0371285, 0.947143
-393.743, 0.0371285, 0.948091
-393.743, 0.0238211, 0.955572
-393.743, 0.0177655, 0.961152
-393.743, 0.0177655, 0.962114
-393.743, 0.0202487, 0.95867
-393.743, 0.0187219, 0.960149
-393.743, 0.0187219, 0.961109
-393.743, 0.0183473, 0.960554
-393.743, 0.0187219, 0.960149
-393.743, 0.0187219, 0.961109
-393.743, 0.0136752, 0.364849
-393.745, 0.0333133, 0.574074
-393.745, 0.0333133, 0.574648
-393.743, 0.017331, 0.411561
-393.743, 0.0143189, 0.373674
-393.743, 0.0143189, 0.374048
-393.743, 0.0139845, 0.369023
-393.743, 0.0138061, 0.366808
-393.743, 0.0138061, 0.367175
-393.743, 0.0137136, 0.36537
-393.743, 0.0137587, 0.366167
-393.743, 0.0137587, 0.366534
-393.743, 0.0138079, 0.366646
-393.743, 0.0138061, 0.366808
-393.743, 0.0138061, 0.367175
-393.743, 0.0136752, 0.456812
-393.879, 0.0371357, 0.458445
-393.878, 0.0371357, 0.458904
-393.743, 0.0184136, 0.457297
-393.743, 0.0144018, 0.456898
-393.743, 0.0144018, 0.457355
-393.743, 0.0139836, 0.456848
-393.743, 0.0137311, 0.45682
-393.743, 0.0137311, 0.457277
-393.743, 0.0136967, 0.456815
-393.743, 0.013724, 0.45682
-393.743, 0.013724, 0.457277
-393.743, 0.0137319, 0.456819
-393.743, 0.013724, 0.45682
-393.743, 0.013724, 0.457277
-413.326, 0.0136752, 0.114702
-393.743, 0.00704223, 0.242563
-393.743, 0.00704223, 0.242806
-394.064, 0.0136752, 0.171078
-393.743, 0.00691687, 0.355937
-393.743, 0.00691687, 0.356293
-393.743, 0.0136752, 0.483022
-393.817, 0.0371356, 0.481084
-393.816, 0.0371356, 0.481565
-393.743, 0.018461, 0.48244
-393.743, 0.0160916, 0.482704
-393.743, 0.0160916, 0.483187
-393.743, 0.0142715, 0.482939
-393.743, 0.0139365, 0.482983
-393.743, 0.0139365, 0.483467
-393.743, 0.0136915, 0.48302
-393.743, 0.0136626, 0.483022
-393.743, 0.0136626, 0.483505
-393.743, 0.0136756, 0.483022
-393.743, 0.0136626, 0.483022
-393.743, 0.0136626, 0.483505
-393.743, 0.0136763, 0.483022
-393.743, 0.0136615, 0.840241
-393.743, 0.0136615, 0.841082
-393.743, 0.0371729, 0.837734
-393.743, 0.0208474, 0.839181
-393.743, 0.0208474, 0.84002
-393.743, 0.0152144, 0.839974
-393.743, 0.0142333, 0.840138
-393.743, 0.0142333, 0.840979
-393.743, 0.0139921, 0.840184
-393.743, 0.0137504, 0.840225
-393.743, 0.0137504, 0.841066
-393.743, 0.0137365, 0.84023
-393.743, 0.0137443, 0.840226
-393.743, 0.0137443, 0.841067
-393.743, 0.0137641, 0.840225
-393.743, 0.0136615, 0.508395
-393.743, 0.0136615, 0.508903
-393.772, 0.0371675, 0.517233
-393.743, 0.0184836, 0.511051
-393.743, 0.0184836, 0.511562
-393.743, 0.0162107, 0.509888
-393.743, 0.0142305, 0.508753
-393.743, 0.0142305, 0.509262
-393.743, 0.0137508, 0.508443
-393.743, 0.0136816, 0.508408
-393.743, 0.0136816, 0.508916
-393.743, 0.0136791, 0.508397
-393.743, 0.0136787, 0.508406
-393.743, 0.0136787, 0.508914
-393.743, 0.0136953, 0.508408
-393.743, 0.0136816, 0.508408
-393.743, 0.0136816, 0.508916
-393.743, 0.0136752, 0.496738
-393.794, 0.0371358, 0.495456
-393.793, 0.0371358, 0.495951
-393.743, 0.0184836, 0.496351
-393.743, 0.0161909, 0.49652
-393.743, 0.0161909, 0.497017
-393.743, 0.0139382, 0.496714
-463.661, 0.0136615, 0.097091
-463.172, 0.0136615, 0.0971881
-393.743, 0.00711905, 0.207094
-393.743, 0.0136615, 0.72944
-393.743, 0.0136615, 0.73017
-393.744, 0.0371696, 0.719561
-393.743, 0.0192998, 0.726011
-393.743, 0.0192998, 0.726737
-393.743, 0.0142186, 0.729052
-393.743, 0.0171224, 0.727197
-393.743, 0.0171224, 0.727925
-393.743, 0.0183941, 0.726497
-393.744, 0.0136615, 0.279
-393.744, 0.0136615, 0.279279
-393.743, 0.0068393, 0.573781
-405.832, 0.0136615, 0.121216
-405.725, 0.0136615, 0.121337
-393.743, 0.00702808, 0.255653
-393.743, 0.0136615, 0.845615
-393.743, 0.0136615, 0.846461
-393.743, 0.0371727, 0.842086
-393.743, 0.0199769, 0.844272
-393.743, 0.0199769, 0.845117
-393.743, 0.0168356, 0.84488
-393.743, 0.0140098, 0.845526
-393.743, 0.0140098, 0.846372
-393.743, 0.0137231, 0.845603
-393.743, 0.013665, 0.845614
-393.743, 0.013665, 0.84646
-393.743, 0.0136761, 0.845615
-393.743, 0.013665, 0.845614
-393.743, 0.013665, 0.84646
-393.743, 0.0136787, 0.845614
-393.744, 0.0136615, 0.282057
-393.744, 0.0136615, 0.28234
-393.743, 0.00684114, 0.580218
-393.743, 0.0136615, 0.527167
-393.743, 0.0136615, 0.527695
-393.766, 0.0371728, 0.525291
-393.743, 0.0185111, 0.526597
-393.743, 0.0185111, 0.527124
-393.743, 0.0146533, 0.527038
-393.743, 0.0165808, 0.526804
-393.743, 0.0165808, 0.527331
-393.743, 0.0179531, 0.526656
-393.743, 0.0183909, 0.526609
-393.743, 0.0183909, 0.527136
-393.743, 0.0185296, 0.526597
-393.743, 0.0136615, 0.491667
-393.743, 0.0136615, 0.492159
-393.802, 0.0371729, 0.490338
-393.743, 0.0184567, 0.491267
-393.743, 0.0184567, 0.491758
-393.743, 0.0151323, 0.491532
-393.743, 0.0138554, 0.491648
-393.743, 0.0138554, 0.49214
-393.743, 0.0136933, 0.491665
-393.743, 0.0136651, 0.491667
-393.743, 0.0136651, 0.492159
-393.743, 0.0136899, 0.491666
-393.743, 0.0136795, 0.491665
-393.743, 0.0136795, 0.492157
-393.743, 0.0136933, 0.491665
-393.743, 0.0136615, 0.751267
-393.743, 0.0136615, 0.752019
-393.743, 0.037173, 0.752741
-393.743, 0.0198885, 0.75182
-393.743, 0.0198885, 0.752573
-393.743, 0.014868, 0.75139
-393.743, 0.017632, 0.751643
-393.743, 0.017632, 0.752395
-393.743, 0.0165633, 0.751549
-393.743, 0.0173817, 0.751622
-393.743, 0.0173817, 0.752374
-393.743, 0.0176497, 0.751643
-393.743, 0.0136615, 0.559675
-393.743, 0.0136615, 0.560235
-393.751, 0.0371699, 0.566994
-393.743, 0.0185588, 0.561907
-393.743, 0.0185588, 0.562469
-393.743, 0.0162479, 0.56093
-393.743, 0.0142195, 0.559966
-393.743, 0.0142195, 0.560526
-393.743, 0.0139341, 0.559811
-393.743, 0.0140699, 0.559889
-393.743, 0.0140699, 0.560449
-393.743, 0.0142129, 0.559956
-393.743, 0.0142195, 0.559966
-393.743, 0.0142195, 0.560526
-393.745, 0.0136752, 0.247882
-393.743, 0.00683783, 0.510169
-393.743, 0.00683783, 0.510679
-393.744, 0.0136752, 0.257924
-393.743, 0.00683245, 0.530436
-393.743, 0.00683245, 0.530966
-1050.51, 0.318111, 0.365941
-562.201, 0.432089, 0.947764
-561.845, 0.432089, 0.948713
-1053.26, 0.318111, 0.364163
-565.014, 0.434635, 0.941353
-564.658, 0.434635, 0.942295
-529.167, 0.318111, 0.925422
-393.813, 0.203933, 2.26758
-393.812, 0.203933, 2.26985
-1289.91, 0.318111, 0.1738
-472.319, 0.863817, 0.175334
-472.369, 0.863817, 0.17551
-513.268, 0.318111, 0.966194
-393.783, 0.200808, 2.34907
-393.783, 0.200808, 2.35142
-1052.2, 0.318111, 0.364849
-564.02, 0.433871, 0.943674
-563.664, 0.433871, 0.944618
-917.989, 0.318111, 0.456812
-448.223, 0.327199, 1.24122
-448.019, 0.327199, 1.24246
-1214.48, 0.318111, 0.114702
-451.315, 0.81767, 0.0827184
-451.38, 0.81767, 0.0828012
-1289.85, 0.318111, 0.171078
-470.509, 0.863797, 0.169188
-470.56, 0.863797, 0.169357
-883.211, 0.318111, 0.483022
-431.598, 0.30934, 1.31251
-431.438, 0.30934, 1.31383
-569.186, 0.318111, 0.840241
-393.969, 0.211883, 2.09612
-393.966, 0.211883, 2.09822
-851.178, 0.318111, 0.508395
-420.003, 0.294259, 1.37787
-419.881, 0.294259, 1.37925
-865.693, 0.318111, 0.496738
-424.759, 0.300627, 1.34819
-424.621, 0.300627, 1.34954
-1149.22, 0.318111, 0.097091
-444.304, 0.796465, 0.0654239
-444.366, 0.796465, 0.0654893
-638.05, 0.318111, 0.72944
-394.809, 0.2266, 1.86935
-394.8, 0.2266, 1.87122
-1185.34, 0.318111, 0.279
-648.841, 0.63853, 0.571083
-648.648, 0.63853, 0.571655
-1232.49, 0.318111, 0.121216
-453.371, 0.825668, 0.0900446
-453.436, 0.825668, 0.0901347
-566.36, 0.318111, 0.845615
-393.952, 0.211173, 2.10637
-393.95, 0.211173, 2.10848
-1180.76, 0.318111, 0.282057
-650.569, 0.629132, 0.585569
-650.363, 0.629132, 0.586155
-828.525, 0.318111, 0.527167
-413.668, 0.284372, 1.42414
-413.569, 0.284372, 1.42557
-872.115, 0.318111, 0.491667
-427.113, 0.303672, 1.33511
-426.968, 0.303672, 1.33645
-622.768, 0.318111, 0.751267
-394.527, 0.22328, 1.91485
-394.521, 0.22328, 1.91677
-791.397, 0.318111, 0.559675
-406.121, 0.270177, 1.50131
-406.053, 0.270177, 1.50281
-1229.46, 0.318111, 0.247882
-602.591, 0.736311, 0.426302
-602.528, 0.736311, 0.426728
-2480.63, 21.2405, 3.7291
-64.7508, 2.14657, 0.850287
-64.774, 2.14657, 0.851138
-1215.83, 0.318111, 0.257924
-622.775, 0.704824, 0.472124
-622.672, 0.704824, 0.472596
-1278.25, 17.0711, 5.30042
-50.872, 2.59438, 1.26944
-50.9023, 2.59438, 1.27071
-533.389, 0.817473, 0.365941
-89.906, 2.21979, 0.369609
-89.8073, 2.21979, 0.369979
-533.424, 0.817473, 0.364163
-90.4112, 2.2198, 0.367737
-90.3111, 2.2198, 0.368104
-477.211, 0.817473, 0.925422
-80.9104, 2.15286, 1.18322
-80.9923, 2.15286, 1.18441
-505.38, 0.817473, 0.1738
-218.312, 2.20601, 0.155405
-218.147, 2.20601, 0.15556
-473.294, 0.817473, 0.966194
-87.0117, 2.14489, 1.25301
-87.1069, 2.14489, 1.25427
-533.411, 0.817473, 0.364849
-90.1512, 2.21978, 0.368698
-90.0518, 2.21978, 0.369067
-528.253, 0.817473, 0.456812
-69.2652, 2.21617, 0.484094
-69.21, 2.21617, 0.484578
-474.444, 0.817473, 0.114702
-288.156, 2.19145, 0.0977335
-288.027, 2.19145, 0.0978312
-504.274, 0.817473, 0.171078
-221.173, 2.20564, 0.152742
-221.008, 2.20564, 0.152895
-525.906, 0.817473, 0.483022
-65.9162, 2.21439, 0.518292
-65.8711, 2.21439, 0.518811
-485.913, 0.817473, 0.840241
-70.4988, 2.16853, 1.04191
-70.5531, 2.16853, 1.04295
-523.406, 0.817473, 0.508395
-63.4553, 2.21241, 0.551929
-63.4189, 2.21241, 0.552482
-524.578, 0.817473, 0.496738
-64.5136, 2.21343, 0.536164
-64.4735, 2.21343, 0.5367
-462.281, 0.817473, 0.097091
-309.912, 2.18629, 0.0815831
-309.803, 2.18629, 0.0816647
-498.187, 0.817473, 0.72944
-61.9468, 2.18635, 0.867955
-61.9696, 2.18635, 0.868823
-530.323, 0.817473, 0.279
-129.601, 2.21813, 0.268078
-129.456, 2.21813, 0.268346
-478.596, 0.817473, 0.121216
-280.051, 2.19342, 0.103869
-279.914, 2.19342, 0.103973
-485.344, 0.817473, 0.845615
-71.0387, 2.16768, 1.05044
-71.0947, 2.16768, 1.05149
-530.634, 0.817473, 0.282057
-127.771, 2.21828, 0.271485
-127.628, 2.21828, 0.271757
-521.445, 0.817473, 0.527167
-62.0564, 2.2108, 0.577124
-62.0259, 2.2108, 0.577702
-525.076, 0.817473, 0.491667
-65.0056, 2.21377, 0.529602
-64.9642, 2.21377, 0.530132
-495.696, 0.817473, 0.751267
-63.1879, 2.18306, 0.901405
-63.2165, 2.18306, 0.902307
-517.885, 0.817473, 0.559675
-60.3453, 2.20768, 0.621594
-60.3248, 2.20768, 0.622216
-526.042, 0.817473, 0.247882
-150.424, 2.21612, 0.233819
-150.266, 2.21612, 0.234053
-527.657, 0.817473, 0.257924
-143.369, 2.21678, 0.244598
-143.215, 2.21678, 0.244842
-488.61, 0.870211, 0.365941
-85.1135, 2.36311, 0.36627
-85.0136, 2.36311, 0.366636
-488.613, 0.870211, 0.364163
-85.6072, 2.36311, 0.364478
-85.506, 2.36311, 0.364842
-453.551, 0.870211, 0.925422
-58.0401, 2.33541, 1.07855
-58.0793, 2.33541, 1.07963
-467.56, 0.870211, 0.1738
-209.959, 2.35488, 0.159883
-209.788, 2.35488, 0.160043
-450.921, 0.870211, 0.966194
-60.5505, 2.33213, 1.13603
-60.5995, 2.33213, 1.13717
-488.612, 0.870211, 0.364849
-85.3988, 2.36311, 0.36523
-85.2981, 2.36311, 0.365596
-486.124, 0.870211, 0.456812
-65.0521, 2.36187, 0.471854
-64.9944, 2.36187, 0.472326
-446.576, 0.870211, 0.114702
-280.664, 2.3466, 0.101911
-280.526, 2.3466, 0.102013
-466.796, 0.870211, 0.171078
-212.956, 2.35453, 0.157103
-212.785, 2.35453, 0.15726
-484.779, 0.870211, 0.483022
-61.611, 2.36114, 0.503176
-61.5616, 2.36114, 0.50368
-459.35, 0.870211, 0.840241
-54.1895, 2.34195, 0.960582
-54.211, 2.34195, 0.961543
-483.303, 0.870211, 0.508395
-58.9934, 2.36034, 0.533617
-58.9527, 2.36034, 0.534151
-484, 0.870211, 0.496738
-60.1115, 2.36069, 0.519739
-60.0664, 2.36069, 0.520259
-438.464, 0.870211, 0.097091
-303.3, 2.34354, 0.0853655
-303.184, 2.34354, 0.0854509
-467.413, 0.870211, 0.72944
-51.9317, 2.34936, 0.812543
-51.9345, 2.34936, 0.813356
-485.463, 0.870211, 0.279
-123.297, 2.36179, 0.269796
-123.151, 2.36179, 0.270066
-449.362, 0.870211, 0.121216
-272.141, 2.3481, 0.108295
-271.997, 2.3481, 0.108403
-458.973, 0.870211, 0.845615
-54.3829, 2.3415, 0.968068
-54.4054, 2.3415, 0.969037
-485.71, 0.870211, 0.282057
-121.555, 2.36187, 0.273047
-121.411, 2.36187, 0.27332
-482.124, 0.870211, 0.527167
-57.411, 2.35964, 0.556552
-57.3757, 2.35964, 0.557109
-484.293, 0.870211, 0.491667
-60.6517, 2.36089, 0.513487
-60.6054, 2.36089, 0.514001
-465.79, 0.870211, 0.751267
-52.1388, 2.34796, 0.841362
-52.1451, 2.34796, 0.842204
-479.946, 0.870211, 0.559675
-55.286, 2.35835, 0.596381
-55.2586, 2.35835, 0.596978
-482.199, 0.870211, 0.247882
-143.607, 2.36049, 0.236476
-143.446, 2.36049, 0.236713
-483.407, 0.870211, 0.257924
-136.632, 2.36095, 0.24711
-136.475, 2.36095, 0.247358
-408.237, 0.978184, 0.365941
-79.7609, 2.65632, 0.365351
-79.6648, 2.65632, 0.365717
-408.232, 0.978184, 0.364163
-80.2533, 2.65632, 0.363497
-80.156, 2.65632, 0.363861
-403.81, 0.978184, 0.925422
-48.0036, 2.65575, 0.944766
-47.9974, 2.65575, 0.945711
-404.514, 0.978184, 0.1738
-193.792, 2.65599, 0.171067
-193.615, 2.65599, 0.171238
-403.421, 0.978184, 0.966194
-47.7583, 2.65568, 0.987591
-47.7536, 2.65568, 0.988579
-408.234, 0.978184, 0.364849
-80.0621, 2.65632, 0.364213
-79.9653, 2.65632, 0.364578
-408.132, 0.978184, 0.456812
-62.7375, 2.65631, 0.458335
-62.6823, 2.65631, 0.458793
-401.325, 0.978184, 0.114702
-264.743, 2.65566, 0.112173
-264.591, 2.65566, 0.112285
-404.395, 0.978184, 0.171078
-196.621, 2.65598, 0.168367
-196.443, 2.65598, 0.168536
-407.998, 0.978184, 0.483022
-59.8622, 2.65629, 0.485229
-59.8165, 2.65629, 0.485715
-404.653, 0.978184, 0.840241
-48.73, 2.65589, 0.855618
-48.7219, 2.65589, 0.856474
-407.836, 0.978184, 0.508395
-57.6603, 2.65628, 0.511292
-57.6218, 2.65628, 0.511804
-407.914, 0.978184, 0.496738
-58.6115, 2.65629, 0.499299
-58.5696, 2.65629, 0.499798
-400.124, 0.978184, 0.097091
-288.761, 2.65554, 0.0947587
-288.625, 2.65554, 0.0948536
-405.791, 0.978184, 0.72944
-50.0404, 2.65604, 0.740089
-50.0302, 2.65604, 0.740829
-407.48, 0.978184, 0.279
-113.23, 2.65625, 0.276979
-113.086, 2.65625, 0.277256
-401.739, 0.978184, 0.121216
-256.098, 2.6557, 0.118615
-255.942, 2.6557, 0.118734
-404.599, 0.978184, 0.845615
-48.677, 2.65588, 0.86123
-48.669, 2.65588, 0.862091
-407.527, 0.978184, 0.282057
-111.648, 2.65625, 0.280053
-111.506, 2.65625, 0.280334
-407.701, 0.978184, 0.527167
-56.3244, 2.65626, 0.530672
-56.2912, 2.65626, 0.531203
-407.946, 0.978184, 0.491667
-59.0517, 2.65629, 0.49413
-59.0085, 2.65629, 0.494625
-405.566, 0.978184, 0.751267
-49.7417, 2.65601, 0.762803
-49.7321, 2.65601, 0.763567
-407.44, 0.978184, 0.559675
-54.4958, 2.65624, 0.564157
-54.4692, 2.65624, 0.564721
-406.893, 0.978184, 0.247882
-131.538, 2.6562, 0.245527
-131.379, 2.6562, 0.245773
-407.105, 0.978184, 0.257924
-125.197, 2.65622, 0.255647
-125.042, 2.65622, 0.255902
-542.803, 0.806916, 0.365941
-91.0154, 2.19103, 0.370908
-90.9167, 2.19103, 0.371279
-542.847, 0.806916, 0.364163
-91.605, 2.19106, 0.368715
-91.5046, 2.19106, 0.369084
-481.845, 0.806916, 0.925422
-87.9755, 2.11298, 1.2089
-88.0672, 2.11298, 1.21011
-513.602, 0.806916, 0.1738
-219.628, 2.17682, 0.154964
-219.464, 2.17682, 0.155119
-477.655, 0.806916, 0.966194
-95.0371, 2.10378, 1.28158
-95.1427, 2.10378, 1.28286
-542.83, 0.806916, 0.364849
-91.4345, 2.19107, 0.369341
-91.3346, 2.19107, 0.369711
-536.989, 0.806916, 0.456812
-70.4849, 2.18675, 0.487004
-70.431, 2.18675, 0.487491
-480.579, 0.806916, 0.114702
-289.417, 2.16096, 0.0971357
-289.289, 2.16096, 0.0972329
-512.42, 0.806916, 0.171078
-223.081, 2.17551, 0.151764
-222.917, 2.17551, 0.151916
-534.402, 0.806916, 0.483022
-67.1903, 2.18464, 0.522
-67.147, 2.18464, 0.522522
-491.166, 0.806916, 0.840241
-75.6288, 2.13145, 1.06133
-75.6916, 2.13145, 1.06239
-531.662, 0.806916, 0.508395
-64.8131, 2.18232, 0.556376
-64.7789, 2.18232, 0.556933
-532.946, 0.806916, 0.496738
-65.8308, 2.18351, 0.540243
-65.7926, 2.18351, 0.540784
-467.536, 0.806916, 0.097091
-311.435, 2.1539, 0.0807264
-311.327, 2.1539, 0.0808072
-504.35, 0.806916, 0.72944
-65.2047, 2.15202, 0.88135
-65.2331, 2.15202, 0.882232
-539.892, 0.806916, 0.279
-130.979, 2.18944, 0.267949
-130.835, 2.18944, 0.268217
-485.024, 0.806916, 0.121216
-281.325, 2.16312, 0.103274
-281.19, 2.16312, 0.103378
-490.556, 0.806916, 0.845615
-76.3294, 2.13021, 1.07067
-76.3941, 2.13021, 1.07175
-540.211, 0.806916, 0.282057
-129.148, 2.18961, 0.271395
-129.005, 2.18961, 0.271667
-529.52, 0.806916, 0.527167
-63.4901, 2.18044, 0.582176
-63.4622, 2.18044, 0.582759
-533.492, 0.806916, 0.491667
-66.3073, 2.18392, 0.533527
-66.2658, 2.18392, 0.534061
-501.671, 0.806916, 0.751267
-66.7677, 2.1482, 0.915928
-66.8027, 2.1482, 0.916844
-525.642, 0.806916, 0.559675
-61.9475, 2.1768, 0.627752
-61.9286, 2.1768, 0.62838
-535.444, 0.806916, 0.247882
-151.963, 2.18723, 0.233346
-151.807, 2.18723, 0.233579
-537.129, 0.806916, 0.257924
-145.058, 2.18782, 0.243924
-144.905, 2.18782, 0.244168
-459.572, 0.906983, 0.365941
-82.737, 2.46296, 0.365147
-82.6361, 2.46296, 0.365513
-459.564, 0.906983, 0.364163
-83.2512, 2.46296, 0.36328
-83.1511, 2.46296, 0.363643
-436.71, 0.906983, 0.925422
-50.7564, 2.45052, 1.02331
-50.7741, 2.45052, 1.02433
-444.103, 0.906983, 0.1738
-204.194, 2.45841, 0.16354
-204.02, 2.45841, 0.163704
-434.903, 0.906983, 0.966194
-51.8292, 2.44906, 1.07454
-51.8535, 2.44906, 1.07562
-459.567, 0.906983, 0.364849
-83.0276, 2.46297, 0.364093
-82.928, 2.46297, 0.364458
-458.297, 0.906983, 0.456812
-63.4985, 2.46251, 0.465744
-63.4395, 2.46251, 0.46621
-429.567, 0.906983, 0.114702
-275.341, 2.4537, 0.105168
-275.198, 2.4537, 0.105273
-443.569, 0.906983, 0.171078
-207.349, 2.45805, 0.160598
-207.176, 2.45805, 0.160758
-457.478, 0.906983, 0.483022
-60.1725, 2.46219, 0.495358
-60.1229, 2.46219, 0.495854
-440.674, 0.906983, 0.840241
-49.3961, 2.45344, 0.917512
-49.4026, 2.45344, 0.91843
-456.557, 0.906983, 0.508395
-57.6102, 2.46182, 0.52417
-57.5684, 2.46182, 0.524695
-456.994, 0.906983, 0.496738
-58.7218, 2.462, 0.510858
-58.6774, 2.462, 0.511369
-424.003, 0.906983, 0.097091
-298.583, 2.45178, 0.0882618
-298.462, 2.45178, 0.0883501
-446.128, 0.906983, 0.72944
-49.2854, 2.4568, 0.782937
-49.2804, 2.4568, 0.783721
-456.924, 0.906983, 0.279
-119.496, 2.46212, 0.271749
-119.35, 2.46212, 0.272021
-431.482, 0.906983, 0.121216
-266.923, 2.45426, 0.11144
-266.775, 2.45426, 0.111552
-440.417, 0.906983, 0.845615
-49.4492, 2.45325, 0.924176
-49.4561, 2.45325, 0.925101
-457.112, 0.906983, 0.282057
-117.662, 2.46222, 0.275201
-117.518, 2.46222, 0.275476
-455.811, 0.906983, 0.527167
-56.0501, 2.46151, 0.545653
-56.0137, 2.46151, 0.546199
-457.177, 0.906983, 0.491667
-59.2254, 2.46206, 0.50525
-59.1787, 2.46206, 0.505755
-445.036, 0.906983, 0.751267
-49.1597, 2.45617, 0.809201
-49.1566, 2.45617, 0.810011
-454.413, 0.906983, 0.559675
-53.9081, 2.46091, 0.583018
-53.8792, 2.46091, 0.583601
-454.509, 0.906983, 0.247882
-139.16, 2.4614, 0.239183
-138.999, 2.4614, 0.239422
-455.394, 0.906983, 0.257924
-132.405, 2.46164, 0.249582
-132.248, 2.46164, 0.249832
