-974.154, 0.0142147, 0.240941
-974.149, 0.00711609, 0.49645
-974.149, 0.00711609, 0.496946
-974.149, 0.0142147, 0.378242
-974.149, 0.00524311, 0.411882
-974.149, 0.00524311, 0.412294
-974.374, 0.0142147, 0.186724
-974.149, 0.00717695, 0.387845
-974.149, 0.00717695, 0.388233
-1247.18, 0.0142147, 0.0846233
-974.149, 0.00748995, 0.182513
-974.149, 0.00748995, 0.182696
-4224.71, 0.0142147, 0.0113945
-2847.54, 0.0351151, 0.0074519
-2848.8, 0.0351151, 0.00745936
-970.563, 1.31428, 0.0013632
-3763.82, 0.0142005, 0.0313839
-3762.47, 0.0142005, 0.0314153
-1008.93, 0.00884061, 0.0756656
-3844.79, 0.0142005, 0.0294195
-3843.63, 0.0142005, 0.0294489
-1037.05, 0.00904709, 0.071791
-974.195, 0.0142005, 0.209283
-974.194, 0.0142005, 0.209493
-974.149, 0.00715622, 0.433118
-974.158, 0.0142005, 0.233442
-974.157, 0.0142005, 0.233676
-974.149, 0.007131, 0.481502
-1171.33, 0.0142005, 0.0894663
-1170.16, 0.0142005, 0.0895558
-974.149, 0.00746582, 0.192277
-974.374, 0.0187414, 0.240941
-974.371, 0.0187414, 0.241182
-974.149, 0.00949134, 0.500948
-974.149, 0.0187414, 0.378242
-974.149, 0.0187414, 0.37862
-974.149, 0.00917165, 0.760535
-978.177, 0.0187414, 0.186724
-978.138, 0.0187414, 0.186911
-974.149, 0.00959011, 0.39193
-1724.38, 0.0187414, 0.0846233
-1721.68, 0.0187414, 0.0847079
-974.151, 0.0101682, 0.186551
-4065.09, 0.0187414, 0.0113945
-4065.64, 0.0187414, 0.0114059
-2414.24, 0.0420038, 0.00630437
-973.81, 1.05453, 0.000590792
-973.81, 1.05453, 0.000591383
-3906.39, 0.0187602, 0.0313839
-1232.71, 0.0130988, 0.0798329
-1231.25, 0.0130988, 0.0799128
-974.149, 0.00312885, 3.34256
-3958.36, 0.0187414, 0.0294195
-3957.61, 0.0187414, 0.0294489
-1377.53, 0.0136245, 0.0758776
-974.149, 0.0037864, 3.35758
-974.149, 0.0037864, 3.36094
-975.374, 0.0187602, 0.209283
-974.149, 0.00953269, 0.437283
-974.149, 0.00953269, 0.437721
-974.488, 0.0187602, 0.233442
-974.149, 0.00949263, 0.485871
-974.149, 0.00949263, 0.486357
-1583.21, 0.0187602, 0.0894663
-974.15, 0.0100948, 0.196267
-974.15, 0.0100948, 0.196463
-2080.38, 0.318696, 0.240941
-1282.14, 0.714559, 0.434044
-1282.01, 0.714559, 0.434478
-212.225, 18.1491, 4.57118
-1799.01, 0.318377, 0.378242
-1798.26, 0.318377, 0.37862
-1169.37, 0.4104, 0.995283
-2171.98, 0.318377, 0.186724
-2171.74, 0.318377, 0.186911
-1150.34, 0.83683, 0.24237
-1010.8, 39.7417, 0.688007
-1011.53, 39.7417, 0.688695
-2082.1, 0.318696, 0.0846233
-1078.85, 0.826504, 0.062696
-1078.92, 0.826504, 0.0627588
-1231.47, 0.318696, 0.0113945
-998.779, 0.742018, 0.00668698
-998.804, 0.742018, 0.00669367
-1594.84, 0.318696, 0.0313839
-1033.11, 0.765842, 0.0194366
-1033.16, 0.765842, 0.019456
-1564.51, 0.318696, 0.0294195
-1030.5, 0.761878, 0.0180498
-1030.55, 0.761878, 0.0180678
-2137.81, 0.318696, 0.209283
-1203.8, 0.794694, 0.313493
-1203.77, 0.794694, 0.313807
-1199.65, 30.8791, 1.57835
-107.521, 4.48443, 0.673312
-107.406, 4.48443, 0.673986
-2094.77, 0.318696, 0.233442
-1265.42, 0.734955, 0.403749
-1265.32, 0.734955, 0.404153
-473.033, 20.8915, 3.61275
-2104.59, 0.318377, 0.0894663
-2104.96, 0.318377, 0.0895558
-1080.16, 0.831911, 0.067499
-1411.22, 0.0614708, 0.240941
-1409.7, 0.0614708, 0.241182
-974.155, 0.0341467, 0.540643
-1026.2, 0.0614708, 0.378242
-1025.88, 0.0614708, 0.37862
-974.149, 0.0324856, 0.816424
-1880.05, 0.0614708, 0.186724
-1877.98, 0.0614708, 0.186911
-974.396, 0.0357068, 0.432063
-3267.98, 0.0614708, 0.0846233
-3266.87, 0.0614708, 0.0847079
-1291.83, 0.0501902, 0.225255
-974.149, 0.0221945, 11.3087
-974.149, 0.0221945, 11.32
-2591.93, 0.0615323, 0.0113945
-1405.83, 0.131805, 0.0059682
-1406.25, 0.131805, 0.00597418
-3564.1, 0.0615323, 0.0313839
-2052.37, 0.150709, 0.0201628
-2053.17, 0.150709, 0.020183
-943.808, 5.45079, 0.00343501
-3529.97, 0.0614708, 0.0294195
-3530.55, 0.0614708, 0.0294489
-1991.03, 0.147886, 0.0181914
-951.059, 4.92933, 0.0026594
-951.037, 4.92933, 0.00266206
-1654.07, 0.0615323, 0.209283
-974.202, 0.0348978, 0.47723
-974.201, 0.0348978, 0.477707
-1461.85, 0.0615323, 0.233442
-974.159, 0.0342744, 0.525617
-974.159, 0.0342744, 0.526143
-3204.16, 0.0615323, 0.0894663
-1197.65, 0.0479806, 0.235729
-1196.61, 0.0479806, 0.235965
-974.149, 0.0178274, 11.3612
-1888.02, 0.0938826, 0.240941
-1886.26, 0.0938826, 0.241182
-975.337, 0.0572892, 0.57449
-1234.35, 0.0938826, 0.378242
-1233.37, 0.0938826, 0.37862
-974.152, 0.0522012, 0.849321
-2334.79, 0.0938826, 0.186724
-2333.1, 0.0938826, 0.186911
-988.489, 0.0626774, 0.46588
-3250.34, 0.0938826, 0.0846233
-3249.77, 0.0938826, 0.0847079
-2419.58, 0.151937, 0.203415
-974.066, 1.03705, 6.79135
-974.067, 1.03705, 6.79814
-2081.93, 0.0939765, 0.0113945
-1232.8, 0.202741, 0.00601915
-1233.06, 0.202741, 0.00602517
-3059.91, 0.0939765, 0.0313839
-1633.71, 0.219335, 0.0184893
-1634.27, 0.219335, 0.0185078
-3004.59, 0.0939765, 0.0294195
-1597.98, 0.217059, 0.0170505
-1598.51, 0.217059, 0.0170675
-2138.54, 0.0939765, 0.209283
-979.155, 0.0598742, 0.511229
-979.113, 0.0598742, 0.511741
-1944.9, 0.0939765, 0.233442
-975.804, 0.0577592, 0.559491
-975.788, 0.0577592, 0.56005
-3215.9, 0.0939765, 0.0894663
-2233.32, 0.133059, 0.228395
-2231.91, 0.133059, 0.228624
-974.149, 0.537426, 9.70059
-974.149, 0.00735771, 0.240941
-974.149, 0.00735771, 0.241182
-974.608, 0.0200202, 0.241732
-974.149, 0.00989776, 0.241175
-974.149, 0.00989776, 0.241416
-974.149, 0.0083149, 0.241037
-974.149, 0.00735771, 0.378242
-974.149, 0.00735771, 0.37862
-974.15, 0.0200203, 0.377351
-974.149, 0.0103431, 0.377938
-974.149, 0.0103431, 0.378316
-974.149, 0.00736507, 0.186724
-974.149, 0.00941581, 0.492127
-974.149, 0.00941581, 0.492619
-976.41, 0.00736507, 0.0846233
-974.149, 0.00373654, 0.176558
-974.149, 0.00373654, 0.176735
-4296.25, 0.00736507, 0.0113945
-1950.57, 0.00545898, 0.0295931
-1946.69, 0.00545898, 0.0296227
-974.149, 0.00165585, 1.34641
-2655.26, 0.00735771, 0.0313839
-2651.45, 0.00735771, 0.0314153
-974.162, 0.0040162, 0.0695084
-2893.89, 0.00735771, 0.0294195
-2890.33, 0.00735771, 0.0294489
-974.187, 0.00404939, 0.0655634
-974.149, 0.00735771, 0.209283
-974.149, 0.00735771, 0.209493
-975.553, 0.0199994, 0.219067
-974.149, 0.0098166, 0.212061
-974.149, 0.0098166, 0.212274
-974.149, 0.00800341, 0.21008
-974.149, 0.00753713, 0.209514
-974.149, 0.00753713, 0.209724
-974.149, 0.00743699, 0.209376
-974.149, 0.00735771, 0.233442
-974.149, 0.00735771, 0.233676
-974.826, 0.0200203, 0.23391
-974.149, 0.0098818, 0.23358
-974.149, 0.0098818, 0.233814
-974.149, 0.00837347, 0.233502
-974.149, 0.00757024, 0.233456
-974.149, 0.00757024, 0.233689
-975.322, 0.00736507, 0.0894663
-974.149, 0.00372856, 0.186294
-974.149, 0.00372856, 0.186481
-1782.13, 0.0849112, 0.240941
-974.557, 0.0502691, 0.564958
-974.552, 0.0502691, 0.565523
-1167.47, 0.0849112, 0.378242
-974.15, 0.0464056, 0.839775
-974.15, 0.0464056, 0.840616
-2251.44, 0.0849112, 0.186724
-980.369, 0.05415, 0.45634
-980.317, 0.05415, 0.456797
-3275.21, 0.0849112, 0.0846233
-2155.29, 0.109266, 0.222656
-2153.66, 0.109266, 0.222879
-974.149, 0.301114, 10.6713
-2195.45, 0.0848263, 0.0113945
-2196.4, 0.0848263, 0.0114059
-1267.56, 0.183023, 0.00600554
-3193.57, 0.0848263, 0.0313839
-3194.35, 0.0848263, 0.0314153
-1719.01, 0.199593, 0.018674
-3141.19, 0.0848263, 0.0294195
-3142.03, 0.0848263, 0.0294489
-1678.82, 0.197471, 0.0172066
-2040.01, 0.0848263, 0.209283
-2038.15, 0.0848263, 0.209493
-976.152, 0.05224, 0.50159
-1838.15, 0.0848263, 0.233442
-1836.33, 0.0848263, 0.233676
-974.748, 0.0507273, 0.550067
-3234.27, 0.0848263, 0.0894663
-3233.49, 0.0848263, 0.0895558
-1933.22, 0.0981187, 0.240653
-974.149, 0.174769, 12.5985
-974.149, 0.174769, 12.6111
-974.152, 0.0137188, 0.240941
-974.149, 0.00686796, 0.496459
-974.149, 0.00686796, 0.496955
-974.149, 0.0137188, 0.378242
-975.156, 0.0372142, 0.396215
-975.145, 0.0372142, 0.396611
-974.149, 0.0182658, 0.383307
-974.149, 0.0148823, 0.379693
-974.149, 0.0148823, 0.380073
-974.149, 0.014017, 0.37862
-974.293, 0.0137051, 0.186724
-974.291, 0.0137051, 0.186911
-974.149, 0.00692568, 0.387436
-1203.92, 0.0137051, 0.0846233
-1202.59, 0.0137051, 0.0847079
-974.149, 0.00721405, 0.182053
-4238.61, 0.0137051, 0.0113945
-4238.76, 0.0137051, 0.0114059
-2922.84, 0.0345749, 0.00778039
-968.913, 1.39349, 0.00169134
-968.908, 1.39349, 0.00169303
-3737.61, 0.0137188, 0.0313839
-999.624, 0.00843117, 0.0752148
-999.399, 0.00843117, 0.07529
-3823.41, 0.0137188, 0.0294195
-1021.03, 0.00860619, 0.0712944
-1020.65, 0.00860619, 0.0713657
-974.177, 0.0137188, 0.209283
-974.149, 0.00689278, 0.43271
-974.149, 0.00689278, 0.433143
-974.154, 0.0137188, 0.233442
-974.149, 0.00687209, 0.481285
-974.149, 0.00687209, 0.481766
-1139.24, 0.0137188, 0.0894663
-974.149, 0.00717911, 0.191847
-974.149, 0.00717911, 0.192039
-1249.59, 0.0524172, 0.240941
-974.15, 0.0284203, 0.5317
-974.15, 0.0284203, 0.532232
-995.639, 0.0524172, 0.378242
-974.149, 0.0272997, 0.80779
-974.149, 0.0272997, 0.808598
-1659.23, 0.0524172, 0.186724
-974.181, 0.0294469, 0.422982
-974.18, 0.0294469, 0.423405
-3213.57, 0.0524172, 0.0846233
-1101.54, 0.0379628, 0.218127
-1100.84, 0.0379628, 0.218345
-2808.42, 0.0524172, 0.0113945
-1491.81, 0.112194, 0.00596281
-1492.31, 0.112194, 0.00596877
-3708.68, 0.0524172, 0.0313839
-2272.62, 0.133726, 0.0221639
-2273.51, 0.133726, 0.0221861
-925.884, 5.69317, 0.0055132
-3686.59, 0.0523648, 0.0294195
-3686.99, 0.0523648, 0.0294489
-2188.12, 0.130135, 0.0194064
-942.523, 4.93905, 0.00367435
-942.492, 4.93905, 0.00367803
-1449.86, 0.0524172, 0.209283
-974.154, 0.0289403, 0.468198
-974.154, 0.0289403, 0.468667
-1288.53, 0.0524172, 0.233442
-974.15, 0.0285284, 0.516658
-974.15, 0.0285284, 0.517175
-3135.96, 0.0524172, 0.0894663
-1058.78, 0.0367825, 0.228014
-1058.26, 0.0367825, 0.228242
-1089.34, 0.0419327, 0.240941
-974.149, 0.0222106, 0.5219
-974.149, 0.0222106, 0.522423
-978.654, 0.0419327, 0.378242
-974.149, 0.0215393, 0.798081
-974.149, 0.0215393, 0.798879
-1363.53, 0.0419327, 0.186724
-974.15, 0.0227941, 0.41287
-974.15, 0.0227941, 0.413283
-3070.54, 0.0419327, 0.0846233
-1001.16, 0.0271814, 0.208476
-1000.96, 0.0271814, 0.208685
-3119.86, 0.0419327, 0.0113945
-1634.18, 0.0889924, 0.00590419
-1634.79, 0.0889924, 0.0059101
-3854.57, 0.0419327, 0.0313839
-2774.77, 0.11382, 0.0304622
-2775.65, 0.11382, 0.0304927
-771.308, 6.20956, 0.0270383
-3850.75, 0.0418908, 0.0294195
-3850.86, 0.0418908, 0.0294489
-2585.93, 0.111834, 0.0242255
-881.395, 5.65234, 0.0111384
-881.311, 5.65234, 0.0111496
-1211.4, 0.0419327, 0.209283
-974.149, 0.0225112, 0.45827
-974.149, 0.0225112, 0.458728
-1111.11, 0.0419327, 0.233442
-974.149, 0.022271, 0.506782
-974.149, 0.022271, 0.507289
-2969.61, 0.0419327, 0.0894663
-990.547, 0.0266274, 0.218177
-990.413, 0.0266274, 0.218395
-584.108, 2.51997, 0.102678
-318.07, 4.98892, 0.212961
-317.848, 4.98892, 0.213174
-376.295, 2.51997, 1.36866
-99.4048, 6.37525, 0.945721
-99.285, 6.37525, 0.946667
-269.569, 2.51997, 0.613162
-171.523, 6.84266, 0.620575
-171.392, 6.84266, 0.621196
-600.931, 2.51997, 2.57715
-51.3407, 5.92636, 1.53722
-51.3195, 5.92636, 1.53876
-273.596, 2.51997, 0.736682
-160.343, 6.81253, 0.670182
-160.211, 6.81253, 0.670852
-603.716, 2.51997, 2.59529
-51.201, 5.92528, 1.54758
-51.181, 5.92528, 1.54912
-485.919, 2.51997, 0.156493
-244.974, 5.31679, 0.304034
-244.783, 5.31679, 0.304338
-648.511, 2.51997, 2.90668
-51.333, 5.86109, 1.70299
-51.348, 5.86109, 1.70469
-348.715, 2.51997, 1.23038
-111.126, 6.46194, 0.881288
-111, 6.46194, 0.88217
-396.17, 2.51997, 0.232565
-196.025, 5.70309, 0.41353
-195.863, 5.70309, 0.413944
-1554.3, 0.0220208, 0.102678
-974.15, 0.0118827, 0.225749
-974.15, 0.0118827, 0.225975
-974.149, 0.0220208, 1.36866
-974.149, 0.00809592, 1.33173
-974.149, 0.00809592, 1.33306
-974.149, 0.018992, 1.36313
-974.149, 0.0208276, 1.36661
-974.149, 0.0208276, 1.36798
-974.149, 0.0214389, 1.36766
-974.149, 0.0211743, 1.36723
-974.149, 0.0211743, 1.3686
-974.149, 0.0220208, 0.613162
-974.149, 0.0080997, 0.638817
-974.149, 0.0080997, 0.639456
-974.149, 0.0220208, 2.57715
-974.149, 0.00809453, 2.52586
-974.149, 0.00809453, 2.52839
-974.149, 0.0171577, 2.56425
-974.149, 0.0205993, 2.57374
-974.149, 0.0205993, 2.57632
-974.149, 0.0220208, 0.736682
-974.149, 0.00809353, 0.74596
-974.149, 0.00809353, 0.746706
-974.149, 0.0220208, 2.59529
-974.149, 0.00809329, 2.56965
-974.149, 0.00809329, 2.57222
-974.149, 0.0128853, 2.58152
-974.149, 0.0164663, 2.58784
-974.149, 0.0164663, 2.59043
-1032.53, 0.0220208, 0.156493
-974.149, 0.0114578, 0.333939
-974.149, 0.0114578, 0.334273
-974.149, 0.0220208, 2.90668
-974.149, 0.00809356, 2.86964
-974.149, 0.00809356, 2.87251
-974.149, 0.0137867, 2.88928
-974.149, 0.0110412, 2.88109
-974.149, 0.0110412, 2.88398
-974.149, 0.0126334, 2.88604
-974.149, 0.0135479, 2.88867
-974.149, 0.0135479, 2.89156
-974.149, 0.0133551, 2.8881
-974.149, 0.0135479, 2.88867
-974.149, 0.0135479, 2.89156
-974.149, 0.0220208, 1.23038
-974.149, 0.00809295, 1.22606
-974.149, 0.00809295, 1.22729
-974.149, 0.0144687, 1.22857
-974.149, 0.0185773, 1.22965
-974.149, 0.0185773, 1.23088
-974.149, 0.0169987, 1.22926
-974.149, 0.0181833, 1.22956
-974.149, 0.0181833, 1.23079
-974.149, 0.018482, 1.22962
-974.149, 0.0185773, 1.22965
-974.149, 0.0185773, 1.23088
-976.031, 0.0220208, 0.232565
-974.149, 0.0112183, 0.487072
-974.149, 0.0112183, 0.487559
-620.634, 2.16863, 0.102678
-348.095, 4.81066, 0.187655
-347.862, 4.81066, 0.187843
-484.424, 2.16863, 1.36866
-76.8821, 5.50203, 0.95259
-76.7886, 5.50203, 0.953543
-354.467, 2.16863, 0.613162
-147.249, 5.88223, 0.584341
-147.104, 5.88223, 0.584926
-695.385, 2.16863, 2.57715
-64.0315, 5.15012, 1.56284
-64.0855, 5.15012, 1.56441
-365.258, 2.16863, 0.736682
-131.771, 5.83781, 0.645637
-131.631, 5.83781, 0.646283
-697.803, 2.16863, 2.59529
-64.4606, 5.14683, 1.57211
-64.5161, 5.14683, 1.57368
-530.745, 2.16863, 0.156493
-266.914, 5.00601, 0.27026
-266.707, 5.00601, 0.270531
-736.158, 2.16863, 2.90668
-73.9406, 5.09227, 1.7294
-74.04, 5.09227, 1.73113
-455.42, 2.16863, 1.23038
-85.4547, 5.56722, 0.884095
-85.3485, 5.56722, 0.88498
-449.9, 2.16863, 0.232565
-218.507, 5.38341, 0.351877
-218.327, 5.38341, 0.352229
-553.966, 2.94243, 0.102678
-300.482, 5.29799, 0.230366
-300.271, 5.29799, 0.230596
-273.934, 2.94243, 1.36866
-142.237, 7.45166, 0.948172
-142.101, 7.45166, 0.949121
-201.292, 2.94243, 0.613162
-201.835, 7.91928, 0.700657
-201.727, 7.91928, 0.701358
-110.596, 4.75636, 0.654104
-496.596, 2.93949, 2.57715
-497.024, 2.93949, 2.57973
-63.6471, 6.88409, 1.52175
-198.035, 2.93949, 0.736682
-198.046, 2.93949, 0.737419
-202.615, 7.99563, 0.717686
-97.8612, 4.72005, 0.727621
-97.752, 4.72005, 0.728349
-498.914, 2.94243, 2.59529
-62.8531, 6.87371, 1.53121
-62.765, 6.87371, 1.53274
-450.391, 2.94243, 0.156493
-224.244, 5.4661, 0.342871
-224.063, 5.4661, 0.343214
-548.108, 2.94243, 2.90668
-54.0129, 6.79491, 1.68412
-53.9485, 6.79491, 1.68581
-250.275, 2.94243, 1.23038
-156.186, 7.56608, 0.888274
-156.055, 7.56608, 0.889163
-354.872, 2.94243, 0.232565
-179.902, 5.93522, 0.473755
-179.748, 5.93522, 0.474229
-1460.71, 0.571345, 0.102678
-770.997, 1.51945, 0.0837861
-770.868, 1.51945, 0.0838699
-1081.49, 0.571345, 1.36866
-975.766, 0.556243, 3.71917
-975.755, 0.556243, 3.72289
-1346.97, 0.571345, 0.613162
-849.162, 1.23976, 1.15258
-849.277, 1.23976, 1.15373
-987.444, 0.571345, 2.57715
-974.149, 0.369342, 6.34066
-974.149, 0.369342, 6.347
-1281.14, 0.571345, 0.736682
-947.124, 1.07895, 1.59277
-947.164, 1.07895, 1.59436
-987.03, 0.571345, 2.59529
-974.149, 0.368359, 6.37706
-974.149, 0.368359, 6.38344
-1535.79, 0.571345, 0.156493
-693.157, 1.5423, 0.140324
-693.018, 1.5423, 0.140464
-981.636, 0.571345, 2.90668
-974.149, 0.354295, 7.00056
-974.149, 0.354295, 7.00756
-1109.87, 0.571345, 1.23038
-978.764, 0.62111, 3.33258
-978.739, 0.62111, 3.33592
-1557.28, 0.571345, 0.232565
-622.167, 1.55102, 0.238568
-622.061, 1.55102, 0.238807
-1211.64, 0.738428, 0.102678
-671.495, 1.98723, 0.0897956
-671.304, 1.98723, 0.0898855
-1061.61, 0.738428, 1.36866
-878.161, 1.5281, 2.71593
-878.335, 1.5281, 2.71865
-1204.87, 0.738428, 0.613162
-448.173, 1.94556, 0.782584
-448.301, 1.94556, 0.783367
-2560.46, 94.2245, 2.07661
-76.3641, 4.60844, 0.972182
-76.3229, 4.60844, 0.973155
-991.516, 0.738428, 2.57715
-974.219, 0.811346, 6.97369
-974.219, 0.811346, 6.98066
-1172.74, 0.738428, 0.736682
-508.891, 1.9023, 1.01487
-509.098, 1.9023, 1.01589
-2588.61, 84.2042, 3.65542
-59.5323, 5.19679, 1.42566
-59.5505, 5.19679, 1.42708
-991.097, 0.738428, 2.59529
-974.213, 0.805157, 7.02773
-974.213, 0.805157, 7.03476
-1257.03, 0.738428, 0.156493
-577.656, 1.99751, 0.143329
-577.459, 1.99751, 0.143473
-985.29, 0.738428, 2.90668
-974.16, 0.716832, 7.89794
-974.16, 0.716832, 7.90584
-1079.13, 0.738428, 1.23038
-814.859, 1.62798, 2.26688
-815.087, 1.62798, 2.26915
-1280.44, 0.738428, 0.232565
-487.683, 2.00477, 0.227523
-487.507, 2.00477, 0.227751
-596.948, 2.38133, 0.102678
-330.144, 4.97056, 0.201872
-329.918, 4.97056, 0.202073
-416.323, 2.38133, 1.36866
-88.6819, 6.02797, 0.947093
-88.5701, 6.02797, 0.948041
-299.473, 2.38133, 0.613162
-160.806, 6.46626, 0.606345
-160.67, 6.46626, 0.606952
-637.607, 2.38133, 2.57715
-53.2998, 5.61929, 1.54593
-53.306, 5.61929, 1.54748
-306.182, 2.38133, 0.736682
-148.302, 6.42505, 0.657679
-148.166, 6.42505, 0.658337
-640.268, 2.38133, 2.59529
-53.3717, 5.61681, 1.55566
-53.379, 5.61681, 1.55722
-501.517, 2.38133, 0.156493
-253.004, 5.21737, 0.29064
-252.807, 5.21737, 0.290931
-682.844, 2.38133, 2.90668
-56.9836, 5.5563, 1.71164
-57.0287, 5.5563, 1.71336
-387.909, 2.38133, 1.23038
-99.3338, 6.10592, 0.881084
-99.2138, 6.10592, 0.881965
-414.727, 2.38133, 0.232565
-205.119, 5.61855, 0.387785
-204.951, 5.61855, 0.388173
-819.612, 1.29463, 0.102678
-486.955, 3.46602, 0.121467
-486.704, 3.46602, 0.121589
-844.036, 1.29463, 1.36866
-155.395, 3.42542, 1.09119
-155.496, 3.42542, 1.09228
-752.265, 1.29463, 0.613162
-157.108, 3.50418, 0.565562
-156.997, 3.50418, 0.566128
-923.556, 1.29463, 2.57715
-282.679, 3.30593, 1.82462
-283.002, 3.30593, 1.82645
-959.32, 141.27, 0.458467
-84.9885, 7.22645, 1.36838
-84.8691, 7.22645, 1.36975
-52.3221, 5.80268, 1.48399
-768.341, 1.29334, 0.736682
-768.436, 1.29334, 0.737419
-143.9, 3.49628, 0.657261
-924.538, 1.29334, 2.59529
-924.639, 1.29334, 2.59789
-284.226, 3.30795, 1.83554
-960.403, 140.855, 0.459274
-961.325, 140.855, 0.459734
-84.8363, 7.23795, 1.3747
-52.2207, 5.80339, 1.49097
-52.2001, 5.80339, 1.49246
-782.082, 1.29463, 0.156493
-389.479, 3.48624, 0.178107
-389.231, 3.48624, 0.178285
-935.004, 1.29463, 2.90668
-321.754, 3.2769, 2.01098
-322.117, 3.2769, 2.01299
-955.616, 135.177, 0.460732
-79.811, 7.30847, 1.46341
-79.6946, 7.30847, 1.46488
-50.7567, 5.92547, 1.59089
-830.006, 1.29334, 1.23038
-830.142, 1.29334, 1.23161
-146.045, 3.44355, 1.00001
-753.443, 1.29334, 0.232565
-753.384, 1.29334, 0.232798
-305.552, 3.50914, 0.250812
-1258.66, 0.701004, 0.102678
-1258.8, 0.701004, 0.102781
-689.926, 1.88559, 0.0882572
-1069.39, 0.701004, 1.36866
-1069.2, 0.701004, 1.37003
-945.421, 1.25827, 3.08206
-1238.34, 0.701004, 0.613162
-1238.13, 0.701004, 0.613775
-509.04, 1.81682, 0.834477
-2531.57, 81.5655, 2.86266
-2531.69, 81.5655, 2.86553
-65.894, 4.8894, 1.14998
-991.512, 0.701004, 2.57715
-991.449, 0.701004, 2.57973
-974.167, 0.643522, 6.97917
-1199.65, 0.701004, 0.736682
-1199.43, 0.701004, 0.737419
-589.298, 1.75294, 1.10146
-1986.95, 68.1999, 5.50453
-1986.12, 68.1999, 5.51004
-55.4256, 5.79987, 1.86326
-991.071, 0.701004, 2.59529
-991.009, 0.701004, 2.59789
-974.165, 0.639376, 7.02422
-1311.1, 0.701004, 0.156493
-1311.2, 0.701004, 0.15665
-597.582, 1.8992, 0.142607
-985.026, 0.701004, 2.90668
-984.982, 0.701004, 2.90959
-974.151, 0.581836, 7.76255
-1089.53, 0.701004, 1.23038
-1089.33, 0.701004, 1.23161
-905.132, 1.37732, 2.57463
-1336.14, 0.701004, 0.232565
-1336.15, 0.701004, 0.232798
-510.679, 1.90711, 0.228315
-2096.4, 0.332347, 0.102678
-2096.69, 0.332347, 0.102781
-1054.79, 0.880333, 0.0815566
-1026.34, 0.332347, 1.36866
-1026.13, 0.332347, 1.37003
-974.15, 0.194431, 3.18148
-1427.87, 0.332347, 0.613162
-1427.13, 0.332347, 0.613775
-985.561, 0.277231, 1.63904
-975.551, 0.332347, 2.57715
-975.54, 0.332347, 2.57973
-974.149, 0.177189, 5.60302
-1298.93, 0.332347, 0.736682
-1298.27, 0.332347, 0.737419
-976.218, 0.24487, 1.90844
-975.477, 0.332347, 2.59529
-975.466, 0.332347, 2.59789
-974.149, 0.177073, 5.63948
-2154.16, 0.332347, 0.156493
-2154.11, 0.332347, 0.15665
-1063.32, 0.903644, 0.16265
-974.67, 0.332347, 2.90668
-974.666, 0.332347, 2.90959
-974.149, 0.175324, 6.26473
-1052.71, 0.332347, 1.23038
-1052.43, 0.332347, 1.23161
-974.152, 0.199453, 2.90533
-2066.93, 0.332347, 0.232565
-2066.53, 0.332347, 0.232798
-1191.26, 0.799606, 0.37607
-943.018, 26.6587, 2.57135
-942.64, 26.6587, 2.57392
-81.8959, 4.40714, 0.958351
-182.854, 11.9937, 8.47549
-569.219, 25.394, 4.37988
-568.506, 25.394, 4.38426
-46.2625, 15.1132, 6.91707
-257.383, 11.9817, 9.77014
-257.939, 11.9817, 9.77991
-463.28, 25.2592, 5.01308
-45.535, 16.2529, 7.43485
-45.5833, 16.2529, 7.44229
-109.514, 11.9937, 7.10264
-695.646, 25.6358, 3.71082
-695.003, 25.6358, 3.71453
-45.9944, 13.9343, 6.24926
-713.034, 11.9817, 21.3841
-713.522, 11.9817, 21.4055
-48.7018, 24.7552, 10.7352
-792.452, 11.9817, 25.5568
-792.853, 11.9817, 25.5823
-52.0475, 24.6947, 12.7971
-44.7262, 11.9817, 4.70531
-44.697, 11.9817, 4.71001
-690.213, 5.31957, 8.42301
-44.2059, 11.7963, 4.75816
-44.2039, 11.7963, 4.76292
-383.134, 11.9937, 0.850055
-82.9015, 4.42262, 0.922477
-82.8573, 4.42262, 0.9234
-872.973, 11.9937, 32.4211
-118.539, 24.6056, 16.1903
-118.946, 24.6056, 16.2065
-2345.01, 438.051, 1.00684
-62.1331, 31.2626, 12.85
-61.9072, 31.2626, 12.8629
-227.673, 11.9937, 2.10737
-256.739, 4.79282, 3.14563
-257.165, 4.79282, 3.14877
-44.9779, 7.77071, 2.54769
-216.998, 11.9817, 9.06453
-217.518, 11.9817, 9.0736
-520.026, 25.3367, 4.66703
-45.8707, 15.6409, 7.15497
-45.9265, 15.6409, 7.16213
-244.449, 10.7858, 8.47549
-447.193, 22.8319, 4.37887
-446.51, 22.8319, 4.38325
-45.0514, 14.6166, 6.48761
-325.512, 10.775, 9.77014
-326.101, 10.775, 9.77991
-350.668, 22.7209, 5.01445
-44.8267, 15.6642, 6.98925
-44.8549, 15.6642, 6.99625
-158.143, 10.7858, 7.10264
-566.234, 23.04, 3.70818
-565.612, 23.04, 3.71189
-45.9138, 13.3438, 5.92078
-764.459, 10.775, 21.3841
-764.892, 10.775, 21.4055
-46.0934, 22.2657, 10.7371
-833.622, 10.775, 25.5568
-833.965, 10.775, 25.5823
-76.0704, 22.2026, 12.7941
-48.8312, 10.775, 4.70531
-48.9202, 10.775, 4.71001
-803.401, 23.7629, 2.54835
-44.2312, 11.2693, 4.54427
-44.2415, 11.2693, 4.54882
-323.113, 10.7858, 0.850055
-98.9379, 4.00526, 0.9814
-98.9435, 4.00526, 0.982382
-900.553, 10.7858, 32.4211
-170.058, 22.1294, 16.1917
-170.555, 22.1294, 16.2079
-2310.49, 394.096, 1.00727
-58.1375, 29.4948, 12.2719
-57.9426, 29.4948, 12.2842
-45.8237, 27.1803, 13.2914
-164.82, 10.775, 2.10737
-164.572, 10.775, 2.10948
-327.587, 4.35928, 3.21838
-45.5363, 7.74341, 2.45928
-45.5119, 7.74341, 2.46174
-281.529, 10.7858, 9.06453
-400.982, 22.7645, 4.66757
-400.31, 22.7645, 4.67224
-45.0313, 15.0849, 6.73075
-175.356, 12.1614, 8.47549
-175.826, 12.1614, 8.48397
-588.69, 25.8023, 4.38023
-46.2401, 15.2059, 6.96475
-46.3029, 15.2059, 6.97172
-247.568, 12.1735, 9.77014
-479.145, 25.6144, 5.01354
-478.377, 25.6144, 5.01856
-45.5154, 16.3694, 7.49378
-103.989, 12.1614, 7.10264
-104.322, 12.1614, 7.10975
-715.917, 26.0442, 3.71048
-45.7591, 14.0433, 6.28164
-45.813, 14.0433, 6.28792
-704.818, 12.1735, 21.3841
-50.4892, 25.118, 10.7428
-50.3659, 25.118, 10.7535
-785.736, 12.1735, 25.5568
-50.1168, 25.047, 12.801
-50.2347, 25.047, 12.8138
-45.5542, 12.1735, 4.70531
-683.199, 5.41988, 8.47915
-683.678, 5.41988, 8.48763
-44.2238, 11.8836, 4.78869
-391.339, 12.1614, 0.850055
-391.305, 12.1614, 0.850905
-82.5195, 4.48601, 0.90106
-868.917, 12.1614, 32.4211
-869.203, 12.1614, 32.4536
-111.768, 24.9992, 16.1901
-2349.32, 444.147, 1.00678
-2351.19, 444.147, 1.00778
-62.5282, 31.5198, 12.9453
-236.73, 12.1614, 2.10737
-236.446, 12.1614, 2.10948
-246.539, 4.86272, 3.13552
-44.9106, 7.75368, 2.56084
-44.9035, 7.75368, 2.5634
-207.767, 12.1735, 9.06453
-536.683, 25.6979, 4.66848
-535.938, 25.6979, 4.67315
-45.8282, 15.7556, 7.211
-52.7851, 17.0042, 8.47549
-52.9226, 17.0042, 8.48397
-1057.85, 36.0799, 4.38062
-44.9824, 17.8034, 8.14031
-45.0127, 17.8034, 8.14845
-83.0375, 17.0212, 9.77014
-933.58, 35.8529, 5.01958
-932.719, 35.8529, 5.0246
-46.2433, 18.8382, 8.92429
-46.3958, 17.0042, 7.10264
-46.3319, 17.0042, 7.10975
-704.027, 7.81019, 13.2959
-44.5338, 16.5393, 7.26289
-44.5326, 16.5393, 7.27015
-505.053, 17.0212, 21.3841
-205.61, 35.0977, 10.7355
-204.923, 35.0977, 10.7463
-117.12, 23.7844, 15.5569
-612.868, 17.0042, 25.5568
-613.442, 17.0042, 25.5823
-105.493, 35.0292, 12.7907
-155.615, 17.0042, 4.70531
-155.194, 17.0042, 4.71001
-474.749, 7.51828, 8.3742
-45.1201, 13.6098, 5.50568
-45.0816, 13.6098, 5.51119
-604.019, 17.0212, 0.850055
-134.389, 6.3507, 0.7149
-134.256, 6.3507, 0.715616
-737.325, 17.0212, 32.4211
-46.3563, 34.9013, 16.1815
-46.2959, 34.9013, 16.1977
-511.596, 17.0212, 2.10737
-80.2209, 6.60226, 2.91383
-80.4123, 6.60226, 2.91675
-64.2661, 17.0212, 9.06453
-1000.22, 35.9633, 4.6732
-999.38, 35.9633, 4.67788
-45.4728, 18.2907, 8.50578
-414.445, 8.31349, 8.47549
-415.037, 8.31349, 8.48397
-212.442, 17.6281, 4.37732
-61.6134, 12.1968, 6.04828
-61.7954, 12.1968, 6.05433
-497.991, 8.32181, 9.77014
-146.163, 17.5171, 5.01581
-145.743, 17.5171, 5.02083
-311.513, 8.32181, 7.10264
-302.74, 17.7653, 3.70544
-302.231, 17.7653, 3.70915
-47.4656, 11.8692, 5.23949
-863.262, 8.31349, 21.3841
-863.553, 8.31349, 21.4055
-110.895, 17.1899, 10.7442
-1603.27, 312.655, 0.684711
-1604.78, 312.655, 0.685396
-91.016, 22.9758, 8.15892
-45.3202, 19.9211, 9.33263
-45.3595, 19.9211, 9.34196
-907.372, 8.32181, 25.5568
-191.118, 17.1344, 12.8106
-191.632, 17.1344, 12.8234
-1859.82, 309.491, 0.808771
-69.5646, 24.0732, 9.25887
-69.3089, 24.0732, 9.26813
-46.3206, 21.4573, 10.3438
-121.895, 8.31349, 4.70531
-122.232, 8.31349, 4.71001
-512.353, 18.2925, 2.5409
-44.7741, 10.1143, 4.03618
-44.8052, 10.1143, 4.04022
-198.18, 8.32181, 0.850055
-192.424, 3.19253, 1.13589
-192.566, 3.19253, 1.13702
-73.81, 5.38557, 0.969807
-945.193, 8.31349, 32.4211
-945.307, 8.31349, 32.4536
-327.066, 17.1009, 16.2014
-2218.3, 304.642, 1.0103
-2219.96, 304.642, 1.01131
-44.9602, 24.6406, 11.3963
-66.655, 8.31349, 2.10737
-66.5345, 8.31349, 2.10948
-510.357, 3.44861, 3.38289
-46.3125, 7.39612, 2.24401
-46.2838, 7.39612, 2.24625
-453.623, 8.32181, 9.06453
-179.581, 17.5725, 4.67011
-179.121, 17.5725, 4.67479
-115.383, 25.01, 8.47549
-578.531, 11.6, 16.0949
-579.112, 11.6, 16.111
-44.9995, 21.4193, 9.64772
-66.8941, 24.985, 9.77014
-66.6494, 24.985, 9.77991
-657.962, 11.725, 18.7671
-44.8504, 22.8796, 10.5401
-44.8449, 22.8796, 10.5507
-207.885, 25.01, 7.10264
-470.831, 11.3944, 13.194
-471.443, 11.3944, 13.2072
-45.1412, 19.5607, 8.62194
-251.947, 24.985, 21.3841
-252.538, 24.985, 21.4055
-663.511, 51.5584, 10.7216
-48.9203, 32.362, 16.7058
-49.0253, 32.362, 16.7225
-362.005, 25.01, 25.5568
-447.967, 51.4129, 12.7893
-446.855, 51.4129, 12.802
-47.2511, 35.6522, 18.1882
-497.677, 24.985, 4.70531
-496.953, 24.985, 4.71001
-218.417, 10.7333, 8.02041
-861.391, 24.985, 0.850055
-861.74, 24.985, 0.850905
-318.778, 10.3094, 0.534879
-515.577, 24.985, 32.4211
-516.206, 24.985, 32.4536
-220.142, 51.3211, 16.1775
-136.719, 34.2065, 23.9268
-137.174, 34.2065, 23.9508
-930.183, 25.01, 2.10737
-68.8438, 9.37815, 2.57271
-68.6983, 9.37815, 2.57529
-89.3808, 25.01, 9.06453
-617.249, 11.659, 17.3173
-617.809, 11.659, 17.3347
-44.9079, 22.1126, 10.0638
-95.9068, 14.4693, 8.47549
-96.2294, 14.4693, 8.48397
-819.016, 30.7229, 4.38413
-46.125, 16.3981, 7.59494
-46.1856, 16.3981, 7.60254
-150.128, 14.4838, 9.77014
-698.904, 30.4936, 5.01689
-698.073, 30.4936, 5.02191
-47.1906, 17.4318, 8.2787
-54.3724, 14.4693, 7.10264
-54.5176, 14.4693, 7.10975
-952.061, 30.9966, 3.71187
-44.7272, 15.2977, 6.77326
-44.7521, 15.2977, 6.78004
-606.867, 14.4838, 21.3841
-103.179, 29.8749, 10.739
-102.767, 29.8749, 10.7498
-703.031, 14.4838, 25.5568
-52.8052, 29.7989, 12.8003
-52.655, 29.7989, 12.8131
-80.3923, 14.4838, 4.70531
-581.087, 6.44565, 8.47412
-581.632, 6.44565, 8.4826
-44.745, 12.8138, 5.14396
-498.166, 14.4693, 0.850055
-498.193, 14.4693, 0.850905
-90.0836, 5.33273, 0.816041
-808.959, 14.4693, 32.4211
-809.341, 14.4693, 32.4536
-57.4337, 29.7223, 16.1782
-366.077, 14.4693, 2.10737
-365.755, 14.4693, 2.10948
-146.874, 5.70466, 3.02998
-119.609, 14.4693, 9.06453
-119.992, 14.4693, 9.0736
-763.892, 30.6245, 4.67178
-46.9808, 16.8316, 7.92877
-47.0558, 16.8316, 7.93671
-809.062, 4.15973, 8.47549
-79.9608, 8.85305, 4.406
-80.193, 8.85305, 4.41041
-854.254, 4.15973, 9.77014
-120.973, 8.80461, 5.04718
-121.315, 8.80461, 5.05223
-782.162, 177.608, 0.359454
-186.864, 14.2167, 3.31127
-186.488, 14.2167, 3.31458
-44.1739, 10.7416, 4.24094
-742.145, 4.15557, 7.10264
-742.558, 4.15557, 7.10975
-50.7352, 8.93864, 3.72981
-966.977, 4.15557, 21.3841
-967.014, 4.15557, 21.4055
-532.746, 8.62744, 10.7905
-1472.96, 159.484, 0.699586
-1474.47, 159.484, 0.700286
-74.2298, 13.3632, 7.15925
-44.5184, 14.856, 6.4765
-44.5332, 14.856, 6.48298
-971.502, 4.15973, 25.5568
-633.759, 8.59454, 12.8574
-634.297, 8.59454, 12.8703
-1719.53, 157.407, 0.823662
-156.506, 12.943, 8.73081
-156.952, 12.943, 8.73955
-44.8393, 16.3521, 7.00606
-44.5227, 16.1224, 7.09369
-44.5294, 16.1224, 7.10079
-548.226, 4.15973, 4.70531
-64.347, 9.14274, 2.54383
-64.2158, 9.14274, 2.54637
-94.7597, 4.15973, 0.850055
-289.084, 10.7737, 1.1521
-288.932, 10.7737, 1.15325
-77.3121, 5.12451, 0.908569
-973.644, 4.15557, 32.4211
-973.648, 4.15557, 32.4536
-750.398, 8.57552, 16.2557
-2045.16, 154.742, 1.02736
-2046.61, 154.742, 1.02838
-330.889, 12.3562, 11.472
-50.0631, 17.1578, 8.37856
-50.176, 17.1578, 8.38695
-1841.9, 51.5786, 2.9339
-44.8607, 17.7872, 8.09543
-44.8857, 17.7872, 8.10353
-44.6164, 17.9739, 8.02284
-193.618, 4.15557, 2.10737
-193.919, 4.15557, 2.10948
-224.583, 9.95467, 1.29304
-49.2962, 6.16197, 1.69033
-49.2821, 6.16197, 1.69202
-831.468, 4.15973, 9.06453
-97.393, 8.83261, 4.69969
-97.6776, 8.83261, 4.70439
-740.96, 180.45, 0.339596
-872.389, 3.468, 8.47549
-872.643, 3.468, 8.48397
-152.193, 7.41733, 4.42101
-702.047, 154.436, 0.327303
-702.709, 154.436, 0.32763
-202.396, 13.0516, 2.72367
-44.1947, 9.50501, 3.5713
-44.1998, 9.50501, 3.57487
-904.294, 3.47147, 9.77014
-212.837, 7.36953, 5.06422
-213.298, 7.36953, 5.06929
-777.774, 150.424, 0.365561
-175.893, 13.2677, 3.03317
-175.554, 13.2677, 3.0362
-44.1923, 10.034, 3.87294
-821.486, 3.468, 7.10264
-821.808, 3.468, 7.10975
-95.5562, 7.48002, 3.74195
-971.724, 3.468, 21.3841
-971.739, 3.468, 21.4055
-643.85, 7.21278, 10.811
-1463.24, 134.285, 0.706272
-1464.61, 134.285, 0.706979
-130.887, 11.3704, 7.07117
-44.3619, 13.898, 5.85836
-44.3581, 13.898, 5.86423
-973.414, 3.47147, 25.5568
-731.716, 7.18249, 12.8764
-732.171, 7.18249, 12.8893
-1680.27, 132.28, 0.829759
-250.67, 10.9106, 8.68634
-251.214, 10.9106, 8.69503
-44.8993, 15.1811, 6.37056
-44.489, 14.8932, 6.48035
-44.5012, 14.8932, 6.48683
-660.132, 3.47147, 4.70531
-44.9406, 7.66282, 2.55797
-44.9419, 7.66282, 2.56053
-137.333, 3.47147, 0.850055
-256.012, 9.42464, 0.831252
-255.92, 9.42464, 0.832084
-83.1938, 4.83705, 0.843769
-974.048, 3.468, 32.4211
-974.049, 3.468, 32.4536
-826.622, 7.16687, 16.2802
-1963.91, 130.065, 1.0351
-1965.16, 130.065, 1.03613
-456.403, 10.2963, 11.5379
-71.1024, 14.9789, 8.07248
-71.34, 14.9789, 8.08056
-1610.78, 44.183, 2.89064
-45.8278, 16.245, 7.47342
-45.8826, 16.245, 7.4809
-44.5376, 16.6238, 7.31846
-612.252, 27.0743, 4.59946
-611.487, 27.0743, 4.60406
-44.5381, 16.6285, 7.31647
-301.679, 3.468, 2.10737
-302.045, 3.468, 2.10948
-138.106, 8.29206, 1.28874
-888.551, 3.468, 9.06453
-888.779, 3.468, 9.0736
-179.081, 7.4003, 4.71566
-737.845, 152.672, 0.345406
-738.553, 152.672, 0.345751
-191.803, 13.1861, 2.86394
-44.1571, 9.78959, 3.70051
-44.1577, 9.78959, 3.70421
-969.601, 1.69927, 8.47549
-603.755, 3.7447, 4.59767
-604.234, 3.7447, 4.60227
-777.971, 88.759, 0.398137
-44.8475, 7.76339, 2.61668
-44.8495, 7.76339, 2.6193
-972.024, 1.69927, 9.77014
-670.026, 3.71178, 5.24067
-670.477, 3.71178, 5.24591
-847.253, 84.9256, 0.43384
-54.1598, 7.51943, 2.98723
-54.2615, 7.51943, 2.99022
-44.8588, 8.03592, 2.83559
-974.978, 26.0977, 1.10914
-975.209, 26.0977, 1.11025
-44.5665, 8.1526, 2.80323
-964.007, 1.69757, 7.10264
-964.049, 1.69757, 7.10975
-516.861, 3.79378, 3.91459
-707.629, 94.1625, 0.361202
-708.253, 94.1625, 0.361564
-80.333, 8.76177, 2.10398
-50.5271, 6.9385, 2.49965
-50.592, 6.9385, 2.50215
-45.3119, 7.43585, 2.37629
-974.147, 1.69757, 21.3841
-974.147, 1.69757, 21.4055
-919.322, 3.58532, 10.9949
-1358.07, 70.9841, 0.768412
-1359.07, 70.9841, 0.769181
-666.729, 5.22653, 7.85885
-140.462, 8.49407, 5.09416
-140.838, 8.49407, 5.09926
-925.119, 24.5795, 1.97849
-46.8669, 10.2664, 4.30275
-46.9329, 10.2664, 4.30705
-44.1529, 10.6441, 4.1702
-342.303, 16.1587, 2.8724
-341.869, 16.1587, 2.87527
-44.1495, 10.6622, 4.16385
-44.1492, 10.6528, 4.16344
-44.15, 10.6528, 4.1676
-127.266, 13.1331, 3.45819
-44.1492, 10.6532, 4.16328
-44.1499, 10.6532, 4.16745
-974.149, 1.69927, 25.5568
-944.298, 3.51313, 12.8661
-944.408, 3.51313, 12.8789
-1389.44, 64.5051, 0.826425
-846.794, 4.45267, 10.2878
-847.095, 4.45267, 10.298
-462.212, 6.62318, 7.07955
-661.604, 20.6489, 2.41883
-661.213, 20.6489, 2.42125
-45.481, 10.77, 4.47465
-44.185, 11.0013, 4.38168
-44.1916, 11.0013, 4.38607
-44.1626, 11.0468, 4.36877
-234.915, 15.0956, 3.25074
-234.494, 15.0956, 3.25399
-44.1627, 11.0476, 4.36847
-44.162, 11.0366, 4.36846
-44.1628, 11.0366, 4.37283
-95.4321, 12.9204, 3.76838
-44.162, 11.0366, 4.36846
-44.1628, 11.0366, 4.37283
-932.158, 1.69927, 4.70531
-323.249, 3.91456, 2.71613
-323.677, 3.91456, 2.71885
-623.157, 110.8, 0.301579
-139.079, 8.99197, 1.57188
-138.901, 8.99197, 1.57345
-47.2234, 6.62229, 1.92342
-565.117, 1.69757, 0.850055
-565.275, 1.69757, 0.850905
-103.032, 4.53016, 0.698605
-974.149, 1.69757, 32.4211
-974.149, 1.69757, 32.4536
-974.149, 0.784531, 17.1885
-974.149, 1.26306, 25.4333
-974.149, 1.26306, 25.4587
-974.149, 1.59676, 30.8065
-974.149, 1.66967, 31.9829
-974.149, 1.66967, 32.0149
-974.149, 1.69134, 32.2969
-974.149, 1.69568, 32.3916
-974.149, 1.69568, 32.424
-974.149, 1.69889, 32.4152
-974.149, 1.69755, 32.4208
-974.149, 1.69755, 32.4533
-974.149, 1.69927, 32.4211
-974.149, 1.69757, 32.4211
-974.149, 1.69757, 32.4536
-974.149, 1.69927, 32.4211
-974.149, 1.69757, 32.4211
-974.149, 1.69757, 32.4536
-974.149, 1.69927, 32.4211
-974.149, 1.69757, 32.4211
-974.149, 1.69757, 32.4536
-974.149, 1.69927, 32.4211
-974.149, 1.69757, 32.4211
-974.149, 1.69757, 32.4536
-974.149, 1.69927, 32.4211
-775.464, 1.69757, 2.10737
-775.718, 1.69757, 2.10948
-103.876, 4.21358, 1.38642
-970.954, 1.69757, 9.06453
-970.971, 1.69757, 9.0736
-634.969, 3.73215, 4.88978
-809.319, 86.7595, 0.414061
-810.165, 86.7595, 0.414475
-46.8233, 7.65954, 2.78189
-44.782, 7.89483, 2.71451
-44.7892, 7.89483, 2.71722
-317.358, 172.158, 52.7229
-482.428, 83.8221, 105.673
-483.083, 83.8221, 105.779
-45.5308, 133.008, 67.6702
-100.415, 171.986, 69.2964
-99.9391, 171.986, 69.3657
-650.35, 84.1644, 139.332
-45.6189, 151.833, 78.2597
-45.6356, 151.833, 78.338
-495.949, 172.158, 222.649
-304.666, 349.562, 110.019
-303.545, 349.562, 110.129
-165.621, 223.357, 171.886
-2898.12, 171.986, 14.0637
-2896.38, 171.986, 14.0778
-217.697, 74.6553, 24.3623
-898.403, 171.986, 527.855
-898.639, 171.986, 528.383
-148.109, 349.695, 260.67
-9961.98, 5946.97, 15.5024
-9963.1, 5946.97, 15.5179
-57.6879, 396.282, 230.151
-86.529, 171.986, 110.384
-86.8714, 171.986, 110.495
-1713.54, 349.968, 54.5538
-48.1132, 187.41, 101.357
-48.2068, 187.41, 101.458
-68.2593, 172.158, 104.029
-1874.75, 349.499, 51.3954
-1871.91, 349.499, 51.4468
-46.905, 183.404, 97.6852
-868.638, 171.986, 471.835
-868.933, 171.986, 472.307
-98.3185, 349.595, 232.94
-9820.5, 5938.52, 13.8374
-9821.83, 5938.52, 13.8512
-49.0357, 385.259, 211.449
-151.249, 171.986, 128.466
-151.751, 171.986, 128.594
-1315.96, 350.025, 63.5004
-50.4695, 200.01, 110.583
-50.5979, 200.01, 110.694
-177.259, 172.158, 135.156
-1189.41, 349.668, 66.8059
-1187.01, 349.668, 66.8728
-50.5388, 205.189, 113.537
-974.149, 1.61495, 52.7229
-974.149, 1.61495, 52.7756
-974.149, 0.59471, 52.4491
-974.149, 1.13789, 52.6268
-974.149, 1.13789, 52.6795
-974.149, 1.43218, 52.6896
-974.149, 1.54055, 52.7099
-974.149, 1.54055, 52.7626
-974.149, 1.59586, 52.7193
-974.149, 1.60813, 52.7217
-974.149, 1.60813, 52.7744
-974.149, 1.61486, 52.7226
-974.149, 1.61468, 52.7228
-974.149, 1.61468, 52.7756
-974.149, 1.61656, 52.7229
-974.149, 1.61495, 52.7229
-974.149, 1.61495, 52.7756
-974.149, 1.61657, 52.7229
-974.149, 1.61495, 52.7229
-974.149, 1.61495, 52.7756
-974.149, 1.61657, 52.7229
-974.149, 1.61495, 52.7229
-974.149, 1.61495, 52.7756
-974.149, 1.61657, 52.7229
-974.149, 1.61495, 52.7229
-974.149, 1.61495, 52.7756
-974.149, 1.61657, 52.7229
-974.149, 1.61495, 69.2964
-974.149, 1.61495, 69.3657
-974.149, 0.594708, 68.9833
-974.149, 1.27872, 69.2232
-974.149, 1.27872, 69.2924
-974.149, 0.771776, 69.0647
-974.149, 1.16917, 69.1951
-974.149, 1.16917, 69.2643
-974.149, 1.26132, 69.2186
-974.149, 1.27872, 69.2232
-974.149, 1.27872, 69.2924
-974.149, 1.61657, 222.649
-974.149, 0.594108, 223.029
-974.149, 0.594108, 223.252
-974.149, 1.07946, 222.803
-974.149, 1.36935, 222.712
-974.149, 1.36935, 222.935
-974.149, 1.51531, 222.674
-974.047, 1.61495, 14.0637
-974.048, 1.61495, 14.0778
-833.156, 3.48238, 7.40714
-1063.57, 74.9157, 0.569968
-1064.46, 74.9157, 0.570538
-217.874, 6.52315, 4.38445
-54.0935, 9.81957, 3.11274
-53.9878, 9.81957, 3.11585
-44.349, 9.01978, 3.3445
-974.149, 1.61495, 527.855
-974.149, 1.61495, 528.383
-974.149, 0.594702, 527.386
-974.149, 1.12967, 527.688
-974.149, 1.12967, 528.216
-974.149, 1.44386, 527.802
-974.149, 1.52892, 527.83
-974.149, 1.52892, 528.358
-974.149, 1.5928, 527.848
-974.149, 1.60955, 527.854
-974.149, 1.60955, 528.382
-974.149, 1.6146, 527.855
-974.149, 1.61464, 527.855
-974.149, 1.61464, 528.383
-974.149, 1.61655, 527.855
-974.149, 1.61492, 527.855
-974.149, 1.61492, 528.383
-974.149, 1.61655, 527.855
-974.149, 1.61493, 527.855
-974.149, 1.61493, 528.383
-974.149, 1.61657, 110.384
-974.149, 0.594164, 108.869
-974.149, 0.594164, 108.978
-974.149, 1.33526, 110.093
-974.149, 1.51714, 110.289
-974.149, 1.51714, 110.399
-974.149, 1.58347, 110.353
-974.149, 1.60655, 110.376
-974.149, 1.60655, 110.487
-974.149, 1.61359, 110.381
-974.149, 1.61495, 104.029
-974.149, 1.61495, 104.133
-974.149, 0.594702, 104.078
-974.149, 1.40525, 104.036
-974.149, 1.40525, 104.14
-974.149, 1.52032, 104.032
-974.149, 1.58648, 104.03
-974.149, 1.58648, 104.134
-974.149, 1.61044, 104.029
-974.149, 1.61327, 104.029
-974.149, 1.61327, 104.133
-974.149, 1.61627, 104.029
-974.149, 1.61495, 104.029
-974.149, 1.61495, 104.133
-974.149, 1.61657, 104.029
-974.149, 1.61495, 104.029
-974.149, 1.61495, 104.133
-974.149, 1.61657, 104.029
-974.149, 1.61495, 104.029
-974.149, 1.61495, 104.133
-974.149, 1.61657, 471.835
-974.149, 0.594116, 469.341
-974.149, 0.594116, 469.811
-974.149, 0.951606, 470.512
-974.149, 1.35907, 471.404
-974.149, 1.35907, 471.876
-974.149, 1.53678, 471.709
-974.149, 1.5771, 471.776
-974.149, 1.5771, 472.248
-974.149, 1.60414, 471.816
-974.149, 1.61043, 471.828
-974.149, 1.61043, 472.3
-974.149, 1.61565, 471.834
-974.149, 1.6148, 471.835
-974.149, 1.6148, 472.307
-974.149, 1.61656, 471.835
-974.149, 1.61495, 471.835
-974.149, 1.61495, 472.307
-974.149, 1.61657, 471.835
-974.149, 1.61495, 471.835
-974.149, 1.61495, 472.307
-974.149, 1.61657, 471.835
-974.149, 1.61495, 471.835
-974.149, 1.61495, 472.307
-974.149, 1.61657, 471.835
-974.149, 1.61495, 128.466
-974.149, 1.61495, 128.594
-974.149, 0.59485, 131.363
-974.149, 1.19044, 129.343
-974.149, 1.19044, 129.472
-974.149, 1.45608, 128.766
-974.149, 1.53681, 128.608
-974.149, 1.53681, 128.736
-974.149, 1.59959, 128.496
-974.149, 1.61085, 128.473
-974.149, 1.61085, 128.601
-974.149, 1.61563, 128.467
-974.149, 1.61478, 128.466
-974.149, 1.61478, 128.594
-974.149, 1.61656, 128.466
-974.149, 1.61495, 128.466
-974.149, 1.61495, 128.594
-974.149, 1.61657, 128.466
-974.149, 1.61495, 135.156
-974.149, 1.61495, 135.291
-974.149, 0.594703, 135.361
-974.149, 1.02966, 135.248
-974.149, 1.02966, 135.384
-974.149, 1.4168, 135.183
-974.149, 1.52139, 135.168
-974.149, 1.52139, 135.303
-974.149, 1.57148, 135.162
-974.149, 1.6065, 135.157
-974.149, 1.6065, 135.292
-974.149, 1.61443, 135.156
-974.149, 1.61455, 135.156
-974.149, 1.61455, 135.291
-974.149, 1.61655, 135.156
-502.023, 197.665, 52.7229
-500.549, 197.665, 52.7756
-388.59, 96.3204, 105.544
-191.113, 197.665, 69.2964
-190.308, 197.665, 69.3657
-566.952, 96.7327, 139.335
-45.566, 163.002, 83.6458
-45.5733, 163.002, 83.7295
-403.064, 197.863, 222.649
-489.77, 401.684, 110
-488.269, 401.684, 110.11
-49.6339, 283.11, 155.921
-3269.83, 197.665, 14.0637
-3268.08, 197.665, 14.0778
-367.861, 85.0342, 24.0256
-860.38, 197.665, 527.855
-860.691, 197.665, 528.383
-88.1964, 401.908, 260.671
-10190.9, 6834.98, 15.5025
-10192.1, 6834.98, 15.518
-48.2289, 438.589, 238.961
-51.8403, 197.665, 110.384
-51.9847, 197.665, 110.495
-2139.17, 401.175, 54.4115
-45.9744, 204.088, 106.908
-46.0126, 204.088, 107.015
-46.1359, 197.863, 104.029
-2307.59, 396.974, 50.7996
-2304.68, 396.974, 50.8504
-45.6155, 199.671, 103.061
-821.987, 197.665, 471.835
-822.361, 197.665, 472.307
-57.3283, 401.808, 232.948
-90.4548, 197.665, 128.466
-90.8116, 197.665, 128.594
-1703.64, 402.053, 63.4632
-48.2232, 216.454, 117.372
-48.3187, 216.454, 117.489
-109.638, 197.863, 135.156
-1561.09, 401.507, 66.7443
-1558.37, 401.507, 66.8111
-48.8992, 221.359, 120.869
-625.469, 33.6437, 52.7229
-626.046, 33.6437, 52.7756
-112.562, 68.7844, 26.1816
-766.141, 33.6437, 69.2964
-766.586, 33.6437, 69.3657
-45.3959, 68.6552, 34.346
-972.043, 33.6437, 222.649
-972.056, 33.6437, 222.872
-634.456, 68.556, 110.192
-6757.3, 1176.09, 6.6111
-6759.01, 1176.09, 6.61771
-401.158, 82.3973, 91.8591
-178.006, 98.4544, 76.9451
-178.546, 98.4544, 77.0221
-3941.65, 340.621, 22.5542
-78.0068, 110.46, 68.6648
-78.3138, 110.46, 68.7335
-45.5162, 122.255, 62.1678
-60.1607, 33.6437, 14.0637
-59.9464, 33.6437, 14.0778
-686.243, 16.0187, 27.4622
-45.0626, 31.3077, 15.0054
-45.0656, 31.3077, 15.0204
-974.149, 33.6774, 527.855
-938.787, 68.7676, 262.33
-938.923, 68.7676, 262.592
-7586.87, 1201.54, 16.0021
-917.778, 73.4016, 246.12
-917.969, 73.4016, 246.366
-878.568, 79.9608, 226.577
-1135.41, 309.652, 60.2139
-1133.09, 309.652, 60.2742
-157.55, 155.98, 117.866
-46.5207, 186.62, 98.8069
-46.5788, 186.62, 98.9057
-45.5712, 189.914, 97.2253
-294.044, 242.381, 76.5135
-292.959, 242.381, 76.5901
-45.5715, 189.929, 97.2177
-45.5705, 189.74, 97.2175
-45.5715, 189.74, 97.3148
-103.765, 214.666, 86.2465
-45.5705, 189.74, 97.2175
-45.5715, 189.74, 97.3148
-914.32, 33.6774, 110.384
-192.478, 68.5188, 54.656
-193.032, 68.5188, 54.7107
-5357.15, 1179.96, 3.28521
-50.0713, 83.1213, 45.1568
-50.1935, 83.1213, 45.202
-901.723, 33.6774, 104.029
-160.863, 68.5053, 51.4991
-161.374, 68.5053, 51.5507
-5231.86, 1178.79, 3.09299
-46.9092, 82.0257, 43.0975
-46.9793, 82.0257, 43.1406
-974.148, 33.6774, 471.835
-920.967, 68.6222, 233.984
-921.15, 68.6222, 234.218
-7500.51, 1188.89, 14.1504
-872.952, 76.1028, 211.334
-873.239, 76.1028, 211.546
-772.46, 87.4855, 184.43
-1652.15, 322.185, 51.0857
-1649.46, 322.185, 51.1368
-149.512, 147.949, 109.978
-48.7867, 173.069, 94.1594
-48.8916, 173.069, 94.2536
-45.5648, 178.603, 91.3777
-417.532, 239.762, 68.3234
-416.199, 239.762, 68.3918
-45.5652, 178.629, 91.3647
-45.5642, 178.451, 91.3642
-45.5653, 178.451, 91.4556
-45.5652, 178.629, 91.3647
-939.465, 33.6437, 128.466
-939.598, 33.6437, 128.594
-282.47, 68.5647, 63.5876
-5644.07, 1176.83, 3.81694
-5645.89, 1176.83, 3.82076
-70.3157, 85.1819, 51.3035
-45.4675, 92.9555, 47.0111
-45.469, 92.9555, 47.0582
-945.633, 33.6774, 135.156
-315.608, 68.491, 66.8941
-316.256, 68.491, 66.961
-5734.95, 1177.56, 4.0142
-82.3894, 85.5567, 53.6778
-82.7121, 85.5567, 53.7315
-45.4765, 95.4785, 48.2035
-936.917, 14.2296, 52.7229
-937.055, 14.2296, 52.7756
-278, 29.1232, 26.21
-3301.96, 508.454, 1.6008
-3303.89, 508.454, 1.6024
-47.501, 38.6525, 19.876
-962.572, 14.2296, 69.2964
-962.628, 14.2296, 69.3657
-453.269, 29.0871, 34.4055
-3815.24, 505.312, 2.09073
-3817.73, 505.312, 2.09282
-159.084, 36.9702, 27.195
-45.5717, 45.7521, 22.0441
-45.5409, 45.7521, 22.0662
-974.149, 14.2438, 222.649
-939.144, 29.1243, 110.803
-939.278, 29.1243, 110.914
-5727.16, 511.611, 6.79625
-913.778, 31.4619, 102.774
-913.977, 31.4619, 102.877
-861.536, 34.9529, 92.85
-1073.99, 133.591, 25.1203
-1072.05, 133.591, 25.1455
-126.56, 68.6889, 48.0748
-47.2643, 79.2276, 41.7923
-47.3422, 79.2276, 41.8341
-45.4381, 81.1727, 40.8561
-289.522, 104.082, 32.0362
-288.507, 104.082, 32.0683
-45.4385, 81.1852, 40.85
-45.4375, 81.1046, 40.8497
-45.4385, 81.1046, 40.8905
-360.859, 14.2438, 14.0637
-361.21, 29.6066, 7.12079
-360.398, 29.6066, 7.12792
-45.3821, 20.8872, 9.85525
-974.149, 14.2296, 527.855
-974.149, 14.2296, 528.383
-974.146, 38.6954, 509.833
-1030.58, 2105.5, 443.691
-1028.18, 2105.5, 444.135
-916.328, 145.988, 486.837
-53.5597, 806.192, 458.747
-53.7229, 806.192, 459.206
-47.699, 924.708, 456.581
-973.502, 14.2296, 110.384
-973.507, 14.2296, 110.495
-725.614, 29.0565, 54.7469
-4775.69, 502.664, 3.31261
-4777.3, 502.664, 3.31593
-467.186, 36.2397, 44.0544
-179.519, 45.5659, 35.1347
-180.051, 45.5659, 35.1698
-2990.76, 151.493, 10.7883
-69.834, 52.0273, 30.8381
-70.0975, 52.0273, 30.8689
-45.3393, 56.8432, 28.2942
-973.139, 14.2296, 104.029
-973.146, 14.2296, 104.133
-695.694, 29.0586, 51.5988
-4676.9, 502.842, 3.12303
-4678.64, 502.842, 3.12615
-422.795, 36.4004, 41.3456
-149.364, 45.5706, 33.1162
-149.849, 45.5706, 33.1494
-3072.4, 151.528, 10.1697
-63.6907, 51.1571, 29.5565
-63.9211, 51.1571, 29.586
-45.3285, 55.2229, 27.442
-974.149, 14.2296, 471.835
-974.149, 14.2296, 472.307
-974.141, 38.7187, 472.206
-887.561, 2111.86, 473.69
-885.389, 2111.86, 474.163
-974.141, 38.7257, 472.206
-204.336, 571.334, 473.204
-204.916, 571.334, 473.677
-45.8873, 900.026, 473.372
-45.6487, 914.172, 473.378
-45.6507, 914.172, 473.852
-45.6485, 915.201, 473.379
-233.061, 1389.55, 473.534
-232.11, 1389.55, 474.008
-45.6485, 915.201, 473.379
-973.967, 14.2296, 128.466
-973.969, 14.2296, 128.594
-793.87, 29.0524, 63.7054
-4991.84, 502.307, 3.85245
-4993.1, 502.307, 3.8563
-579.877, 35.7518, 51.9398
-276.184, 45.2282, 41.1711
-276.806, 45.2282, 41.2123
-2742.63, 150.877, 12.594
-87.8704, 54.4315, 34.3113
-88.2085, 54.4315, 34.3456
-45.3618, 61.2738, 30.5676
-849.879, 96.0539, 19.6206
-848.214, 96.0539, 19.6403
-45.3621, 61.3095, 30.5501
-974.035, 14.2296, 135.156
-974.036, 14.2296, 135.291
-813.933, 29.0587, 67.0379
-5062.72, 502.848, 4.05752
-5064.72, 502.848, 4.06158
-670.673, 33.9051, 57.6026
-445.327, 40.7475, 48.0289
-445.981, 40.7475, 48.0769
-2431.81, 143.286, 13.9599
-118.234, 53.6829, 36.6229
-118.659, 53.6829, 36.6595
-45.4938, 63.2545, 31.1965
-45.3752, 62.7581, 31.4082
-45.3806, 62.7581, 31.4396
-284.618, 56.8488, 52.7229
-716.609, 115.906, 26.1612
-714.96, 115.906, 26.1874
-50.5645, 74.4154, 40.4692
-464.093, 56.7919, 69.2964
-464.75, 56.7919, 69.3657
-335.873, 115.819, 34.3239
-143.059, 73.7315, 53.5539
-143.54, 73.7315, 53.6075
-942.327, 56.8488, 222.649
-295.735, 115.488, 110.075
-296.378, 115.488, 110.185
-7165.9, 1976.82, 6.57603
-88.9971, 140.495, 90.6159
-89.3476, 140.495, 90.7065
-45.5647, 158.291, 80.5808
-470.867, 56.7919, 14.0637
-469.682, 56.7919, 14.0778
-355.426, 26.7483, 27.1279
-974.002, 56.7919, 527.855
-974.003, 56.7919, 528.383
-800.866, 115.719, 261.229
-8396.08, 1984.75, 15.6693
-8396.2, 1984.75, 15.685
-645.478, 135.634, 223.239
-415.891, 162.625, 186.354
-416.559, 162.625, 186.54
-3356.32, 568.697, 54.0373
-120.649, 208.164, 145.958
-121.091, 208.164, 146.104
-45.8282, 245.472, 124.108
-45.6062, 242.887, 125.291
-45.6142, 242.887, 125.416
-735.854, 56.8488, 110.384
-50.2016, 115.545, 54.6001
-50.0719, 115.545, 54.6548
-706.28, 56.8488, 104.029
-61.2916, 115.552, 51.4597
-61.0485, 115.552, 51.5112
-973.751, 56.8488, 471.835
-752.423, 115.563, 233.423
-752.89, 115.563, 233.656
-8356.07, 1983.24, 13.9815
-574.915, 135.934, 198.743
-575.533, 135.934, 198.942
-341.484, 162.568, 166.625
-3692.62, 567.245, 48.2667
-3689.71, 567.245, 48.315
-117.126, 197.565, 137.359
-45.6409, 230.82, 117.624
-45.628, 230.82, 117.742
-45.5887, 229.938, 118.188
-803.302, 56.7919, 128.466
-803.701, 56.7919, 128.594
-50.6039, 115.73, 63.5819
-822.85, 56.7919, 135.156
-823.221, 56.7919, 135.291
-59.1145, 115.609, 66.8231
-223.578, 62.7036, 52.7229
-224.166, 62.7036, 52.7756
-907.967, 128.174, 26.1768
-51.2681, 77.8742, 42.6301
-51.4045, 77.8742, 42.6727
-397.033, 62.7663, 69.2964
-463.653, 127.877, 34.3593
-462.306, 127.877, 34.3937
-48.6388, 90.2204, 48.4835
-928.089, 62.7036, 222.649
-928.253, 62.7036, 222.872
-232.684, 127.623, 110.063
-7293.08, 2179.25, 6.57249
-7294.68, 2179.25, 6.57907
-68.3641, 152.639, 92.1444
-45.5565, 165.753, 84.8201
-45.5584, 165.753, 84.9049
-616.389, 62.7663, 14.0637
-290.567, 29.3583, 26.974
-291.188, 29.3583, 27.001
-973.792, 62.7663, 527.855
-758.335, 127.591, 261.134
-758.794, 127.591, 261.395
-8599.76, 2189.58, 15.6407
-585.769, 149.71, 222.883
-586.382, 149.71, 223.106
-355.409, 178.734, 187.184
-3693.67, 624.956, 54.1081
-3690.52, 624.956, 54.1623
-111.964, 220.82, 151.808
-45.6632, 256.522, 130.732
-45.6485, 256.522, 130.863
-45.597, 255.403, 131.43
-685.489, 62.7036, 110.384
-686.023, 62.7036, 110.495
-73.7545, 127.694, 54.5973
-652.978, 62.7036, 104.029
-653.54, 62.7036, 104.133
-97.0902, 127.768, 51.4844
-973.285, 62.7036, 471.835
-973.292, 62.7036, 472.307
-702.823, 127.689, 233.366
-8523.01, 2184.87, 13.9645
-8523.88, 2184.87, 13.9785
-511.491, 150.147, 198.74
-287.654, 177.803, 167.906
-288.296, 177.803, 168.074
-4023.66, 623.902, 48.4224
-107.979, 209.582, 142.65
-108.39, 209.582, 142.792
-45.6257, 242.241, 123.695
-45.5931, 241.228, 124.087
-45.5962, 241.228, 124.212
-760.188, 62.7663, 128.466
-45.9483, 127.56, 63.5373
-45.9103, 127.56, 63.6009
-782.614, 62.7663, 135.156
-46.2326, 127.528, 66.8292
-46.2827, 127.528, 66.8961
-974.149, 1.44133, 52.7229
-974.149, 1.43989, 69.2964
-974.149, 1.43989, 69.3657
-974.149, 1.44133, 222.649
-974.121, 1.43989, 14.0637
-974.121, 1.43989, 14.0778
-871.455, 3.14319, 7.51881
-1125.81, 71.0167, 0.614247
-1126.87, 71.0167, 0.614861
-443.299, 5.15318, 5.05485
-52.2303, 8.34331, 3.42997
-52.331, 8.34331, 3.4334
-946.761, 24.366, 1.4515
-44.2806, 8.91947, 3.25086
-44.2847, 8.91947, 3.25411
-44.262, 8.95623, 3.24274
-974.149, 1.43989, 527.855
-974.149, 1.43989, 528.383
-974.149, 1.44133, 110.384
-974.149, 1.43989, 104.029
-974.149, 1.43989, 104.133
-974.149, 1.44133, 471.835
-974.149, 1.43989, 128.466
-974.149, 1.43989, 128.594
-974.149, 1.44133, 135.156
-118.804, 76.4952, 52.7229
-119.235, 76.4952, 52.7756
-1353.5, 156.312, 26.1676
-48.9393, 86.6455, 46.6531
-49.0461, 86.6455, 46.6997
-266.02, 76.5718, 69.2964
-799.029, 155.967, 34.3511
-797.231, 155.967, 34.3855
-51.3375, 98.3415, 54.1587
-885.828, 76.4952, 222.649
-886.089, 76.4952, 222.872
-125.404, 155.679, 110.053
-7538.15, 2657.32, 6.56937
-7539.96, 2657.32, 6.57594
-48.7849, 177.514, 96.6043
-962.093, 76.4952, 14.0637
-960.477, 76.4952, 14.0778
-170.281, 35.4489, 26.6151
-972.533, 76.4952, 527.855
-972.544, 76.4952, 528.383
-655.422, 155.716, 260.974
-8925.84, 2660.43, 15.593
-8926.92, 2660.43, 15.6086
-459.498, 182.317, 223.164
-250.892, 213.613, 190.509
-251.512, 213.613, 190.7
-4359.56, 754.612, 54.5032
-106.521, 244.95, 166.31
-106.928, 244.95, 166.477
-45.6064, 281.963, 144.777
-569.273, 76.4952, 110.384
-569.891, 76.4952, 110.495
-186.6, 155.839, 54.6179
-173.316, 104.517, 81.0377
-173.85, 104.517, 81.1188
-531.365, 76.5718, 104.029
-236.2, 155.567, 51.435
-235.28, 155.567, 51.4865
-166.206, 102.173, 78.1374
-970.792, 76.4952, 471.835
-970.812, 76.4952, 472.307
-589.486, 155.669, 233.207
-8773.59, 2656.41, 13.9169
-8775.15, 2656.41, 13.9309
-385.672, 182.096, 199.573
-195.984, 211.405, 171.907
-196.551, 211.405, 172.079
-4656.22, 750.136, 48.9123
-89.2372, 236.8, 153.589
-89.5906, 236.8, 153.743
-45.6066, 266.573, 136.68
-658.818, 76.4952, 128.466
-659.377, 76.4952, 128.594
-93.8116, 155.727, 63.5186
-686.555, 76.4952, 135.156
-687.089, 76.4952, 135.291
-74.0455, 155.777, 66.8485
-720.218, 28.305, 52.7229
-720.713, 28.305, 52.7756
-52.8366, 57.8943, 26.1931
-835.743, 28.305, 69.2964
-836.091, 28.305, 69.3657
-69.7122, 57.7731, 34.3536
-973.547, 28.305, 222.649
-973.551, 28.305, 222.872
-727.887, 57.6974, 110.231
-6563.22, 991.191, 6.62279
-6564.47, 991.191, 6.62942
-514.291, 69.4479, 91.7752
-257.118, 84.5183, 75.5063
-257.736, 84.5183, 75.5818
-3468.98, 289.727, 22.3621
-98.4939, 98.5209, 64.8887
-98.8726, 98.5209, 64.9536
-45.5057, 112.439, 56.9992
-46.5414, 28.305, 14.0637
-46.6076, 28.305, 14.0778
-1427.94, 58.6044, 7.07608
-45.1324, 28.7752, 13.8464
-45.152, 28.7752, 13.8603
-974.149, 28.3333, 527.855
-957.511, 61.2756, 279.672
-957.587, 61.2756, 279.952
-7757.8, 1347.16, 22.0386
-950.705, 63.946, 270.03
-950.804, 63.946, 270.3
-939.3, 67.5054, 258.477
-622.51, 301.262, 75.475
-620.804, 301.262, 75.5505
-904.704, 75.1732, 236.589
-50.8004, 194.878, 107.993
-50.9328, 194.878, 108.101
-45.586, 203.091, 104.473
-45.5772, 203.335, 104.284
-45.5784, 203.335, 104.389
-177.854, 247.75, 88.7179
-45.5772, 203.335, 104.284
-45.5784, 203.335, 104.389
-942.251, 28.3333, 110.384
-298.452, 57.6559, 54.6656
-299.091, 57.6559, 54.7203
-5201.8, 993.576, 3.28809
-70.6926, 72.5304, 43.5773
-70.9636, 72.5304, 43.6209
-45.4331, 79.3648, 39.908
-934.326, 28.305, 104.029
-934.473, 28.305, 104.133
-260.607, 57.7213, 51.5254
-5090.15, 993.245, 3.10088
-5092.08, 993.245, 3.10399
-59.6838, 72.1026, 41.3645
-45.4258, 76.9751, 38.7398
-45.4283, 76.9751, 38.7786
-974.149, 28.3333, 471.835
-946.427, 58.3561, 236.591
-946.54, 58.3561, 236.828
-7328.74, 1055.4, 14.9565
-929.089, 62.2592, 222.42
-929.251, 62.2592, 222.642
-895.281, 67.878, 205.015
-980.593, 267.386, 55.3743
-978.446, 267.386, 55.4297
-128.375, 142.309, 101.169
-46.0525, 166.306, 87.1097
-46.0948, 166.306, 87.1969
-45.5587, 168.483, 86.1178
-259.142, 212.143, 69.0559
-258.153, 212.143, 69.1249
-45.5589, 168.493, 86.1128
-45.558, 168.325, 86.1126
-45.559, 168.325, 86.1987
-95.8013, 189.157, 77.1141
-45.558, 168.325, 86.1126
-45.559, 168.325, 86.1987
-957.334, 28.3333, 128.466
-397.552, 57.643, 63.6056
-398.214, 57.643, 63.6693
-5465.66, 992.466, 3.82236
-115.865, 73.3228, 50.144
-116.289, 73.3228, 50.1941
-45.5245, 85.8922, 42.9272
-960.939, 28.305, 135.156
-961.002, 28.305, 135.291
-430.473, 57.6985, 66.9157
-5561.75, 991.291, 4.02068
-5564.45, 991.291, 4.0247
-190.67, 69.7495, 55.4755
-46.3886, 89.0689, 43.5222
-46.3328, 89.0689, 43.5658
-45.584, 87.1318, 44.5225
-1527.63, 0.000495874, 0.00423524
-974.149, 0.000255142, 0.00894966
-974.149, 0.000255142, 0.00895862
-4479.29, 0.000495874, 0.00143881
-1026.45, 0.000286904, 0.00332507
-1025.86, 0.000286904, 0.0033284
-974.149, 3.23126e-05, 0.094839
-2034.14, 0.000495378, 4.75199e-05
-2035.09, 0.000495378, 4.75675e-05
-1238.41, 0.00100272, 2.33616e-05
-4525.87, 0.000495378, 0.000815028
-4525.85, 0.000495378, 0.000815843
-4268.03, 0.000508142, 0.00221481
-974.149, 0.000559763, 0.12078
-974.149, 0.000559763, 0.120901
-2402.17, 0.000495874, 0.00360125
-974.149, 0.000257816, 0.00767965
-974.149, 0.000257816, 0.00768733
-4128.84, 0.000495874, 0.000251773
-2296.92, 0.00100314, 0.000123951
-2298.03, 0.00100314, 0.000124075
-978.875, 0.0168849, 7.28145e-06
-4384.65, 0.000495378, 0.000353243
-4385.18, 0.000495378, 0.000353597
-2711.3, 0.00101313, 0.000175476
-980.781, 0.0176363, 1.06853e-05
-980.787, 0.0176363, 1.0696e-05
-3616.45, 0.000495874, 0.000164147
-1876.47, 0.00100657, 8.10886e-05
-1877.32, 0.00100657, 8.11697e-05
-4188.21, 0.000495874, 0.00231086
-974.184, 0.000267587, 0.00508075
-974.184, 0.000267587, 0.00508583
-4239.06, 0.000495874, 0.000284641
-2439.7, 0.00100926, 0.000140991
-2440.89, 0.00100926, 0.000141132
-979.489, 0.0174062, 8.48726e-06
-1022.11, 0.000370864, 0.00423524
-1021.58, 0.000370864, 0.00423948
-974.149, 0.000188562, 0.00883789
-4415.09, 0.000370864, 0.00143881
-4414.6, 0.000370864, 0.00144025
-975.383, 0.000204954, 0.00321635
-2339.65, 0.000370864, 4.75199e-05
-2340.82, 0.000370864, 4.75675e-05
-1328.86, 0.000753288, 2.34425e-05
-4521.53, 0.000370864, 0.000815028
-4521.48, 0.000370864, 0.000815843
-2022, 0.000231889, 0.00196959
-974.149, 3.52675e-05, 0.0671728
-974.149, 3.52675e-05, 0.06724
-1227.29, 0.000371235, 0.00360125
-974.149, 0.000189718, 0.0075638
-974.149, 0.000189718, 0.00757137
-4358.31, 0.000371235, 0.000251773
-2649.11, 0.000756311, 0.000124833
-2650.41, 0.000756311, 0.000124957
-980.485, 0.0130942, 7.54408e-06
-4491.48, 0.000370864, 0.000353243
-4491.7, 0.000370864, 0.000353597
-3110.5, 0.000760691, 0.000176001
-983.044, 0.0133971, 1.08461e-05
-983.052, 0.0133971, 1.0857e-05
-3983.52, 0.000371235, 0.000164147
-2148.15, 0.000754042, 8.11398e-05
-2149.17, 0.000754042, 8.1221e-05
-3530.45, 0.000371235, 0.00231086
-974.149, 0.000195268, 0.00497673
-974.149, 0.000195268, 0.00498171
-4421.58, 0.000371235, 0.000284641
-2811.83, 0.000755113, 0.000140903
-2813.17, 0.000755113, 0.000141044
-981.311, 0.0129908, 8.4607e-06
-4228.54, 0.00114928, 0.00423524
-4227.47, 0.00114928, 0.00423948
-975.04, 0.000639638, 0.00951661
-4505.47, 0.00114928, 0.00143881
-4505.5, 0.00114928, 0.00144025
-3581.53, 0.00280925, 0.000916988
-989.297, 0.0997898, 0.000151287
-989.312, 0.0997898, 0.000151438
-1445.67, 0.00115043, 4.75199e-05
-1086.35, 0.00233168, 2.34388e-05
-1086.47, 0.00233168, 2.34622e-05
-4371.69, 0.00115043, 0.000815028
-2701.02, 0.00236241, 0.000407409
-2702.35, 0.00236241, 0.000407817
-980.578, 0.0422194, 2.5437e-05
-4356.08, 0.00114928, 0.00360125
-4355.52, 0.00114928, 0.00360485
-982.974, 0.000656516, 0.00824113
-3031.75, 0.00114928, 0.000251773
-3033.14, 0.00114928, 0.000252024
-1579.21, 0.00233751, 0.000124371
-3509.95, 0.00114928, 0.000353243
-3511.32, 0.00114928, 0.000353597
-1812.68, 0.00233967, 0.000174659
-2466.19, 0.00114928, 0.000164147
-2467.39, 0.00114928, 0.000164312
-1369.25, 0.00233596, 8.10319e-05
-4482.15, 0.00114928, 0.00231086
-4482.02, 0.00114928, 0.00231317
-1795.7, 0.000741077, 0.00567302
-974.149, 0.000127481, 0.206054
-974.149, 0.000127481, 0.20626
-3203.73, 0.00115043, 0.000284641
-1656.66, 0.00233582, 0.000140647
-1657.34, 0.00233582, 0.000140788
-3053.25, 0.000682345, 0.00423524
-974.149, 0.00035878, 0.00911837
-974.149, 0.00035878, 0.00912749
-4504.31, 0.000682345, 0.00143881
-1849.3, 0.000431368, 0.0035008
-1843.9, 0.000431368, 0.0035043
-974.149, 6.92464e-05, 0.122692
-1761.92, 0.000681663, 4.75199e-05
-1762.67, 0.000681663, 4.75675e-05
-1164.98, 0.00138434, 2.34385e-05
-4515.28, 0.000681663, 0.000815028
-4515.35, 0.000681663, 0.000815843
-3440.95, 0.00149111, 0.000436863
-985.558, 0.0339703, 3.60609e-05
-985.569, 0.0339703, 3.60969e-05
-3756.25, 0.000682345, 0.00360125
-974.151, 0.000363738, 0.00784136
-974.151, 0.000363738, 0.00784921
-3759.64, 0.000682345, 0.000251773
-1971.17, 0.00138606, 0.000124463
-1972.08, 0.00138606, 0.000124588
-4145.58, 0.000682345, 0.000353243
-2318.12, 0.00138871, 0.000174961
-2319.25, 0.00138871, 0.000175136
-978.934, 0.0239446, 1.05297e-05
-3167.57, 0.000681663, 0.000164147
-3169.01, 0.000681663, 0.000164312
-1638.68, 0.00138593, 8.10567e-05
-4398.92, 0.000681663, 0.00231086
-4398.44, 0.000681663, 0.00231317
-979.265, 0.00038421, 0.00523952
-3913.95, 0.000681663, 0.000284641
-3915.15, 0.000681663, 0.000284926
-2087.05, 0.00138817, 0.000140786
-3397.19, 0.000742039, 0.00423524
-3392.74, 0.000742039, 0.00423948
-974.15, 0.000393714, 0.00917183
-4507.55, 0.000742039, 0.00143881
-4507.48, 0.000742039, 0.00144025
-2392.3, 0.000490728, 0.00357463
-974.149, 9.33951e-05, 0.136188
-974.149, 9.33951e-05, 0.136324
-1699.42, 0.000742781, 4.75199e-05
-1149.24, 0.0014969, 2.33064e-05
-1149.41, 0.0014969, 2.33297e-05
-4506.44, 0.000742781, 0.000815028
-3315.77, 0.00158728, 0.000425702
-3317.2, 0.00158728, 0.000426128
-984.396, 0.0332659, 3.16841e-05
-3945.5, 0.000742039, 0.00360125
-3943.08, 0.000742039, 0.00360485
-974.16, 0.000399543, 0.00789177
-3648.17, 0.000742039, 0.000251773
-3649.51, 0.000742039, 0.000252024
-1895.12, 0.00151007, 0.000124441
-4060.85, 0.000742039, 0.000353243
-4061.92, 0.000742039, 0.000353597
-2222.61, 0.00149893, 0.00017331
-978.546, 0.0248326, 1.0042e-05
-978.55, 0.0248326, 1.00521e-05
-3045.82, 0.000742781, 0.000164147
-1586.33, 0.00150707, 8.10506e-05
-1586.93, 0.00150707, 8.11317e-05
-4423.94, 0.000742781, 0.00231086
-988.775, 0.000423903, 0.00529192
-988.594, 0.000423903, 0.00529721
-3807.67, 0.000742781, 0.000284641
-2005.92, 0.00150926, 0.000140752
-2006.86, 0.00150926, 0.000140893
-4449.32, 0.00320768, 0.00423524
-4182.13, 0.00439503, 0.0109378
-4181.31, 0.00439503, 0.0109487
-974.149, 0.0155674, 0.486559
-3974.21, 0.00320447, 0.00143881
-3975.32, 0.00320447, 0.00144025
-2150.92, 0.00657655, 0.000717299
-977.909, 0.116089, 4.43081e-05
-977.913, 0.116089, 4.43524e-05
-1140.38, 0.00320768, 4.75199e-05
-1013.69, 0.00650521, 2.34529e-05
-1013.73, 0.00650521, 2.34763e-05
-3230.82, 0.00320768, 0.000815028
-1670.54, 0.0065306, 0.00040383
-1671.21, 0.0065306, 0.000404234
-4452.41, 0.00320768, 0.00360125
-3529.83, 0.00834338, 0.00269375
-3531.14, 0.00834338, 0.00269645
-989.058, 0.383814, 0.00084329
-1852.83, 0.00320447, 0.000251773
-1853.65, 0.00320447, 0.000252024
-1188.45, 0.00651739, 0.000124368
-2168.57, 0.00320447, 0.000353243
-2169.62, 0.00320447, 0.000353597
-1276.61, 0.00652042, 0.000174573
-1556.3, 0.00320447, 0.000164147
-1556.87, 0.00320447, 0.000164312
-1112.7, 0.0065149, 8.10527e-05
-4350.81, 0.00320447, 0.00231086
-4351.29, 0.00320447, 0.00231317
-2708.84, 0.00673395, 0.00118151
-980.131, 0.130663, 8.07407e-05
-980.137, 0.130663, 8.08215e-05
-1957.55, 0.00320768, 0.000284641
-1217.29, 0.00651171, 0.000140622
-1217.54, 0.00651171, 0.000140763
-3084.65, 0.000687132, 0.00423524
-974.149, 0.000361426, 0.00912109
-974.149, 0.000361426, 0.00913021
-4504.62, 0.000687132, 0.00143881
-1890.9, 0.000436158, 0.00350806
-1885.38, 0.000436158, 0.00351157
-974.149, 7.11591e-05, 0.123971
-1756.65, 0.000686446, 4.75199e-05
-1757.4, 0.000686446, 4.75675e-05
-1163.6, 0.00139405, 2.34385e-05
-4514.69, 0.000686446, 0.000815028
-4514.76, 0.000686446, 0.000815843
-3431, 0.0015012, 0.000436726
-985.473, 0.034166, 3.60045e-05
-985.484, 0.034166, 3.60405e-05
-3774.36, 0.000687132, 0.00360125
-974.152, 0.000366485, 0.00784473
-974.151, 0.000366485, 0.00785258
-3750.53, 0.000687132, 0.000251773
-1964.76, 0.00139577, 0.000124461
-1965.68, 0.00139577, 0.000124586
-4138.85, 0.000687132, 0.000353243
-2310.13, 0.0013984, 0.000174955
-2311.27, 0.0013984, 0.00017513
-978.9, 0.0241082, 1.05277e-05
-3157.62, 0.000686446, 0.000164147
-3159.03, 0.000686446, 0.000164312
-1634.18, 0.00139564, 8.10556e-05
-4401.25, 0.000686446, 0.00231086
-4400.78, 0.000686446, 0.00231317
-979.753, 0.000387337, 0.00524361
-3905.54, 0.000686446, 0.000284641
-3906.73, 0.000686446, 0.000284926
-2080.05, 0.00139789, 0.000140783
-974.228, 0.00023114, 0.00423524
-974.227, 0.00023114, 0.00423948
-974.149, 0.000115703, 0.00870921
-3837.71, 0.00023114, 0.00143881
-3834.18, 0.00023114, 0.00144025
-974.149, 0.000121879, 0.00309989
-2946.94, 0.00023114, 4.75199e-05
-2948.34, 0.00023114, 4.75675e-05
-1544, 0.000469607, 2.34486e-05
-4488.01, 0.00023114, 0.000815028
-4487.81, 0.00023114, 0.000815843
-982.713, 0.000129482, 0.00183995
-975.373, 0.00023114, 0.00360125
-975.354, 0.00023114, 0.00360485
-974.149, 0.000116245, 0.00743864
-4517.12, 0.00023114, 0.000251773
-4517.25, 0.00023114, 0.000252024
-3303.18, 0.000477907, 0.000126494
-984.383, 0.00869053, 8.05952e-06
-984.393, 0.00869053, 8.06758e-06
-4536.03, 0.000231371, 0.000353243
-3849.53, 0.000559703, 0.000221494
-3850.77, 0.000559703, 0.000221716
-993.502, 0.019263, 3.42388e-05
-974.152, 0.942446, 4.39126e-06
-974.152, 0.942446, 4.39565e-06
-4385.8, 0.000231371, 0.000164147
-2708.95, 0.000471026, 8.13267e-05
-2710.28, 0.000471026, 8.14081e-05
-980.81, 0.00813131, 4.90039e-06
-1272.84, 0.00023114, 0.00231086
-1270.09, 0.00023114, 0.00231317
-974.149, 0.000118213, 0.00484812
-4528.73, 0.00023114, 0.000284641
-4528.79, 0.00023114, 0.000284926
-3477.85, 0.000483145, 0.000144686
-985.754, 0.00917739, 9.65936e-06
-985.766, 0.00917739, 9.66902e-06
-1046.97, 0.000386644, 0.00423524
-974.149, 0.000196509, 0.00885101
-974.149, 0.000196509, 0.00885987
-4429.09, 0.000386644, 0.00143881
-976.366, 0.00021444, 0.00322952
-976.333, 0.00021444, 0.00323275
-2292.37, 0.000386644, 4.75199e-05
-1314.96, 0.000783745, 2.34417e-05
-1315.31, 0.000783745, 2.34651e-05
-4522.65, 0.000386644, 0.000815028
-2293.59, 0.00024557, 0.00198778
-2286.81, 0.00024557, 0.00198977
-974.149, 4.0161e-05, 0.0703314
-1319.91, 0.000386257, 0.00360125
-1316.98, 0.000386257, 0.00360485
-974.149, 0.000198229, 0.00757891
-4333.48, 0.000386257, 0.000251773
-4334.13, 0.000386257, 0.000252024
-2595.43, 0.000782526, 0.000123884
-980.238, 0.0131165, 7.26165e-06
-980.244, 0.0131165, 7.26892e-06
-4481.36, 0.000386644, 0.000353243
-3054.52, 0.000793875, 0.000176553
-3055.93, 0.000793875, 0.00017673
-982.679, 0.0141804, 1.10174e-05
-3937.4, 0.000386257, 0.000164147
-3938.58, 0.000386257, 0.000164312
-2105.64, 0.000786046, 8.11314e-05
-3670.64, 0.000386257, 0.00231086
-3666.69, 0.000386257, 0.00231317
-974.149, 0.000204201, 0.00498943
-4402.97, 0.000386257, 0.000284641
-4403.46, 0.000386257, 0.000284926
-2755.71, 0.000789558, 0.000141324
-981.029, 0.0137165, 8.58783e-06
-981.036, 0.0137165, 8.59642e-06
-3180.19, 0.000702395, 0.00423524
-974.149, 0.000370252, 0.00913751
-974.149, 0.000370252, 0.00914665
-4505.54, 0.000702395, 0.00143881
-2018.05, 0.000449641, 0.00352304
-2012.22, 0.000449641, 0.00352657
-974.149, 7.5888e-05, 0.126641
-1740.25, 0.000701693, 4.75199e-05
-1740.97, 0.000701693, 4.75675e-05
-1159.33, 0.00142501, 2.34383e-05
-4512.71, 0.000701693, 0.000815028
-4512.79, 0.000701693, 0.000815843
-3398.25, 0.001527, 0.000434062
-985.163, 0.0340754, 3.49196e-05
-985.174, 0.0340754, 3.49545e-05
-3828.37, 0.000702395, 0.00360125
-974.153, 0.000375505, 0.00785952
-974.153, 0.000375505, 0.00786739
-3721.66, 0.000702395, 0.000251773
-1944.9, 0.0014267, 0.000124455
-1945.78, 0.0014267, 0.00012458
-4117.3, 0.000702395, 0.000353243
-2285.38, 0.0014293, 0.000174935
-2286.5, 0.0014293, 0.00017511
-978.794, 0.0246296, 1.05216e-05
-3126.41, 0.000701693, 0.000164147
-3127.83, 0.000701693, 0.000164312
-1620.09, 0.00142662, 8.10543e-05
-4408.22, 0.000701693, 0.00231086
-4407.78, 0.000701693, 0.00231317
-981.58, 0.000397389, 0.00525696
-3878.83, 0.000701693, 0.000284641
-3880.05, 0.000701693, 0.000284926
-2058.51, 0.00142884, 0.000140773
