-180842, 0.1001, 0.01
-136195, 0.10001, 0.00367879
-136221, 0.10001, 0.00368248
-193786, 0.1001, 0.0121153
-141852, 0.100009, 0.00445696
-141885, 0.100009, 0.00446142
-207777, 0.1001, 0.014678
-148807, 0.100009, 0.00539973
-148847, 0.100009, 0.00540513
-222427, 0.1001, 0.0177828
-157172, 0.100009, 0.00654192
-157220, 0.100009, 0.00654847
-237204, 0.1001, 0.0215443
-167018, 0.100009, 0.00792572
-167073, 0.100009, 0.00793365
-251455, 0.1001, 0.0261016
-178333, 0.100009, 0.00960223
-178397, 0.100009, 0.00961184
-264408, 0.1001, 0.0316228
-191018, 0.100011, 0.0116334
-191089, 0.100011, 0.011645
-117011, 0.100153, 0.000213073
-275316, 0.1, 0.0383119
-275365, 0.1, 0.0383502
-204732, 0.100114, 0.0140941
-117115, 0.100069, 0.000258143
-117116, 0.100069, 0.000258402
-283051, 0.1001, 0.0464159
-219373, 0.100021, 0.0170755
-219450, 0.100021, 0.0170925
-117257, 0.100204, 0.000312748
-287235, 0.1, 0.0562341
-287246, 0.1, 0.0562904
-234035, 0.100163, 0.0206874
-117452, 0.100317, 0.000378903
-117453, 0.100317, 0.000379282
-287120, 0.1001, 0.0681292
-210918, 0.26996, 0.0766047
-210951, 0.26996, 0.0766813
-93520.9, 14.3525, 0.122446
-282812, 0.1, 0.0825404
-282778, 0.1, 0.082623
-215355, 0.271022, 0.090224
-92432.8, 14.5497, 0.128808
-92409.1, 14.5497, 0.128937
-274291, 0.1001, 0.1
-218503, 0.27133, 0.106242
-218517, 0.27133, 0.106348
-91302.1, 14.7205, 0.135354
-261861, 0.1, 0.121153
-261786, 0.1, 0.121274
-199446, 0.0368248, 0.12116
-116761, 0.000673795, 0.121189
-116761, 0.000673795, 0.12131
-245661, 0.1001, 0.14678
-165953, 0.0367879, 0.14678
-165795, 0.0367879, 0.146927
-116761, 0.000674469, 0.146781
-243574, 0.1, 0.15
-243670, 0.1, 0.14985
-162696, 0.0368248, 0.15
-116761, 0.000673795, 0.15
-116761, 0.000673795, 0.14985
-243598, 0.1001, 0.15
-162582, 0.0367879, 0.15
-162735, 0.0367879, 0.14985
-116761, 0.000674469, 0.15
-243574, 0.1, 0.15
-243670, 0.1, 0.14985
-162696, 0.0368248, 0.15
-116761, 0.000673795, 0.15
-116761, 0.000673795, 0.14985
-243598, 0.1001, 0.15
-162582, 0.0367879, 0.15
-162735, 0.0367879, 0.14985
-116761, 0.000674469, 0.15
-243574, 0.1, 0.15
-243670, 0.1, 0.14985
-162696, 0.0368248, 0.15
-116761, 0.000673795, 0.15
-116761, 0.000673795, 0.14985
-243598, 0.1001, 0.15
-162582, 0.0367879, 0.15
-162735, 0.0367879, 0.14985
-116761, 0.000674469, 0.15
-243574, 0.1, 0.15
-243670, 0.1, 0.14985
-162696, 0.0368248, 0.15
-116761, 0.000673795, 0.15
-116761, 0.000673795, 0.14985
-243598, 0.1001, 0.15
-162582, 0.0367879, 0.15
-162735, 0.0367879, 0.14985
-116761, 0.000674469, 0.15
-243574, 0.1, 0.15
-243670, 0.1, 0.14985
-162696, 0.0368248, 0.15
-116761, 0.000673795, 0.15
-116761, 0.000673795, 0.14985
-243598, 0.1001, 0.15
-162582, 0.0367879, 0.15
-162735, 0.0367879, 0.14985
-116761, 0.000674469, 0.15
-129207, 0.304167, 0.01
-129224, 0.304167, 0.01001
-119707, 0.304572, 0.00367879
-132789, 0.304167, 0.0121153
-132810, 0.304167, 0.0121274
-120666, 0.304554, 0.00445696
-137168, 0.304167, 0.014678
-137194, 0.304167, 0.0146927
-121949, 0.304538, 0.00539973
-142409, 0.304167, 0.0177828
-142439, 0.304167, 0.0178006
-123623, 0.304529, 0.00654192
-148515, 0.304167, 0.0215443
-148549, 0.304167, 0.0215659
-125780, 0.304521, 0.00792572
-155452, 0.304167, 0.0261016
-155491, 0.304167, 0.0261277
-128517, 0.304515, 0.00960223
-163091, 0.304167, 0.0316228
-163132, 0.304167, 0.0316544
-131941, 0.304512, 0.0116334
-171255, 0.304167, 0.0383119
-171298, 0.304167, 0.0383502
-136140, 0.30451, 0.0140941
-179631, 0.304167, 0.0464159
-179675, 0.304167, 0.0464623
-141174, 0.304509, 0.0170755
-187871, 0.304167, 0.0562341
-187914, 0.304167, 0.0562904
-147088, 0.304511, 0.0206874
-195539, 0.304167, 0.0681292
-195577, 0.304167, 0.0681974
-153854, 0.304515, 0.0250633
-116864, 0.304388, 0.000459051
-116864, 0.304388, 0.00045951
-202076, 0.304471, 0.0825404
-161412, 0.304222, 0.0303649
-161452, 0.304222, 0.0303953
-116907, 0.30475, 0.000556153
-207266, 0.304167, 0.1
-207288, 0.304167, 0.1001
-169403, 0.304548, 0.0367879
-116969, 0.304552, 0.000673795
-116969, 0.304552, 0.000674469
-210282, 0.304471, 0.121153
-177814, 0.304335, 0.0445696
-177858, 0.304335, 0.0446142
-117052, 0.305312, 0.000816322
-211087, 0.304167, 0.14678
-211084, 0.304167, 0.146927
-129273, 0.827632, 0.147353
-97117.9, 45.1406, 0.149666
-97092.8, 45.1406, 0.149816
-210931, 0.304471, 0.15
-129439, 0.826811, 0.15
-129434, 0.826811, 0.14985
-97073.2, 45.1875, 0.15
-211006, 0.304167, 0.15
-211010, 0.304167, 0.14985
-129368, 0.827638, 0.15
-97062.4, 45.1423, 0.15
-97087.5, 45.1423, 0.14985
-210931, 0.304471, 0.15
-129439, 0.826811, 0.15
-129434, 0.826811, 0.14985
-97073.2, 45.1875, 0.15
-211006, 0.304167, 0.15
-211010, 0.304167, 0.14985
-129368, 0.827638, 0.15
-97062.4, 45.1423, 0.15
-97087.5, 45.1423, 0.14985
-210931, 0.304471, 0.15
-129439, 0.826811, 0.15
-129434, 0.826811, 0.14985
-97073.2, 45.1875, 0.15
-211006, 0.304167, 0.15
-211010, 0.304167, 0.14985
-129368, 0.827638, 0.15
-97062.4, 45.1423, 0.15
-97087.5, 45.1423, 0.14985
-210931, 0.304471, 0.15
-129439, 0.826811, 0.15
-129434, 0.826811, 0.14985
-97073.2, 45.1875, 0.15
-211006, 0.304167, 0.15
-211010, 0.304167, 0.14985
-129368, 0.827638, 0.15
-97062.4, 45.1423, 0.15
-97087.5, 45.1423, 0.14985
-210931, 0.304471, 0.15
-129439, 0.826811, 0.15
-129434, 0.826811, 0.14985
-97073.2, 45.1875, 0.15
-211006, 0.304167, 0.15
-211010, 0.304167, 0.14985
-129368, 0.827638, 0.15
-97062.4, 45.1423, 0.15
-97087.5, 45.1423, 0.14985
-120949, 0.508842, 0.01
-117714, 0.508755, 0.0036788
-117715, 0.508755, 0.00368248
-122252, 0.508842, 0.0121153
-118030, 0.508667, 0.00445696
-118032, 0.508667, 0.00446142
-123903, 0.508842, 0.014678
-118450, 0.5086, 0.00539973
-118453, 0.5086, 0.00540513
-125962, 0.508842, 0.0177828
-119014, 0.50855, 0.00654192
-119017, 0.50855, 0.00654847
-128478, 0.508842, 0.0215443
-119757, 0.508512, 0.00792572
-119762, 0.508512, 0.00793365
-131481, 0.508842, 0.0261016
-120716, 0.508486, 0.00960223
-120721, 0.508486, 0.00961184
-134988, 0.508842, 0.0316228
-121957, 0.508465, 0.0116334
-121964, 0.508465, 0.011645
-138959, 0.508842, 0.0383119
-123534, 0.508453, 0.0140941
-123544, 0.508453, 0.0141083
-143330, 0.508842, 0.0464159
-125506, 0.508444, 0.0170755
-125518, 0.508444, 0.0170925
-147977, 0.508842, 0.0562341
-127925, 0.508438, 0.0206874
-127939, 0.508438, 0.0207081
-152728, 0.508842, 0.0681292
-130831, 0.508438, 0.0250633
-130848, 0.508438, 0.0250884
-157368, 0.508842, 0.0825404
-134232, 0.508443, 0.0303649
-134251, 0.508443, 0.0303953
-161651, 0.508842, 0.1
-138117, 0.508455, 0.0367879
-138138, 0.508455, 0.0368248
-116817, 0.509449, 0.000673795
-165399, 0.508333, 0.121153
-165416, 0.508333, 0.121274
-142360, 0.508994, 0.0445696
-116842, 0.509095, 0.000816321
-116842, 0.509095, 0.000817138
-168084, 0.508842, 0.14678
-147016, 0.508551, 0.0539973
-147040, 0.508551, 0.0540513
-116876, 0.50993, 0.000988996
-168416, 0.508333, 0.15
-168405, 0.508333, 0.14985
-147480, 0.509079, 0.0551819
-116881, 0.509519, 0.00101069
-116881, 0.509519, 0.0010117
-168331, 0.508842, 0.15
-147544, 0.50857, 0.0551819
-147569, 0.50857, 0.0552371
-116880, 0.510029, 0.00101069
-168416, 0.508333, 0.15
-168405, 0.508333, 0.14985
-147480, 0.509079, 0.0551819
-116881, 0.509519, 0.00101069
-116881, 0.509519, 0.0010117
-168331, 0.508842, 0.15
-147544, 0.50857, 0.0551819
-147569, 0.50857, 0.0552371
-116880, 0.510029, 0.00101069
-168416, 0.508333, 0.15
-168405, 0.508333, 0.14985
-147480, 0.509079, 0.0551819
-116881, 0.509519, 0.00101069
-116881, 0.509519, 0.0010117
-168331, 0.508842, 0.15
-147544, 0.50857, 0.0551819
-147569, 0.50857, 0.0552371
-116880, 0.510029, 0.00101069
-168416, 0.508333, 0.15
-168405, 0.508333, 0.14985
-147480, 0.509079, 0.0551819
-116881, 0.509519, 0.00101069
-116881, 0.509519, 0.0010117
-168331, 0.508842, 0.15
-147544, 0.50857, 0.0551819
-147569, 0.50857, 0.0552371
-116880, 0.510029, 0.00101069
-168416, 0.508333, 0.15
-168405, 0.508333, 0.14985
-147480, 0.509079, 0.0551819
-116881, 0.509519, 0.00101069
-116881, 0.509519, 0.0010117
-168331, 0.508842, 0.15
-147544, 0.50857, 0.0551819
-147569, 0.50857, 0.0552371
-116880, 0.510029, 0.00101069
-118241, 0.7125, 0.01
-118243, 0.7125, 0.01001
-117087, 0.714757, 0.0036788
-118718, 0.7125, 0.0121153
-118721, 0.7125, 0.0121274
-117197, 0.714428, 0.00445697
-119332, 0.7125, 0.014678
-119336, 0.7125, 0.0146927
-117354, 0.714161, 0.00539974
-120111, 0.7125, 0.0177828
-120115, 0.7125, 0.0178006
-117543, 0.713956, 0.00654193
-121085, 0.7125, 0.0215443
-121091, 0.7125, 0.0215659
-117806, 0.71381, 0.00792573
-122280, 0.7125, 0.0261016
-122286, 0.7125, 0.0261277
-118146, 0.713703, 0.00960223
-123713, 0.7125, 0.0316228
-123721, 0.7125, 0.0316544
-118599, 0.713624, 0.0116334
-125395, 0.7125, 0.0383119
-125404, 0.7125, 0.0383502
-119177, 0.713571, 0.0140942
-127310, 0.7125, 0.0464159
-127320, 0.7125, 0.0464623
-119914, 0.71353, 0.0170755
-129428, 0.7125, 0.0562341
-129440, 0.7125, 0.0562904
-120839, 0.713509, 0.0206874
-131694, 0.7125, 0.0681292
-131706, 0.7125, 0.0681974
-121979, 0.713497, 0.0250633
-134028, 0.7125, 0.0825404
-134040, 0.7125, 0.082623
-123355, 0.713495, 0.0303649
-136330, 0.7125, 0.1
-136342, 0.7125, 0.1001
-124974, 0.713496, 0.0367879
-138480, 0.7125, 0.121153
-138491, 0.7125, 0.121274
-126832, 0.713532, 0.0445696
-116786, 0.714093, 0.000816321
-116786, 0.714093, 0.000817138
-140273, 0.713213, 0.14678
-128940, 0.712883, 0.0539973
-128951, 0.712883, 0.0540513
-116796, 0.715134, 0.000988996
-140538, 0.7125, 0.15
-140530, 0.7125, 0.14985
-129142, 0.713609, 0.0551819
-116798, 0.714479, 0.00101069
-116798, 0.714479, 0.0010117
-140461, 0.713213, 0.15
-129188, 0.712895, 0.0551819
-129199, 0.712895, 0.0552371
-116798, 0.715194, 0.00101069
-140538, 0.7125, 0.15
-140530, 0.7125, 0.14985
-129142, 0.713609, 0.0551819
-116798, 0.714479, 0.00101069
-116798, 0.714479, 0.0010117
-140461, 0.713213, 0.15
-129188, 0.712895, 0.0551819
-129199, 0.712895, 0.0552371
-116798, 0.715194, 0.00101069
-140538, 0.7125, 0.15
-140530, 0.7125, 0.14985
-129142, 0.713609, 0.0551819
-116798, 0.714479, 0.00101069
-116798, 0.714479, 0.0010117
-140461, 0.713213, 0.15
-129188, 0.712895, 0.0551819
-129199, 0.712895, 0.0552371
-116798, 0.715194, 0.00101069
-140538, 0.7125, 0.15
-140530, 0.7125, 0.14985
-129142, 0.713609, 0.0551819
-116798, 0.714479, 0.00101069
-116798, 0.714479, 0.0010117
-140461, 0.713213, 0.15
-129188, 0.712895, 0.0551819
-129199, 0.712895, 0.0552371
-116798, 0.715194, 0.00101069
-140538, 0.7125, 0.15
-140530, 0.7125, 0.14985
-129142, 0.713609, 0.0551819
-116798, 0.714479, 0.00101069
-116798, 0.714479, 0.0010117
-140461, 0.713213, 0.15
-129188, 0.712895, 0.0551819
-129199, 0.712895, 0.0552371
-116798, 0.715194, 0.00101069
-117054, 0.916667, 0.01
-117055, 0.916667, 0.01001
-116821, 0.926756, 0.00367898
-117150, 0.916667, 0.0121153
-117150, 0.916667, 0.0121274
-116839, 0.924975, 0.0044571
-117275, 0.916667, 0.014678
-117276, 0.916667, 0.0146927
-116866, 0.923465, 0.00539984
-117434, 0.916667, 0.0177828
-117435, 0.916667, 0.0178006
-116906, 0.921906, 0.006542
-117636, 0.916667, 0.0215443
-117638, 0.916667, 0.0215659
-116957, 0.921045, 0.00792578
-117888, 0.916667, 0.0261016
-117890, 0.916667, 0.0261277
-117023, 0.92041, 0.00960228
-118197, 0.916667, 0.0316228
-118198, 0.916667, 0.0316544
-117112, 0.919916, 0.0116334
-118565, 0.916667, 0.0383119
-118567, 0.916667, 0.0383502
-117227, 0.919553, 0.0140942
-118995, 0.916667, 0.0464159
-118998, 0.916667, 0.0464623
-117374, 0.919305, 0.0170755
-119483, 0.916667, 0.0562341
-119485, 0.916667, 0.0562904
-117562, 0.919107, 0.0206874
-120020, 0.916667, 0.0681292
-120022, 0.916667, 0.0681974
-117797, 0.919003, 0.0250634
-120591, 0.916667, 0.0825404
-120594, 0.916667, 0.082623
-118085, 0.918939, 0.030365
-121175, 0.916667, 0.1
-121178, 0.916667, 0.1001
-118430, 0.918922, 0.036788
-121747, 0.916667, 0.121153
-121750, 0.916667, 0.121274
-118833, 0.918971, 0.0445697
-122278, 0.916667, 0.14678
-122281, 0.916667, 0.146927
-119289, 0.919129, 0.0539974
-116766, 0.924411, 0.000989002
-116766, 0.924411, 0.000989992
-122268, 0.917584, 0.15
-119374, 0.918297, 0.055182
-119376, 0.918297, 0.0552372
-116767, 0.925771, 0.0010107
-122334, 0.916667, 0.15
-122332, 0.916667, 0.14985
-119341, 0.919215, 0.055182
-116767, 0.924846, 0.0010107
-116767, 0.924846, 0.00101171
-122268, 0.917584, 0.15
-119374, 0.918297, 0.055182
-119376, 0.918297, 0.0552372
-116767, 0.925771, 0.0010107
-122334, 0.916667, 0.15
-122332, 0.916667, 0.14985
-119341, 0.919215, 0.055182
-116767, 0.924846, 0.0010107
-116767, 0.924846, 0.00101171
-122268, 0.917584, 0.15
-119374, 0.918297, 0.055182
-119376, 0.918297, 0.0552372
-116767, 0.925771, 0.0010107
-122334, 0.916667, 0.15
-122332, 0.916667, 0.14985
-119341, 0.919215, 0.055182
-116767, 0.924846, 0.0010107
-116767, 0.924846, 0.00101171
-122268, 0.917584, 0.15
-119374, 0.918297, 0.055182
-119376, 0.918297, 0.0552372
-116767, 0.925771, 0.0010107
-122334, 0.916667, 0.15
-122332, 0.916667, 0.14985
-119341, 0.919215, 0.055182
-116767, 0.924846, 0.0010107
-116767, 0.924846, 0.00101171
-122268, 0.917584, 0.15
-119374, 0.918297, 0.055182
-119376, 0.918297, 0.0552372
-116767, 0.925771, 0.0010107
-122334, 0.916667, 0.15
-122332, 0.916667, 0.14985
-119341, 0.919215, 0.055182
-116767, 0.924846, 0.0010107
-116767, 0.924846, 0.00101171
-116444, 1.12195, 0.01
-114206, 2.60763, 0.0170875
-114202, 2.60763, 0.0171046
-103018, 76.472, 0.145676
-102840, 80, 0.15
-102860, 80, 0.14985
-116341, 1.12195, 0.0121153
-113470, 2.65252, 0.0201323
-113465, 2.65252, 0.0201525
-116205, 1.12195, 0.014678
-112641, 2.6974, 0.0236797
-112636, 2.6974, 0.0237033
-116028, 1.12195, 0.0177828
-111610, 2.74185, 0.027804
-111603, 2.74185, 0.0278319
-115805, 1.12195, 0.0215443
-110294, 2.78541, 0.0325902
-110285, 2.78541, 0.0326228
-115523, 1.12195, 0.0261016
-108801, 2.82757, 0.0381346
-108791, 2.82757, 0.0381728
-115174, 1.12195, 0.0316228
-106966, 2.86775, 0.0445472
-106953, 2.86775, 0.0445917
-114750, 1.12195, 0.0383119
-104868, 2.90535, 0.051954
-104854, 2.90535, 0.052006
-114248, 1.12195, 0.0464159
-102417, 2.93973, 0.0605006
-102400, 2.93973, 0.0605611
-113668, 1.12195, 0.0562341
-99644, 2.97027, 0.0703554
-99624.3, 2.97027, 0.0704258
-113018, 1.12195, 0.0681292
-96551.7, 2.99637, 0.0817154
-96529.9, 2.99637, 0.0817972
-112310, 1.12195, 0.0825404
-93142.2, 3.01747, 0.0948122
-93118.3, 3.01747, 0.0949071
-111567, 1.12195, 0.1
-89447.1, 3.03311, 0.109919
-89421.3, 3.03311, 0.110029
-110817, 1.12195, 0.121153
-85501.9, 3.04294, 0.127362
-85474.4, 3.04294, 0.127489
-110092, 1.12195, 0.14678
-81361.6, 3.0467, 0.147528
-81332.8, 3.0467, 0.147676
-110013, 1.12195, 0.15
-80881.6, 3.04674, 0.15
-80910.5, 3.04674, 0.14985
-110013, 1.12195, 0.15
-80881.6, 3.04674, 0.15
-80910.5, 3.04674, 0.14985
-110013, 1.12195, 0.15
-80881.6, 3.04674, 0.15
-80910.5, 3.04674, 0.14985
-110013, 1.12195, 0.15
-80881.6, 3.04674, 0.15
-80910.5, 3.04674, 0.14985
-110013, 1.12195, 0.15
-80881.6, 3.04674, 0.15
-80910.5, 3.04674, 0.14985
-110013, 1.12195, 0.15
-80881.6, 3.04674, 0.15
-80910.5, 3.04674, 0.14985
-110013, 1.12195, 0.15
-80881.6, 3.04674, 0.15
-80910.5, 3.04674, 0.14985
-110013, 1.12195, 0.15
-80881.6, 3.04674, 0.15
-80910.5, 3.04674, 0.14985
-110013, 1.12195, 0.15
-80881.6, 3.04674, 0.15
-80910.5, 3.04674, 0.14985
-110013, 1.12195, 0.15
-80881.6, 3.04674, 0.15
-80910.5, 3.04674, 0.14985
-116097, 1.32633, 0.01
-114144, 3.05222, 0.0173512
-114140, 3.05222, 0.0173685
-102831, 79.92, 0.15
-115891, 1.325, 0.0121153
-115890, 1.325, 0.0121274
-113426, 3.11038, 0.0204394
-102840, 80, 0.15
-102860, 80, 0.14985
-115604, 1.32633, 0.014678
-112499, 3.16255, 0.0240337
-112492, 3.16255, 0.0240578
-115239, 1.32633, 0.0177828
-111468, 3.21756, 0.0282078
-111461, 3.21756, 0.028236
-114761, 1.32633, 0.0215443
-110203, 3.2717, 0.0330447
-110193, 3.2717, 0.0330778
-114161, 1.32633, 0.0261016
-108605, 3.32433, 0.0386386
-108594, 3.32433, 0.0386773
-113411, 1.32633, 0.0316228
-106811, 3.3747, 0.0450964
-106798, 3.3747, 0.0451415
-112494, 1.32633, 0.0383119
-104643, 3.42203, 0.0525398
-104628, 3.42203, 0.0525924
-111393, 1.32633, 0.0464159
-102190, 3.46548, 0.0611093
-102172, 3.46548, 0.0611704
-110105, 1.32633, 0.0562341
-99354.5, 3.5042, 0.0709671
-99335, 3.5042, 0.0710381
-108640, 1.32633, 0.0681292
-96210.9, 3.53739, 0.0823027
-96188.1, 3.53739, 0.082385
-107019, 1.32633, 0.0825404
-92733.8, 3.5643, 0.095339
-92708.9, 3.5643, 0.0954344
-105284, 1.32633, 0.1
-88943.8, 3.58429, 0.11034
-88916.7, 3.58429, 0.110451
-103492, 1.32633, 0.121153
-84876.8, 3.59685, 0.127621
-84847.9, 3.59685, 0.127749
-101716, 1.32633, 0.14678
-80578.5, 3.60167, 0.147559
-80548.2, 3.60167, 0.147706
-101520, 1.32633, 0.15
-80079.4, 3.60172, 0.15
-80109.9, 3.60172, 0.14985
-101520, 1.32633, 0.15
-80079.4, 3.60172, 0.15
-80109.9, 3.60172, 0.14985
-101520, 1.32633, 0.15
-80079.4, 3.60172, 0.15
-80109.9, 3.60172, 0.14985
-101520, 1.32633, 0.15
-80079.4, 3.60172, 0.15
-80109.9, 3.60172, 0.14985
-101520, 1.32633, 0.15
-80079.4, 3.60172, 0.15
-80109.9, 3.60172, 0.14985
-101520, 1.32633, 0.15
-80079.4, 3.60172, 0.15
-80109.9, 3.60172, 0.14985
-101520, 1.32633, 0.15
-80079.4, 3.60172, 0.15
-80109.9, 3.60172, 0.14985
-101520, 1.32633, 0.15
-80079.4, 3.60172, 0.15
-80109.9, 3.60172, 0.14985
-101520, 1.32633, 0.15
-80079.4, 3.60172, 0.15
-80109.9, 3.60172, 0.14985
-101520, 1.32633, 0.15
-80079.4, 3.60172, 0.15
-80109.9, 3.60172, 0.14985
-115903, 1.5307, 0.01
-114093, 3.49031, 0.01759
-114090, 3.49031, 0.0176076
-102831, 79.92, 0.15
-115601, 1.52917, 0.0121153
-115600, 1.52917, 0.0121274
-113411, 3.55939, 0.0207184
-102840, 80, 0.15
-102860, 80, 0.14985
-115251, 1.5307, 0.014678
-112514, 3.62188, 0.0243564
-112507, 3.62188, 0.0243808
-114754, 1.5307, 0.0177828
-111373, 3.68787, 0.0285769
-111365, 3.68787, 0.0286055
-114139, 1.5307, 0.0215443
-110148, 3.75311, 0.0334614
-110139, 3.75311, 0.0334949
-113337, 1.5307, 0.0261016
-108621, 3.81677, 0.0391019
-108610, 3.81677, 0.039141
-112331, 1.5307, 0.0316228
-106727, 3.87795, 0.0456023
-106713, 3.87795, 0.0456479
-111091, 1.5307, 0.0383119
-104645, 3.93564, 0.0530806
-104630, 3.93564, 0.0531337
-109592, 1.5307, 0.0464159
-102144, 3.9888, 0.0616721
-102126, 3.9888, 0.0617338
-107822, 1.5307, 0.0562341
-99363.4, 4.03634, 0.0715333
-99343, 4.03634, 0.0716048
-105785, 1.5307, 0.0681292
-96186.9, 4.0772, 0.0828466
-96164.6, 4.0772, 0.0829295
-103502, 1.5307, 0.0825404
-92707.6, 4.1104, 0.0958271
-92682, 4.1104, 0.095923
-101026, 1.5307, 0.1
-88908.8, 4.13511, 0.11073
-88881.1, 4.13511, 0.110841
-98425.9, 1.5307, 0.121153
-84812.8, 4.15067, 0.127861
-84783.2, 4.15067, 0.127989
-95798.3, 1.5307, 0.14678
-80460, 4.15664, 0.147587
-80428.7, 4.15664, 0.147735
-95501.6, 1.5307, 0.15
-79952.7, 4.15671, 0.15
-79983.8, 4.15671, 0.14985
-95501.6, 1.5307, 0.15
-79952.7, 4.15671, 0.15
-79983.8, 4.15671, 0.14985
-95501.6, 1.5307, 0.15
-79952.7, 4.15671, 0.15
-79983.8, 4.15671, 0.14985
-95501.6, 1.5307, 0.15
-79952.7, 4.15671, 0.15
-79983.8, 4.15671, 0.14985
-95501.6, 1.5307, 0.15
-79952.7, 4.15671, 0.15
-79983.8, 4.15671, 0.14985
-95501.6, 1.5307, 0.15
-79952.7, 4.15671, 0.15
-79983.8, 4.15671, 0.14985
-95501.6, 1.5307, 0.15
-79952.7, 4.15671, 0.15
-79983.8, 4.15671, 0.14985
-95501.6, 1.5307, 0.15
-79952.7, 4.15671, 0.15
-79983.8, 4.15671, 0.14985
-95501.6, 1.5307, 0.15
-79952.7, 4.15671, 0.15
-79983.8, 4.15671, 0.14985
-95501.6, 1.5307, 0.15
-79952.7, 4.15671, 0.15
-79983.8, 4.15671, 0.14985
-115783, 1.73507, 0.01
-114031, 3.92239, 0.0178092
-114028, 3.92239, 0.017827
-102831, 79.92, 0.15
-115449, 1.73333, 0.0121153
-115447, 1.73333, 0.0121274
-113395, 4.00263, 0.0209752
-102840, 80, 0.15
-102860, 80, 0.14985
-115014, 1.73507, 0.014678
-112540, 4.07577, 0.0246544
-112534, 4.07577, 0.0246791
-102831, 79.92, 0.15
-114475, 1.73333, 0.0177828
-114471, 1.73333, 0.0178006
-111438, 4.15728, 0.0289187
-113740, 1.73333, 0.0215443
-113736, 1.73333, 0.0215659
-110059, 4.23413, 0.0338483
-112820, 1.73333, 0.0261016
-112815, 1.73333, 0.0261277
-108644, 4.30941, 0.0395332
-111655, 1.73333, 0.0316228
-111648, 1.73333, 0.0316544
-106833, 4.38203, 0.0460744
-110202, 1.73333, 0.0383119
-110193, 1.73333, 0.0383502
-104634, 4.45076, 0.0535862
-108433, 1.73333, 0.0464159
-108423, 1.73333, 0.0464623
-102273, 4.5143, 0.0621992
-106330, 1.73333, 0.0562341
-106318, 1.73333, 0.0562904
-99439.5, 4.5713, 0.0720641
-103888, 1.73333, 0.0681292
-103875, 1.73333, 0.0681974
-96362.3, 4.62043, 0.0833568
-101130, 1.73333, 0.0825404
-101115, 1.73333, 0.082623
-92886.4, 4.66046, 0.096285
-98098.8, 1.73333, 0.1
-98082.4, 1.73333, 0.1001
-89099.4, 4.69029, 0.111096
-94877.1, 1.73333, 0.121153
-94860, 1.73333, 0.121274
-85033.5, 4.7091, 0.128086
-91571.2, 1.73333, 0.14678
-91553.7, 1.73333, 0.146927
-80691.6, 4.71633, 0.147614
-91196, 1.73333, 0.15
-91213.1, 1.73333, 0.14985
-80181.2, 4.7164, 0.15
-91196, 1.73333, 0.15
-91213.1, 1.73333, 0.14985
-80181.2, 4.7164, 0.15
-91196, 1.73333, 0.15
-91213.1, 1.73333, 0.14985
-80181.2, 4.7164, 0.15
-91196, 1.73333, 0.15
-91213.1, 1.73333, 0.14985
-80181.2, 4.7164, 0.15
-91196, 1.73333, 0.15
-91213.1, 1.73333, 0.14985
-80181.2, 4.7164, 0.15
-91196, 1.73333, 0.15
-91213.1, 1.73333, 0.14985
-80181.2, 4.7164, 0.15
-91196, 1.73333, 0.15
-91213.1, 1.73333, 0.14985
-80181.2, 4.7164, 0.15
-91196, 1.73333, 0.15
-91213.1, 1.73333, 0.14985
-80181.2, 4.7164, 0.15
-91196, 1.73333, 0.15
-91213.1, 1.73333, 0.14985
-80181.2, 4.7164, 0.15
-91196, 1.73333, 0.15
-91213.1, 1.73333, 0.14985
-80181.2, 4.7164, 0.15
-115701, 1.9375, 0.01
-115699, 1.9375, 0.01001
-113949, 4.35321, 0.0180124
-102840, 80, 0.15
-102860, 80, 0.14985
-115355, 1.93944, 0.0121153
-113363, 4.43602, 0.0212141
-113359, 4.43602, 0.0212353
-102831, 79.92, 0.15
-114867, 1.9375, 0.014678
-114864, 1.9375, 0.0146927
-112559, 4.52904, 0.0249324
-102840, 80, 0.15
-102860, 80, 0.14985
-114286, 1.93944, 0.0177828
-111502, 4.61358, 0.0292384
-111495, 4.61358, 0.0292676
-113494, 1.93944, 0.0215443
-110165, 4.70229, 0.0342112
-110156, 4.70229, 0.0342454
-112494, 1.93944, 0.0261016
-108623, 4.78951, 0.0399387
-108614, 4.78951, 0.0399787
-111202, 1.93944, 0.0316228
-106925, 4.87394, 0.0465192
-106912, 4.87394, 0.0465657
-109606, 1.93944, 0.0383119
-104805, 4.95413, 0.0540634
-104789, 4.95413, 0.0541175
-107653, 1.93944, 0.0464159
-102367, 5.02851, 0.0626974
-102350, 5.02851, 0.0627602
-105317, 1.93944, 0.0562341
-99671.7, 5.09544, 0.0725665
-99651.1, 5.09544, 0.0726391
-102579, 1.93944, 0.0681292
-96544, 5.15327, 0.0838401
-96522.2, 5.15327, 0.083924
-99461.2, 1.93944, 0.0825404
-93169.7, 5.2005, 0.0967188
-93144, 5.2005, 0.0968156
-96010.6, 1.93944, 0.1
-89438, 5.23576, 0.111442
-89410.6, 5.23576, 0.111554
-92297.9, 1.93944, 0.121153
-85391.6, 5.25802, 0.128299
-85362.4, 5.25802, 0.128427
-88443.7, 1.93944, 0.14678
-81086.5, 5.26658, 0.147639
-81055.6, 5.26658, 0.147786
-88001.5, 1.93944, 0.15
-80593.7, 5.26667, 0.15
-80625, 5.26667, 0.14985
-88001.5, 1.93944, 0.15
-80593.7, 5.26667, 0.15
-80625, 5.26667, 0.14985
-88001.5, 1.93944, 0.15
-80593.7, 5.26667, 0.15
-80625, 5.26667, 0.14985
-88001.5, 1.93944, 0.15
-80593.7, 5.26667, 0.15
-80625, 5.26667, 0.14985
-88001.5, 1.93944, 0.15
-80593.7, 5.26667, 0.15
-80625, 5.26667, 0.14985
-88001.5, 1.93944, 0.15
-80593.7, 5.26667, 0.15
-80625, 5.26667, 0.14985
-88001.5, 1.93944, 0.15
-80593.7, 5.26667, 0.15
-80625, 5.26667, 0.14985
-88001.5, 1.93944, 0.15
-80593.7, 5.26667, 0.15
-80625, 5.26667, 0.14985
-88001.5, 1.93944, 0.15
-80593.7, 5.26667, 0.15
-80625, 5.26667, 0.14985
-88001.5, 1.93944, 0.15
-80593.7, 5.26667, 0.15
-80625, 5.26667, 0.14985
-115633, 2.14381, 0.01
-113943, 4.77005, 0.0182024
-113939, 4.77005, 0.0182206
-102831, 79.92, 0.15
-115294, 2.14167, 0.0121153
-115292, 2.14167, 0.0121274
-113311, 4.87317, 0.021438
-102840, 80, 0.15
-102860, 80, 0.14985
-114797, 2.14381, 0.014678
-112560, 4.96838, 0.0251936
-112554, 4.96838, 0.0252188
-102831, 79.92, 0.15
-114143, 2.14167, 0.0177828
-114140, 2.14167, 0.0178006
-111558, 5.07453, 0.0295397
-113353, 2.14167, 0.0215443
-113348, 2.14167, 0.0215659
-110272, 5.17564, 0.034554
-112263, 2.14167, 0.0261016
-112257, 2.14167, 0.0261277
-108676, 5.2754, 0.0403227
-110932, 2.14167, 0.0316228
-110924, 2.14167, 0.0316544
-106978, 5.3723, 0.0469413
-109242, 2.14167, 0.0383119
-109232, 2.14167, 0.0383502
-104973, 5.46465, 0.0545172
-107159, 2.14167, 0.0464159
-107147, 2.14167, 0.0464623
-102535, 5.55057, 0.0631719
-104651, 2.14167, 0.0562341
-104636, 2.14167, 0.0562904
-99874.9, 5.6281, 0.0730455
-101702, 2.14167, 0.0681292
-101685, 2.14167, 0.0681974
-96848.5, 5.69528, 0.0843012
-98324, 2.14167, 0.0825404
-98305.4, 2.14167, 0.082623
-93488.3, 5.75026, 0.0971329
-94556.2, 2.14167, 0.1
-94535.7, 2.14167, 0.1001
-89806.3, 5.79139, 0.111773
-90476.1, 2.14167, 0.121153
-90454, 2.14167, 0.121274
-85859, 5.81737, 0.128502
-86190.8, 2.14167, 0.14678
-86167.9, 2.14167, 0.146927
-81613.8, 5.82737, 0.147662
-85696.7, 2.14167, 0.15
-85719.4, 2.14167, 0.14985
-81120.4, 5.82748, 0.15
-85696.7, 2.14167, 0.15
-85719.4, 2.14167, 0.14985
-81120.4, 5.82748, 0.15
-85696.7, 2.14167, 0.15
-85719.4, 2.14167, 0.14985
-81120.4, 5.82748, 0.15
-85696.7, 2.14167, 0.15
-85719.4, 2.14167, 0.14985
-81120.4, 5.82748, 0.15
-85696.7, 2.14167, 0.15
-85719.4, 2.14167, 0.14985
-81120.4, 5.82748, 0.15
-85696.7, 2.14167, 0.15
-85719.4, 2.14167, 0.14985
-81120.4, 5.82748, 0.15
-85696.7, 2.14167, 0.15
-85719.4, 2.14167, 0.14985
-81120.4, 5.82748, 0.15
-85696.7, 2.14167, 0.15
-85719.4, 2.14167, 0.14985
-81120.4, 5.82748, 0.15
-85696.7, 2.14167, 0.15
-85719.4, 2.14167, 0.14985
-81120.4, 5.82748, 0.15
-85696.7, 2.14167, 0.15
-85719.4, 2.14167, 0.14985
-81120.4, 5.82748, 0.15
-115570, 2.34583, 0.01
-115569, 2.34583, 0.01001
-114003, 5.19143, 0.0183812
-102840, 80, 0.15
-102860, 80, 0.14985
-115246, 2.34818, 0.0121153
-113238, 5.29573, 0.0216492
-113234, 5.29573, 0.0216709
-102831, 79.92, 0.15
-114758, 2.34583, 0.014678
-114755, 2.34583, 0.0146927
-112541, 5.41301, 0.0254407
-102840, 80, 0.15
-102860, 80, 0.14985
-114066, 2.34818, 0.0177828
-111593, 5.52095, 0.0298254
-111586, 5.52095, 0.0298552
-102831, 79.92, 0.15
-113252, 2.34583, 0.0215443
-113247, 2.34583, 0.0215659
-110362, 5.64022, 0.0348799
-112145, 2.34583, 0.0261016
-112139, 2.34583, 0.0261277
-108819, 5.75283, 0.0406885
-110760, 2.34583, 0.0316228
-110752, 2.34583, 0.0316544
-106972, 5.86258, 0.0473443
-108985, 2.34583, 0.0383119
-108976, 2.34583, 0.0383502
-105098, 5.9675, 0.0549512
-106816, 2.34583, 0.0464159
-106803, 2.34583, 0.0464623
-102769, 6.06542, 0.0636265
-104194, 2.34583, 0.0562341
-104179, 2.34583, 0.0562904
-100008, 6.15403, 0.0735049
-101099, 2.34583, 0.0681292
-101082, 2.34583, 0.0681974
-97148.5, 6.23101, 0.0847438
-97524.8, 2.34583, 0.0825404
-97505, 2.34583, 0.082623
-93800.2, 6.29414, 0.0975304
-93514.6, 2.34583, 0.1
-93492.7, 2.34583, 0.1001
-90240.5, 6.34144, 0.11209
-89143.3, 2.34583, 0.121153
-89120, 2.34583, 0.121274
-86294.2, 6.37137, 0.128697
-84511.4, 2.34583, 0.14678
-84487, 2.34583, 0.146927
-82147.9, 6.3829, 0.147685
-83982.4, 2.34583, 0.15
-84006.7, 2.34583, 0.14985
-81650.9, 6.38302, 0.15
-83982.4, 2.34583, 0.15
-84006.7, 2.34583, 0.14985
-81650.9, 6.38302, 0.15
-83982.4, 2.34583, 0.15
-84006.7, 2.34583, 0.14985
-81650.9, 6.38302, 0.15
-83982.4, 2.34583, 0.15
-84006.7, 2.34583, 0.14985
-81650.9, 6.38302, 0.15
-83982.4, 2.34583, 0.15
-84006.7, 2.34583, 0.14985
-81650.9, 6.38302, 0.15
-83982.4, 2.34583, 0.15
-84006.7, 2.34583, 0.14985
-81650.9, 6.38302, 0.15
-83982.4, 2.34583, 0.15
-84006.7, 2.34583, 0.14985
-81650.9, 6.38302, 0.15
-83982.4, 2.34583, 0.15
-84006.7, 2.34583, 0.14985
-81650.9, 6.38302, 0.15
-83982.4, 2.34583, 0.15
-84006.7, 2.34583, 0.14985
-81650.9, 6.38302, 0.15
-83982.4, 2.34583, 0.15
-84006.7, 2.34583, 0.14985
-81650.9, 6.38302, 0.15
-115522, 2.55, 0.01
-115520, 2.55, 0.01001
-116978, 0.939959, 0.0104543
-115550, 2.39705, 0.0100275
-115549, 2.39705, 0.0100376
-115521, 2.53985, 0.0100022
-115537, 2.44384, 0.0100189
-115536, 2.44384, 0.010029
-115521, 2.53098, 0.0100038
-115528, 2.47229, 0.0100138
-115527, 2.47229, 0.0100238
-115520, 2.52367, 0.0100051
-115204, 2.55, 0.0121153
-115202, 2.55, 0.0121274
-113261, 5.72424, 0.0218495
-102840, 80, 0.15
-102860, 80, 0.14985
-114731, 2.55255, 0.014678
-112500, 5.84235, 0.0256755
-112495, 5.84235, 0.0257012
-102831, 79.92, 0.15
-114047, 2.55, 0.0177828
-114043, 2.55, 0.0178006
-111609, 5.97418, 0.0300976
-102840, 80, 0.15
-102860, 80, 0.14985
-113166, 2.55255, 0.0215443
-110433, 6.09478, 0.0351911
-110424, 6.09478, 0.0352263
-112084, 2.55255, 0.0261016
-108945, 6.22048, 0.0410387
-108934, 6.22048, 0.0410798
-110629, 2.55255, 0.0316228
-107121, 6.34338, 0.047731
-107107, 6.34338, 0.0477787
-108842, 2.55255, 0.0383119
-105167, 6.46124, 0.0553684
-105154, 6.46124, 0.0554238
-106618, 2.55255, 0.0464159
-102963, 6.57156, 0.0640641
-102946, 6.57156, 0.0641281
-103908, 2.55255, 0.0562341
-100306, 6.67167, 0.0739476
-100285, 6.67167, 0.0740216
-100691, 2.55255, 0.0681292
-97376, 6.75886, 0.0851707
-97354.8, 6.75886, 0.0852559
-96968.8, 2.55255, 0.0825404
-94189.7, 6.83051, 0.097914
-94164.5, 6.83051, 0.0980119
-92773, 2.55255, 0.1
-90593.4, 6.88429, 0.112396
-90567.5, 6.88429, 0.112509
-88171.1, 2.55255, 0.121153
-86809.1, 6.91836, 0.128884
-86779.4, 6.91836, 0.129013
-83264.4, 2.55255, 0.14678
-82711.8, 6.93148, 0.147707
-82681.1, 6.93148, 0.147855
-82697, 2.55255, 0.15
-82236.1, 6.93162, 0.15
-82267.2, 6.93162, 0.14985
-82697, 2.55255, 0.15
-82236.1, 6.93162, 0.15
-82267.2, 6.93162, 0.14985
-82697, 2.55255, 0.15
-82236.1, 6.93162, 0.15
-82267.2, 6.93162, 0.14985
-82697, 2.55255, 0.15
-82236.1, 6.93162, 0.15
-82267.2, 6.93162, 0.14985
-82697, 2.55255, 0.15
-82236.1, 6.93162, 0.15
-82267.2, 6.93162, 0.14985
-82697, 2.55255, 0.15
-82236.1, 6.93162, 0.15
-82267.2, 6.93162, 0.14985
-82697, 2.55255, 0.15
-82236.1, 6.93162, 0.15
-82267.2, 6.93162, 0.14985
-82697, 2.55255, 0.15
-82236.1, 6.93162, 0.15
-82267.2, 6.93162, 0.14985
-82697, 2.55255, 0.15
-82236.1, 6.93162, 0.15
-82267.2, 6.93162, 0.14985
-82697, 2.55255, 0.15
-82236.1, 6.93162, 0.15
-82267.2, 6.93162, 0.14985
-115531, 2.75692, 0.01
-116719, 1.01333, 0.0101592
-116719, 1.01333, 0.0101694
-115519, 2.52332, 0.010014
-115160, 2.75417, 0.0121153
-115158, 2.75417, 0.0121274
-113330, 6.143, 0.0220401
-102840, 80, 0.15
-102860, 80, 0.14985
-114711, 2.75692, 0.014678
-112438, 6.27281, 0.0258997
-112434, 6.27281, 0.0259256
-102831, 79.92, 0.15
-114043, 2.75417, 0.0177828
-114039, 2.75417, 0.0178006
-116446, 1.03523, 0.0217522
-113927, 2.26378, 0.0185147
-113924, 2.26378, 0.0185332
-113110, 2.75692, 0.0215443
-116638, 1.01328, 0.0218224
-116638, 1.01328, 0.0218442
-113127, 2.64173, 0.0215561
-113109, 2.73419, 0.0215464
-113103, 2.73419, 0.0215679
-112045, 2.75692, 0.0261016
-109056, 6.69042, 0.0413754
-109045, 6.69042, 0.0414168
-110569, 2.75692, 0.0316228
-107289, 6.82698, 0.0481034
-107276, 6.82698, 0.0481515
-108770, 2.75692, 0.0383119
-105179, 6.95834, 0.0557709
-105167, 6.95834, 0.0558267
-106489, 2.75692, 0.0464159
-103113, 7.08165, 0.0644869
-103097, 7.08165, 0.0645514
-103717, 2.75692, 0.0562341
-100576, 7.19387, 0.074376
-100555, 7.19387, 0.0744504
-100429, 2.75692, 0.0681292
-97598.4, 7.29183, 0.085584
-97575, 7.29183, 0.0856697
-96602, 2.75692, 0.0825404
-94527.6, 7.3725, 0.0982855
-94503.5, 7.3725, 0.0983838
-92265.4, 2.75692, 0.1
-91022.9, 7.43315, 0.112692
-90995.1, 7.43315, 0.112805
-87488.5, 2.75692, 0.121153
-87292.2, 7.47162, 0.129066
-87263.7, 7.47162, 0.129195
-82365.6, 2.75692, 0.14678
-83222.8, 7.48645, 0.147728
-83191.1, 7.48645, 0.147876
-80547.2, 4.14736, 0.147167
-81780.9, 2.75417, 0.15
-81808.3, 2.75417, 0.14985
-82746.6, 7.49409, 0.15
-79947.1, 3.96726, 0.15
-79978.2, 3.96726, 0.14985
-81770.2, 2.75692, 0.15
-82740.7, 7.4866, 0.15
-82770.1, 7.4866, 0.14985
-79946.9, 3.97123, 0.15
-81780.9, 2.75417, 0.15
-81808.3, 2.75417, 0.14985
-82746.6, 7.49409, 0.15
-79947.1, 3.96726, 0.15
-79978.2, 3.96726, 0.14985
-81770.2, 2.75692, 0.15
-82740.7, 7.4866, 0.15
-82770.1, 7.4866, 0.14985
-79946.9, 3.97123, 0.15
-81780.9, 2.75417, 0.15
-81808.3, 2.75417, 0.14985
-82746.6, 7.49409, 0.15
-79947.1, 3.96726, 0.15
-79978.2, 3.96726, 0.14985
-81770.2, 2.75692, 0.15
-82740.7, 7.4866, 0.15
-82770.1, 7.4866, 0.14985
-79946.9, 3.97123, 0.15
-81780.9, 2.75417, 0.15
-81808.3, 2.75417, 0.14985
-82746.6, 7.49409, 0.15
-79947.1, 3.96726, 0.15
-79978.2, 3.96726, 0.14985
-81770.2, 2.75692, 0.15
-82740.7, 7.4866, 0.15
-82770.1, 7.4866, 0.14985
-79946.9, 3.97123, 0.15
-81780.9, 2.75417, 0.15
-81808.3, 2.75417, 0.14985
-82746.6, 7.49409, 0.15
-79947.1, 3.96726, 0.15
-79978.2, 3.96726, 0.14985
-81770.2, 2.75692, 0.15
-82740.7, 7.4866, 0.15
-82770.1, 7.4866, 0.14985
-79946.9, 3.97123, 0.15
-115546, 2.95833, 0.01
-115544, 2.95833, 0.01001
-116514, 1.08946, 0.0101055
-115520, 2.59512, 0.0100138
-115518, 2.59512, 0.0100238
-115111, 2.96129, 0.0121153
-113396, 6.55094, 0.0222224
-113391, 6.55094, 0.0222446
-102831, 79.92, 0.15
-114691, 2.95833, 0.014678
-114688, 2.95833, 0.0146927
-112435, 6.70584, 0.0261144
-102840, 80, 0.15
-102860, 80, 0.14985
-114046, 2.96129, 0.0177828
-116179, 1.08883, 0.0183387
-116179, 1.08883, 0.018357
-114033, 2.7396, 0.0178255
-113128, 2.95833, 0.0215443
-113123, 2.95833, 0.0215659
-116023, 1.08942, 0.021668
-113107, 2.73274, 0.0215541
-113101, 2.73274, 0.0215757
-112012, 2.96129, 0.0261016
-109147, 7.15697, 0.0417
-109136, 7.15697, 0.0417418
-110569, 2.96129, 0.0316228
-115541, 1.0884, 0.0320246
-115540, 1.0884, 0.0320567
-110562, 2.85587, 0.0316373
-108723, 2.95833, 0.0383119
-108713, 2.95833, 0.0383502
-105386, 7.46033, 0.0561606
-106409, 2.95833, 0.0464159
-106396, 2.95833, 0.0464623
-103212, 7.59726, 0.0648969
-103623, 2.95833, 0.0562341
-103606, 2.95833, 0.0562904
-100807, 7.72219, 0.0747918
-100273, 2.95833, 0.0681292
-100254, 2.95833, 0.0681974
-97944.5, 7.83152, 0.0859856
-96362.4, 2.95833, 0.0825404
-96340.5, 2.95833, 0.082623
-94794, 7.92174, 0.0986466
-91927.6, 2.95833, 0.1
-91903.2, 2.95833, 0.1001
-91466.6, 7.98968, 0.112981
-87014.1, 2.95833, 0.121153
-86987.4, 2.95833, 0.121274
-87688.5, 8.03281, 0.129242
-85743.9, 4.21069, 0.123955
-85714.8, 4.21069, 0.124079
-81716.7, 2.96129, 0.14678
-83816.6, 8.04141, 0.147749
-83785.8, 8.04141, 0.147897
-80555.1, 4.10703, 0.147096
-81108.6, 2.95833, 0.15
-81137, 2.95833, 0.14985
-83356.4, 8.04963, 0.15
-79947.4, 4.09406, 0.15
-79978.5, 4.09406, 0.14985
-81100.4, 2.96129, 0.15
-83347.9, 8.04158, 0.15
-83379.1, 8.04158, 0.14985
-79947.7, 4.09816, 0.15
-81108.6, 2.95833, 0.15
-81137, 2.95833, 0.14985
-83356.4, 8.04963, 0.15
-79947.4, 4.09406, 0.15
-79978.5, 4.09406, 0.14985
-81100.4, 2.96129, 0.15
-83347.9, 8.04158, 0.15
-83379.1, 8.04158, 0.14985
-79947.7, 4.09816, 0.15
-81108.6, 2.95833, 0.15
-81137, 2.95833, 0.14985
-83356.4, 8.04963, 0.15
-79947.4, 4.09406, 0.15
-79978.5, 4.09406, 0.14985
-81100.4, 2.96129, 0.15
-83347.9, 8.04158, 0.15
-83379.1, 8.04158, 0.14985
-79947.7, 4.09816, 0.15
-81108.6, 2.95833, 0.15
-81137, 2.95833, 0.14985
-83356.4, 8.04963, 0.15
-79947.4, 4.09406, 0.15
-79978.5, 4.09406, 0.14985
-81100.4, 2.96129, 0.15
-83347.9, 8.04158, 0.15
-83379.1, 8.04158, 0.14985
-79947.7, 4.09816, 0.15
-81108.6, 2.95833, 0.15
-81137, 2.95833, 0.14985
-83356.4, 8.04963, 0.15
-79947.4, 4.09406, 0.15
-79978.5, 4.09406, 0.14985
-81100.4, 2.96129, 0.15
-83347.9, 8.04158, 0.15
-83379.1, 8.04158, 0.14985
-79947.7, 4.09816, 0.15
-115566, 3.1625, 0.01
-115564, 3.1625, 0.01001
-116350, 1.16462, 0.0100833
-115522, 2.64864, 0.0100147
-115520, 2.64864, 0.0100247
-115109, 3.16566, 0.0121153
-116223, 1.16344, 0.0121946
-116223, 1.16344, 0.0122068
-115163, 2.73289, 0.0121269
-115099, 3.08519, 0.0121172
-115096, 3.08519, 0.0121294
-115137, 2.84888, 0.0121236
-115095, 3.05221, 0.0121181
-115093, 3.05221, 0.0121302
-114667, 3.16566, 0.014678
-112512, 7.12144, 0.0263207
-112505, 7.12144, 0.0263471
-102831, 79.92, 0.15
-114051, 3.1625, 0.0177828
-114047, 3.1625, 0.0178006
-115781, 1.16515, 0.0183459
-114031, 2.8544, 0.0178397
-114027, 2.8544, 0.0178576
-114019, 2.53384, 0.0179067
-113155, 3.1625, 0.0215443
-113149, 3.1625, 0.0215659
-115534, 1.16459, 0.0216366
-113112, 2.81634, 0.021555
-113106, 2.81634, 0.0215766
-111973, 3.16566, 0.0261016
-109217, 7.62021, 0.0420141
-109207, 7.62021, 0.0420561
-110582, 3.16566, 0.0316228
-114723, 1.16344, 0.031827
-114721, 1.16344, 0.0318588
-110567, 2.98726, 0.0316346
-108678, 3.1625, 0.0383119
-108668, 3.1625, 0.0383502
-105576, 7.95284, 0.0565389
-106412, 3.1625, 0.0464159
-106398, 3.1625, 0.0464623
-113516, 1.1646, 0.0466533
-106405, 3.06675, 0.0464232
-106392, 3.06675, 0.0464696
-103588, 3.16566, 0.0562341
-100981, 8.23351, 0.0751967
-100963, 8.23351, 0.0752719
-100196, 3.16566, 0.0681292
-98240.2, 8.35446, 0.0863769
-98218, 8.35446, 0.0864633
-96229.1, 3.16566, 0.0825404
-95064.2, 8.45447, 0.0989986
-95038.7, 8.45447, 0.0990976
-91703.5, 3.16566, 0.1
-91833.2, 8.52991, 0.113261
-91807.4, 8.52991, 0.113375
-90640.5, 4.75227, 0.105231
-86689.3, 3.1625, 0.121153
-86661.9, 3.1625, 0.121274
-88197.8, 8.58644, 0.129414
-85848.2, 4.45537, 0.123929
-85818.7, 4.45537, 0.124053
-81259.8, 3.16566, 0.14678
-84338, 8.59637, 0.147769
-84308.5, 8.59637, 0.147917
-80566.3, 4.05513, 0.147024
-80633.8, 3.1625, 0.15
-80663, 3.1625, 0.14985
-83899.7, 8.60517, 0.15
-79945.5, 4.04788, 0.15
-79976.6, 4.04788, 0.14985
-80627.6, 3.16566, 0.15
-83891.9, 8.59657, 0.15
-83921.9, 8.59657, 0.14985
-79945.6, 4.05193, 0.15
-80633.8, 3.1625, 0.15
-80663, 3.1625, 0.14985
-83899.7, 8.60517, 0.15
-79945.5, 4.04788, 0.15
-79976.6, 4.04788, 0.14985
-80627.6, 3.16566, 0.15
-83891.9, 8.59657, 0.15
-83921.9, 8.59657, 0.14985
-79945.6, 4.05193, 0.15
-80633.8, 3.1625, 0.15
-80663, 3.1625, 0.14985
-83899.7, 8.60517, 0.15
-79945.5, 4.04788, 0.15
-79976.6, 4.04788, 0.14985
-80627.6, 3.16566, 0.15
-83891.9, 8.59657, 0.15
-83921.9, 8.59657, 0.14985
-79945.6, 4.05193, 0.15
-80633.8, 3.1625, 0.15
-80663, 3.1625, 0.14985
-83899.7, 8.60517, 0.15
-79945.5, 4.04788, 0.15
-79976.6, 4.04788, 0.14985
-80627.6, 3.16566, 0.15
-83891.9, 8.59657, 0.15
-83921.9, 8.59657, 0.14985
-79945.6, 4.05193, 0.15
-80633.8, 3.1625, 0.15
-80663, 3.1625, 0.14985
-83899.7, 8.60517, 0.15
-79945.5, 4.04788, 0.15
-79976.6, 4.04788, 0.14985
-80627.6, 3.16566, 0.15
-83891.9, 8.59657, 0.15
-83921.9, 8.59657, 0.14985
-79945.6, 4.05193, 0.15
-115588, 3.36667, 0.01
-115586, 3.36667, 0.01001
-116213, 1.2398, 0.0100715
-115523, 2.67589, 0.0100164
-115521, 2.67589, 0.0100264
-115136, 3.37004, 0.0121153
-116049, 1.23855, 0.0121811
-116048, 1.23855, 0.0121933
-115149, 2.79533, 0.0121276
-115101, 3.10703, 0.0121205
-115098, 3.10703, 0.0121327
-114638, 3.37004, 0.014678
-112588, 7.53987, 0.0265195
-112581, 7.53987, 0.026546
-102831, 79.92, 0.15
-114054, 3.36667, 0.0177828
-114050, 3.36667, 0.0178006
-115265, 1.24803, 0.0199521
-113925, 2.64797, 0.0182845
-113921, 2.64797, 0.0183028
-113884, 2.35054, 0.0185409
-113185, 3.36667, 0.0215443
-113180, 3.36667, 0.0215659
-115132, 1.23978, 0.0216267
-113118, 2.89485, 0.0215568
-113112, 2.89485, 0.0215783
-111977, 3.37004, 0.0261016
-114657, 1.23853, 0.026154
-114655, 1.23853, 0.0261801
-112022, 2.8872, 0.0261097
-111954, 3.24438, 0.0261035
-111948, 3.24438, 0.0261296
-110597, 3.37004, 0.0316228
-114038, 1.23856, 0.0318415
-114035, 1.23856, 0.0318733
-110574, 3.11753, 0.0316398
-110558, 2.90385, 0.031655
-110549, 2.90385, 0.0316867
-108714, 3.37004, 0.0383119
-113323, 1.23853, 0.0383686
-113319, 1.23853, 0.038407
-108711, 3.00696, 0.0383183
-106433, 3.36667, 0.0464159
-106420, 3.36667, 0.0464623
-112425, 1.23977, 0.0465477
-106411, 3.1799, 0.0464234
-106397, 3.1799, 0.0464699
-103575, 3.37004, 0.0562341
-101109, 8.75098, 0.0755918
-101092, 8.75098, 0.0756674
-100153, 3.37004, 0.0681292
-98499.3, 8.88413, 0.0867591
-98477.9, 8.88413, 0.0868459
-96157.4, 3.37004, 0.0825404
-95438.9, 8.99445, 0.0993425
-95413.9, 8.99445, 0.0994419
-91583.8, 3.37004, 0.1
-92132.6, 9.07781, 0.113536
-92108.1, 9.07781, 0.113649
-90830.8, 4.67871, 0.104289
-86482.8, 3.36667, 0.121153
-86455.1, 3.36667, 0.121274
-88672.5, 9.13998, 0.129582
-85953.1, 4.39716, 0.123354
-85924.5, 4.39716, 0.123477
-80952, 3.37004, 0.14678
-84768, 9.15133, 0.147789
-84740, 9.15133, 0.147937
-80580.6, 4.01225, 0.146955
-80309.4, 3.36667, 0.15
-80339.4, 3.36667, 0.14985
-84355.5, 9.1607, 0.15
-79945.9, 3.99076, 0.15
-79977, 3.99076, 0.14985
-80305.2, 3.37004, 0.15
-84348.8, 9.15155, 0.15
-84377.2, 9.15155, 0.14985
-79945.8, 3.99475, 0.15
-80309.4, 3.36667, 0.15
-80339.4, 3.36667, 0.14985
-84355.5, 9.1607, 0.15
-79945.9, 3.99076, 0.15
-79977, 3.99076, 0.14985
-80305.2, 3.37004, 0.15
-84348.8, 9.15155, 0.15
-84377.2, 9.15155, 0.14985
-79945.8, 3.99475, 0.15
-80309.4, 3.36667, 0.15
-80339.4, 3.36667, 0.14985
-84355.5, 9.1607, 0.15
-79945.9, 3.99076, 0.15
-79977, 3.99076, 0.14985
-80305.2, 3.37004, 0.15
-84348.8, 9.15155, 0.15
-84377.2, 9.15155, 0.14985
-79945.8, 3.99475, 0.15
-80309.4, 3.36667, 0.15
-80339.4, 3.36667, 0.14985
-84355.5, 9.1607, 0.15
-79945.9, 3.99076, 0.15
-79977, 3.99076, 0.14985
-80305.2, 3.37004, 0.15
-84348.8, 9.15155, 0.15
-84377.2, 9.15155, 0.14985
-79945.8, 3.99475, 0.15
-80309.4, 3.36667, 0.15
-80339.4, 3.36667, 0.14985
-84355.5, 9.1607, 0.15
-79945.9, 3.99076, 0.15
-79977, 3.99076, 0.14985
-80305.2, 3.37004, 0.15
-84348.8, 9.15155, 0.15
-84377.2, 9.15155, 0.14985
-79945.8, 3.99475, 0.15
-115612, 3.57083, 0.01
-115610, 3.57083, 0.01001
-116104, 1.31498, 0.0100642
-115528, 2.76497, 0.0100164
-115526, 2.76497, 0.0100264
-115165, 3.57441, 0.0121153
-115905, 1.31365, 0.0121732
-115904, 1.31365, 0.0121854
-115138, 2.84346, 0.0121285
-115115, 3.22085, 0.0121212
-115112, 3.22085, 0.0121334
-114601, 3.57441, 0.014678
-112661, 7.95453, 0.0267114
-112654, 7.95453, 0.0267381
-102831, 79.92, 0.15
-114053, 3.57083, 0.0177828
-114049, 3.57083, 0.0178006
-111532, 8.15379, 0.0313065
-102840, 80, 0.15
-102860, 80, 0.14985
-113216, 3.57441, 0.0215443
-114802, 1.31365, 0.021626
-114799, 1.31365, 0.0216477
-113125, 2.96402, 0.0215596
-112031, 3.57083, 0.0261016
-112024, 3.57083, 0.0261277
-114213, 1.31495, 0.0261477
-112012, 2.94682, 0.0261104
-112006, 2.94682, 0.0261365
-110607, 3.57441, 0.0316228
-113422, 1.31384, 0.0321826
-113418, 1.31384, 0.0322148
-110568, 3.20471, 0.0316834
-110533, 2.875, 0.0317433
-110524, 2.875, 0.0317751
-108773, 3.57441, 0.0383119
-112598, 1.31364, 0.0383606
-112593, 1.31364, 0.0383989
-108696, 3.07568, 0.0383192
-106458, 3.57083, 0.0464159
-106445, 3.57083, 0.0464623
-111501, 1.31496, 0.0465573
-106423, 3.31264, 0.0464265
-106410, 3.31264, 0.0464729
-106402, 3.09831, 0.0464361
-103584, 3.57083, 0.0562341
-103567, 3.57083, 0.0562904
-110259, 1.31495, 0.0562779
-103583, 3.2103, 0.0562388
-103567, 3.2103, 0.0562951
-100180, 3.57441, 0.0681292
-108854, 1.31364, 0.0681885
-108846, 1.31364, 0.0682568
-100157, 3.34222, 0.0681332
-96149, 3.57083, 0.0825404
-96126.2, 3.57083, 0.082623
-107248, 1.31495, 0.0826462
-96139.6, 3.46632, 0.0825436
-96116.8, 3.46632, 0.0826261
-91522, 3.57441, 0.1
-92416.3, 9.62538, 0.113805
-92388.8, 9.62538, 0.113918
-90994.2, 5.2515, 0.105145
-86371.2, 3.57083, 0.121153
-86343, 3.57083, 0.121274
-89085, 9.69343, 0.129747
-86063.9, 4.33823, 0.122784
-86035.2, 4.33823, 0.122907
-80757.5, 3.57441, 0.14678
-85300.7, 9.70629, 0.147808
-85270, 9.70629, 0.147956
-80597.1, 4.14877, 0.146933
-80101.9, 3.57083, 0.15
-80132.3, 3.57083, 0.14985
-84855.7, 9.71624, 0.15
-79949.7, 4.1254, 0.15
-79980.8, 4.1254, 0.14985
-80099.2, 3.57441, 0.15
-84846, 9.70653, 0.15
-84877.1, 9.70653, 0.14985
-79950.1, 4.12952, 0.15
-80101.9, 3.57083, 0.15
-80132.3, 3.57083, 0.14985
-84855.7, 9.71624, 0.15
-79949.7, 4.1254, 0.15
-79980.8, 4.1254, 0.14985
-80099.2, 3.57441, 0.15
-84846, 9.70653, 0.15
-84877.1, 9.70653, 0.14985
-79950.1, 4.12952, 0.15
-80101.9, 3.57083, 0.15
-80132.3, 3.57083, 0.14985
-84855.7, 9.71624, 0.15
-79949.7, 4.1254, 0.15
-79980.8, 4.1254, 0.14985
-80099.2, 3.57441, 0.15
-84846, 9.70653, 0.15
-84877.1, 9.70653, 0.14985
-79950.1, 4.12952, 0.15
-80101.9, 3.57083, 0.15
-80132.3, 3.57083, 0.14985
-84855.7, 9.71624, 0.15
-79949.7, 4.1254, 0.15
-79980.8, 4.1254, 0.14985
-80099.2, 3.57441, 0.15
-84846, 9.70653, 0.15
-84877.1, 9.70653, 0.14985
-79950.1, 4.12952, 0.15
-80101.9, 3.57083, 0.15
-80132.3, 3.57083, 0.14985
-84855.7, 9.71624, 0.15
-79949.7, 4.1254, 0.15
-79980.8, 4.1254, 0.14985
-80099.2, 3.57441, 0.15
-84846, 9.70653, 0.15
-84877.1, 9.70653, 0.14985
-79950.1, 4.12952, 0.15
-115636, 3.775, 0.01
-115634, 3.775, 0.01001
-116018, 1.39016, 0.0100595
-115531, 2.81076, 0.0100175
-115529, 2.81076, 0.0100275
-115196, 3.77878, 0.0121153
-115783, 1.38876, 0.0121681
-115781, 1.38876, 0.0121803
-115131, 2.87214, 0.0121297
-115128, 3.32239, 0.012122
-115125, 3.32239, 0.0121341
-114602, 3.77878, 0.014678
-115472, 1.38875, 0.0147261
-115470, 1.38875, 0.0147408
-114685, 2.99281, 0.0146892
-114593, 3.61121, 0.0146801
-114591, 3.61121, 0.0146948
-114586, 3.69658, 0.014679
-114585, 3.65299, 0.0146796
-114583, 3.65299, 0.0146943
-114583, 3.67764, 0.0146793
-114582, 3.66408, 0.0146794
-114580, 3.66408, 0.0146941
-114583, 3.67764, 0.0146793
-114046, 3.775, 0.0177828
-114042, 3.775, 0.0178006
-111616, 8.57867, 0.0315246
-102840, 80, 0.15
-102860, 80, 0.14985
-113244, 3.77878, 0.0215443
-114522, 1.38876, 0.0216327
-114519, 1.38876, 0.0216543
-113137, 3.06585, 0.0215628
-112088, 3.775, 0.0261016
-112081, 3.775, 0.0261277
-113855, 1.39014, 0.0261448
-112002, 3.003, 0.0261115
-111996, 3.003, 0.0261376
-110605, 3.77878, 0.0316228
-107844, 9.20094, 0.0498026
-107833, 9.20094, 0.0498524
-108835, 3.77878, 0.0383119
-111988, 1.38875, 0.0383587
-111982, 1.38875, 0.0383971
-108679, 3.14753, 0.0383204
-106474, 3.775, 0.0464159
-106461, 3.775, 0.0464623
-110688, 1.39018, 0.0467734
-106437, 3.46821, 0.0464461
-106424, 3.46821, 0.0464926
-106390, 3.13007, 0.046483
-107227, 2.0839, 0.046628
-107215, 2.0839, 0.0466746
-106385, 3.05188, 0.046492
-103663, 3.775, 0.0562341
-103646, 3.775, 0.0562904
-109280, 1.39013, 0.0562699
-103578, 3.27196, 0.0562392
-103562, 3.27196, 0.0562955
-100240, 3.77878, 0.0681292
-107633, 1.38875, 0.0681737
-107624, 1.38875, 0.0682419
-100147, 3.41985, 0.0681336
-96188.9, 3.775, 0.0825404
-96166.2, 3.775, 0.082623
-105763, 1.39013, 0.0825935
-96144.6, 3.54087, 0.0825438
-96121.7, 3.54087, 0.0826264
-91534.8, 3.77878, 0.1
-103804, 1.38875, 0.100068
-103793, 1.38875, 0.100169
-91521.5, 3.6597, 0.100002
-86322.8, 3.775, 0.121153
-86294.6, 3.775, 0.121274
-89428.6, 10.2468, 0.129908
-86168.1, 4.33801, 0.122337
-86139.6, 4.33801, 0.122459
-80652.3, 3.77878, 0.14678
-85815.1, 10.2613, 0.147827
-85785.3, 10.2613, 0.147975
-80601.9, 4.08584, 0.146861
-79987, 3.775, 0.15
-80017.8, 3.775, 0.14985
-85386.4, 10.2718, 0.15
-79946, 4.06637, 0.15
-79977.1, 4.06637, 0.14985
-79985.6, 3.77878, 0.15
-85377.1, 10.2615, 0.15
-85407.3, 10.2615, 0.14985
-79946.2, 4.07044, 0.15
-79987, 3.775, 0.15
-80017.8, 3.775, 0.14985
-85386.4, 10.2718, 0.15
-79946, 4.06637, 0.15
-79977.1, 4.06637, 0.14985
-79985.6, 3.77878, 0.15
-85377.1, 10.2615, 0.15
-85407.3, 10.2615, 0.14985
-79946.2, 4.07044, 0.15
-79987, 3.775, 0.15
-80017.8, 3.775, 0.14985
-85386.4, 10.2718, 0.15
-79946, 4.06637, 0.15
-79977.1, 4.06637, 0.14985
-79985.6, 3.77878, 0.15
-85377.1, 10.2615, 0.15
-85407.3, 10.2615, 0.14985
-79946.2, 4.07044, 0.15
-79987, 3.775, 0.15
-80017.8, 3.775, 0.14985
-85386.4, 10.2718, 0.15
-79946, 4.06637, 0.15
-79977.1, 4.06637, 0.14985
-79985.6, 3.77878, 0.15
-85377.1, 10.2615, 0.15
-85407.3, 10.2615, 0.14985
-79946.2, 4.07044, 0.15
-79987, 3.775, 0.15
-80017.8, 3.775, 0.14985
-85386.4, 10.2718, 0.15
-79946, 4.06637, 0.15
-79977.1, 4.06637, 0.14985
-79985.6, 3.77878, 0.15
-85377.1, 10.2615, 0.15
-85407.3, 10.2615, 0.14985
-79946.2, 4.07044, 0.15
-115661, 3.97917, 0.01
-115659, 3.97917, 0.01001
-115947, 1.46534, 0.0100562
-115533, 2.84614, 0.0100188
-115531, 2.84614, 0.0100288
-115227, 3.98315, 0.0121153
-115676, 1.46387, 0.0121646
-115674, 1.46387, 0.0121768
-115129, 2.87724, 0.0121313
-115139, 3.40337, 0.012123
-115136, 3.40337, 0.0121351
-114641, 3.98315, 0.014678
-115343, 1.46386, 0.0147223
-115341, 1.46386, 0.014737
-114680, 3.04181, 0.0146899
-114583, 3.68121, 0.0146814
-114579, 3.68121, 0.0146961
-114031, 3.98315, 0.0177828
-111694, 8.99109, 0.0317364
-111686, 8.99109, 0.0317682
-102831, 79.92, 0.15
-113266, 3.97917, 0.0215443
-113262, 3.97917, 0.0215659
-114288, 1.46534, 0.0216494
-113146, 3.14474, 0.021569
-113141, 3.14474, 0.0215906
-113103, 2.79869, 0.0215814
-112144, 3.97917, 0.0261016
-112137, 3.97917, 0.0261277
-113554, 1.46532, 0.0261439
-111993, 3.04961, 0.0261128
-111987, 3.04961, 0.026139
-110604, 3.98315, 0.0316228
-112627, 1.46385, 0.0316532
-112622, 1.46385, 0.0316849
-110574, 3.08981, 0.0316305
-108891, 3.97917, 0.0383119
-108881, 3.97917, 0.0383502
-111464, 1.46532, 0.0383614
-108673, 3.21965, 0.0383223
-108662, 3.21965, 0.0383607
-106533, 3.98315, 0.0464159
-110091, 1.46385, 0.0464432
-110083, 1.46385, 0.0464896
-106413, 3.20036, 0.0464219
-103748, 3.97917, 0.0562341
-103731, 3.97917, 0.0562904
-108443, 1.46532, 0.0562674
-103575, 3.33371, 0.05624
-103559, 3.33371, 0.0562963
-100307, 3.98315, 0.0681292
-106585, 1.46385, 0.0681716
-106575, 1.46385, 0.0682398
-100163, 3.50739, 0.0681346
-96243, 3.97917, 0.0825404
-96220.6, 3.97917, 0.082623
-104476, 1.46532, 0.0825862
-96160.1, 3.6479, 0.0825444
-96137.3, 3.6479, 0.082627
-91579.3, 3.98315, 0.1
-102244, 1.46385, 0.100039
-102231, 1.46385, 0.100139
-91529.2, 3.74425, 0.100002
-86340.3, 3.97917, 0.121153
-86311.6, 3.97917, 0.121274
-99851, 1.46532, 0.121186
-86321.9, 3.83561, 0.121154
-86293.2, 3.83561, 0.121275
-80618.2, 3.98315, 0.14678
-86272.1, 10.8162, 0.147845
-86243.3, 10.8162, 0.147993
-80613.1, 4.06746, 0.146802
-79946.4, 3.97917, 0.15
-79977.5, 3.97917, 0.14985
-85861.1, 10.8273, 0.15
-79945.2, 4.0216, 0.15
-79976.4, 4.0216, 0.14985
-79946.2, 3.98315, 0.15
-85852.5, 10.8165, 0.15
-85881.7, 10.8165, 0.14985
-79945.2, 4.02562, 0.15
-79946.4, 3.97917, 0.15
-79977.5, 3.97917, 0.14985
-85861.1, 10.8273, 0.15
-79945.2, 4.0216, 0.15
-79976.4, 4.0216, 0.14985
-79946.2, 3.98315, 0.15
-85852.5, 10.8165, 0.15
-85881.7, 10.8165, 0.14985
-79945.2, 4.02562, 0.15
-79946.4, 3.97917, 0.15
-79977.5, 3.97917, 0.14985
-85861.1, 10.8273, 0.15
-79945.2, 4.0216, 0.15
-79976.4, 4.0216, 0.14985
-79946.2, 3.98315, 0.15
-85852.5, 10.8165, 0.15
-85881.7, 10.8165, 0.14985
-79945.2, 4.02562, 0.15
-79946.4, 3.97917, 0.15
-79977.5, 3.97917, 0.14985
-85861.1, 10.8273, 0.15
-79945.2, 4.0216, 0.15
-79976.4, 4.0216, 0.14985
-79946.2, 3.98315, 0.15
-85852.5, 10.8165, 0.15
-85881.7, 10.8165, 0.14985
-79945.2, 4.02562, 0.15
-79946.4, 3.97917, 0.15
-79977.5, 3.97917, 0.14985
-85861.1, 10.8273, 0.15
-79945.2, 4.0216, 0.15
-79976.4, 4.0216, 0.14985
-79946.2, 3.98315, 0.15
-85852.5, 10.8165, 0.15
-85881.7, 10.8165, 0.14985
-79945.2, 4.02562, 0.15
-115686, 4.18333, 0.01
-115684, 4.18333, 0.01001
-115889, 1.54052, 0.0100538
-115535, 2.86949, 0.0100203
-115533, 2.86949, 0.0100303
-115259, 4.18752, 0.0121153
-115585, 1.53897, 0.0121621
-115583, 1.53897, 0.0121743
-115108, 2.96508, 0.0121314
-115161, 3.55563, 0.0121229
-115158, 3.55563, 0.012135
-114681, 4.18752, 0.014678
-115234, 1.53897, 0.0147195
-115231, 1.53897, 0.0147343
-114676, 3.07709, 0.0146908
-114010, 4.18333, 0.0177828
-114007, 4.18333, 0.0178006
-111774, 9.4181, 0.0319424
-102840, 80, 0.15
-102860, 80, 0.14985
-113284, 4.18752, 0.0215443
-114094, 1.539, 0.0216876
-114091, 1.539, 0.0217093
-113155, 3.226, 0.0215816
-113099, 2.81469, 0.021601
-113094, 2.81469, 0.0216226
-112199, 4.18752, 0.0261016
-113303, 1.53896, 0.0261446
-113298, 1.53896, 0.0261708
-111986, 3.08481, 0.0261147
-110686, 4.18333, 0.0316228
-110677, 4.18333, 0.0316544
-112284, 1.5405, 0.0316516
-110576, 3.1154, 0.0316313
-110567, 3.1154, 0.0316629
-108942, 4.18752, 0.0383119
-111036, 1.53896, 0.0383697
-111029, 1.53896, 0.0384081
-108691, 3.29797, 0.0383257
-108732, 2.89219, 0.0383332
-108721, 2.89219, 0.0383716
-106636, 4.18752, 0.0464159
-109530, 1.53896, 0.0464416
-109521, 1.53896, 0.0464881
-106417, 3.24365, 0.0464225
-103830, 4.18333, 0.0562341
-103814, 4.18333, 0.0562904
-107729, 1.5405, 0.0562683
-103571, 3.40655, 0.0562412
-103555, 3.40655, 0.0562974
-100366, 4.18752, 0.0681292
-105684, 1.53896, 0.068179
-105673, 1.53896, 0.0682472
-100193, 3.62865, 0.0681363
-100162, 3.30282, 0.068141
-100143, 3.30282, 0.0682091
-96316.5, 4.18752, 0.0825404
-103384, 1.53896, 0.0825602
-103371, 1.53896, 0.0826428
-96146.1, 3.55424, 0.0825437
-91637.6, 4.18333, 0.1
-91611.2, 4.18333, 0.1001
-100857, 1.5405, 0.100018
-91523.9, 3.69502, 0.100002
-91498, 3.69502, 0.100102
-86395.3, 4.18752, 0.121153
-98253.4, 1.53896, 0.121173
-98239.7, 1.53896, 0.121294
-86328.9, 3.91205, 0.121154
-80637.1, 4.18333, 0.14678
-80605.9, 4.18333, 0.146927
-95559.3, 1.5405, 0.146783
-80617.3, 4.01747, 0.14678
-80586.5, 4.01747, 0.146927
-79958.2, 4.18752, 0.15
-95297.9, 1.53896, 0.15
-95311.7, 1.53896, 0.14985
-79945.3, 4.04026, 0.15
-79957.2, 4.18333, 0.15
-79988.7, 4.18333, 0.14985
-95260.3, 1.5405, 0.15
-79945.3, 4.03622, 0.15
-79976.4, 4.03622, 0.14985
-79958.2, 4.18752, 0.15
-95297.9, 1.53896, 0.15
-95311.7, 1.53896, 0.14985
-79945.3, 4.04026, 0.15
-79957.2, 4.18333, 0.15
-79988.7, 4.18333, 0.14985
-95260.3, 1.5405, 0.15
-79945.3, 4.03622, 0.15
-79976.4, 4.03622, 0.14985
-79958.2, 4.18752, 0.15
-95297.9, 1.53896, 0.15
-95311.7, 1.53896, 0.14985
-79945.3, 4.04026, 0.15
-79957.2, 4.18333, 0.15
-79988.7, 4.18333, 0.14985
-95260.3, 1.5405, 0.15
-79945.3, 4.03622, 0.15
-79976.4, 4.03622, 0.14985
-79958.2, 4.18752, 0.15
-95297.9, 1.53896, 0.15
-95311.7, 1.53896, 0.14985
-79945.3, 4.04026, 0.15
-79957.2, 4.18333, 0.15
-79988.7, 4.18333, 0.14985
-95260.3, 1.5405, 0.15
-79945.3, 4.03622, 0.15
-79976.4, 4.03622, 0.14985
-79958.2, 4.18752, 0.15
-95297.9, 1.53896, 0.15
-95311.7, 1.53896, 0.14985
-79945.3, 4.04026, 0.15
-79957.2, 4.18333, 0.15
-79988.7, 4.18333, 0.14985
-95260.3, 1.5405, 0.15
-79945.3, 4.03622, 0.15
-79976.4, 4.03622, 0.14985
-115711, 4.39189, 0.01
-115841, 1.61409, 0.0100521
-115839, 1.61409, 0.0100622
-115536, 2.88251, 0.0100219
-115290, 4.3875, 0.0121153
-115288, 4.3875, 0.0121274
-115520, 1.6157, 0.0121603
-115100, 2.99374, 0.0121325
-115099, 2.99374, 0.0121446
-115177, 3.66625, 0.0121234
-114720, 4.3875, 0.014678
-114717, 4.3875, 0.0146927
-115137, 1.61569, 0.0147175
-114674, 3.09225, 0.0146918
-114671, 3.09225, 0.0147065
-113979, 4.39189, 0.0177828
-111845, 9.82296, 0.0321431
-111837, 9.82296, 0.0321753
-102831, 79.92, 0.15
-113295, 4.3875, 0.0215443
-113290, 4.3875, 0.0215659
-113906, 1.61581, 0.0218075
-113155, 3.29054, 0.0216197
-113149, 3.29054, 0.0216414
-113083, 2.80899, 0.0216616
-113123, 2.58512, 0.0216832
-113119, 2.58512, 0.0217049
-113080, 2.77697, 0.0216646
-113099, 2.64791, 0.0216769
-113095, 2.64791, 0.0216985
-113080, 2.77697, 0.0216646
-112248, 4.3875, 0.0261016
-112241, 4.3875, 0.0261277
-113077, 1.61569, 0.0261468
-111984, 3.09548, 0.0261173
-111978, 3.09548, 0.0261435
-110770, 4.39189, 0.0316228
-112006, 1.61407, 0.0316508
-112000, 1.61407, 0.0316825
-110579, 3.16359, 0.031632
-108979, 4.3875, 0.0383119
-108969, 4.3875, 0.0383502
-110652, 1.61569, 0.0383904
-108715, 3.3944, 0.038332
-108704, 3.3944, 0.0383704
-108709, 2.98777, 0.0383421
-106736, 4.3875, 0.0464159
-106722, 4.3875, 0.0464623
-109041, 1.61569, 0.0464413
-106420, 3.27653, 0.0464233
-106407, 3.27653, 0.0464697
-103905, 4.39189, 0.0562341
-107126, 1.61407, 0.0562731
-107115, 1.61407, 0.0563294
-103565, 3.4856, 0.0562431
-100468, 4.3875, 0.0681292
-100448, 4.3875, 0.0681974
-104894, 1.61569, 0.0681477
-100153, 3.45455, 0.0681336
-100133, 3.45455, 0.0682018
-96442.9, 4.39189, 0.0825404
-102415, 1.61407, 0.0825582
-102402, 1.61407, 0.0826408
-96151, 3.59239, 0.082544
-91755.5, 4.3875, 0.1
-91729.2, 4.3875, 0.1001
-99667.8, 1.61569, 0.100015
-91528, 3.73473, 0.100002
-91502.1, 3.73473, 0.100102
-86476.6, 4.39189, 0.121153
-96818.2, 1.61407, 0.121163
-96803.2, 1.61407, 0.121284
-86325.1, 3.87983, 0.121154
-80703.1, 4.3875, 0.14678
-80671.9, 4.3875, 0.146927
-93857.7, 1.61569, 0.146782
-80617.8, 4.07023, 0.14678
-80587.1, 4.07023, 0.146927
-80023.8, 4.39189, 0.15
-93563.7, 1.61407, 0.15
-93579, 1.61407, 0.14985
-79946.8, 4.08346, 0.15
-80022.1, 4.3875, 0.15
-80053.6, 4.3875, 0.14985
-93528.8, 1.61569, 0.15
-79946.6, 4.07938, 0.15
-79977.7, 4.07938, 0.14985
-80023.8, 4.39189, 0.15
-93563.7, 1.61407, 0.15
-93579, 1.61407, 0.14985
-79946.8, 4.08346, 0.15
-80022.1, 4.3875, 0.15
-80053.6, 4.3875, 0.14985
-93528.8, 1.61569, 0.15
-79946.6, 4.07938, 0.15
-79977.7, 4.07938, 0.14985
-80023.8, 4.39189, 0.15
-93563.7, 1.61407, 0.15
-93579, 1.61407, 0.14985
-79946.8, 4.08346, 0.15
-80022.1, 4.3875, 0.15
-80053.6, 4.3875, 0.14985
-93528.8, 1.61569, 0.15
-79946.6, 4.07938, 0.15
-79977.7, 4.07938, 0.14985
-80023.8, 4.39189, 0.15
-93563.7, 1.61407, 0.15
-93579, 1.61407, 0.14985
-79946.8, 4.08346, 0.15
-80022.1, 4.3875, 0.15
-80053.6, 4.3875, 0.14985
-93528.8, 1.61569, 0.15
-79946.6, 4.07938, 0.15
-79977.7, 4.07938, 0.14985
-80023.8, 4.39189, 0.15
-93563.7, 1.61407, 0.15
-93579, 1.61407, 0.14985
-79946.8, 4.08346, 0.15
-80022.1, 4.3875, 0.15
-80053.6, 4.3875, 0.14985
-93528.8, 1.61569, 0.15
-79946.6, 4.07938, 0.15
-79977.7, 4.07938, 0.14985
-115735, 4.59626, 0.01
-115799, 1.6892, 0.0100509
-115797, 1.6892, 0.010061
-115535, 2.87916, 0.0100238
-115322, 4.59167, 0.0121153
-115319, 4.59167, 0.0121274
-115467, 1.69088, 0.0121589
-115094, 3.0158, 0.0121336
-115093, 3.0158, 0.0121458
-115192, 3.76559, 0.012124
-114760, 4.59167, 0.014678
-114757, 4.59167, 0.0146927
-115054, 1.69088, 0.0147161
-114674, 3.09149, 0.014693
-114671, 3.09149, 0.0147077
-114007, 4.59626, 0.0177828
-114519, 1.68918, 0.0178166
-114516, 1.68918, 0.0178344
-114051, 3.30284, 0.017794
-114006, 4.20904, 0.0177857
-114003, 4.20904, 0.0178035
-113972, 4.4318, 0.017784
-113299, 4.59167, 0.0215443
-113295, 4.59167, 0.0215659
-110824, 1.88091, 0.0337575
-112292, 4.59167, 0.0261016
-112286, 4.59167, 0.0261277
-112896, 1.69087, 0.0261506
-111970, 3.16153, 0.0261199
-111964, 3.16153, 0.026146
-110851, 4.59626, 0.0316228
-111771, 1.68918, 0.0316506
-111764, 1.68918, 0.0316822
-110581, 3.187, 0.031633
-109003, 4.59167, 0.0383119
-108993, 4.59167, 0.0383502
-110325, 1.69088, 0.0384623
-108744, 3.5161, 0.038352
-108733, 3.5161, 0.0383903
-108695, 3.00855, 0.0383756
-108660, 3.17567, 0.0383673
-108650, 3.17567, 0.0384057
-108662, 3.22562, 0.0383651
-108660, 3.17567, 0.0383673
-108650, 3.17567, 0.0384057
-106835, 4.59626, 0.0464159
-108640, 1.68918, 0.0464418
-108630, 1.68918, 0.0464883
-106424, 3.31573, 0.0464244
-103961, 4.59167, 0.0562341
-103946, 4.59167, 0.0562904
-106584, 1.69087, 0.0562858
-103583, 3.57881, 0.056247
-103566, 3.57881, 0.0563033
-103582, 3.17623, 0.0562532
-100604, 4.59167, 0.0681292
-100584, 4.59167, 0.0681974
-104225, 1.69087, 0.0681469
-100160, 3.49282, 0.068134
-100140, 3.49282, 0.0682022
-96572.5, 4.59626, 0.0825404
-101571, 1.68918, 0.0825575
-101556, 1.68918, 0.0826401
-96159.8, 3.64626, 0.0825444
-91882.8, 4.59167, 0.1
-91856.8, 4.59167, 0.1001
-98628.2, 1.69087, 0.100014
-91534.3, 3.78016, 0.100003
-91508.5, 3.78016, 0.100103
-86601.7, 4.59626, 0.121153
-95553.3, 1.68918, 0.121162
-95537.1, 1.68918, 0.121283
-86329.8, 3.91876, 0.121154
-80791.1, 4.59167, 0.14678
-80759.5, 4.59167, 0.146927
-92347.6, 1.69087, 0.146781
-80617.7, 4.06642, 0.14678
-80586.9, 4.06642, 0.146927
-80116.7, 4.59626, 0.15
-92022.6, 1.68918, 0.15
-92039.2, 1.68918, 0.14985
-79951.9, 4.14898, 0.15
-80114.5, 4.59167, 0.15
-80145.8, 4.59167, 0.14985
-91990.1, 1.69087, 0.15
-79951.5, 4.14484, 0.15
-79982.6, 4.14484, 0.14985
-80116.7, 4.59626, 0.15
-92022.6, 1.68918, 0.15
-92039.2, 1.68918, 0.14985
-79951.9, 4.14898, 0.15
-80114.5, 4.59167, 0.15
-80145.8, 4.59167, 0.14985
-91990.1, 1.69087, 0.15
-79951.5, 4.14484, 0.15
-79982.6, 4.14484, 0.14985
-80116.7, 4.59626, 0.15
-92022.6, 1.68918, 0.15
-92039.2, 1.68918, 0.14985
-79951.9, 4.14898, 0.15
-80114.5, 4.59167, 0.15
-80145.8, 4.59167, 0.14985
-91990.1, 1.69087, 0.15
-79951.5, 4.14484, 0.15
-79982.6, 4.14484, 0.14985
-80116.7, 4.59626, 0.15
-92022.6, 1.68918, 0.15
-92039.2, 1.68918, 0.14985
-79951.9, 4.14898, 0.15
-80114.5, 4.59167, 0.15
-80145.8, 4.59167, 0.14985
-91990.1, 1.69087, 0.15
-79951.5, 4.14484, 0.15
-79982.6, 4.14484, 0.14985
-80116.7, 4.59626, 0.15
-92022.6, 1.68918, 0.15
-92039.2, 1.68918, 0.14985
-79951.9, 4.14898, 0.15
-80114.5, 4.59167, 0.15
-80145.8, 4.59167, 0.14985
-91990.1, 1.69087, 0.15
-79951.5, 4.14484, 0.15
-79982.6, 4.14484, 0.14985
-115758, 4.80063, 0.01
-115763, 1.76431, 0.01005
-115761, 1.76431, 0.0100601
-115533, 2.86326, 0.0100258
-115352, 4.79583, 0.0121153
-115350, 4.79583, 0.0121274
-115424, 1.76606, 0.0121579
-115091, 3.02725, 0.0121349
-115090, 3.02725, 0.012147
-115205, 3.85483, 0.0121246
-114800, 4.79583, 0.014678
-114796, 4.79583, 0.0146927
-114978, 1.76606, 0.0147149
-114676, 3.07275, 0.0146944
-114673, 3.07275, 0.0147091
-114057, 4.80063, 0.0177828
-114436, 1.76429, 0.0178154
-114432, 1.76429, 0.0178332
-114051, 3.33252, 0.0177947
-113295, 4.79583, 0.0215443
-113291, 4.79583, 0.0215659
-110712, 10.9354, 0.0380072
-102840, 80, 0.15
-102860, 80, 0.14985
-112331, 4.80063, 0.0261016
-112751, 1.76429, 0.0261569
-112745, 1.76429, 0.0261831
-111964, 3.18211, 0.0261243
-110926, 4.79583, 0.0316228
-110917, 4.79583, 0.0316544
-111565, 1.76605, 0.0316508
-110581, 3.19388, 0.0316342
-110572, 3.19388, 0.0316658
-109016, 4.80063, 0.0383119
-110092, 1.76429, 0.0383325
-110084, 1.76429, 0.0383709
-108693, 3.29856, 0.0383196
-106922, 4.79583, 0.0464159
-106909, 4.79583, 0.0464623
-108282, 1.76605, 0.0464434
-106427, 3.34028, 0.0464258
-106414, 3.34028, 0.0464723
-104059, 4.80063, 0.0562341
-106147, 1.76429, 0.056251
-106135, 1.76429, 0.0563073
-103571, 3.40734, 0.0562399
-100736, 4.79583, 0.0681292
-100717, 4.79583, 0.0681974
-103641, 1.76605, 0.0681468
-100166, 3.52031, 0.0681347
-100146, 3.52031, 0.0682028
-96697.2, 4.80063, 0.0825404
-100834, 1.76429, 0.0825579
-100818, 1.76429, 0.0826405
-96167.9, 3.68845, 0.082545
-92008.9, 4.79583, 0.1
-91983.4, 4.79583, 0.1001
-97715.3, 1.76605, 0.100014
-91546.9, 3.84947, 0.100003
-91521.1, 3.84947, 0.100103
-86736, 4.80063, 0.121153
-94433.2, 1.76429, 0.121161
-94415.5, 1.76429, 0.121282
-86340.9, 3.98396, 0.121154
-80925.6, 4.79583, 0.14678
-80894, 4.79583, 0.146927
-91005.5, 1.76605, 0.146781
-80621, 4.09954, 0.14678
-80589.8, 4.09954, 0.146927
-80239.8, 4.80063, 0.15
-90650.4, 1.76429, 0.15
-90668.3, 1.76429, 0.14985
-79949.6, 4.12407, 0.15
-80236.3, 4.79583, 0.15
-80268.2, 4.79583, 0.14985
-90620.2, 1.76605, 0.15
-79949.3, 4.11995, 0.15
-79980.4, 4.11995, 0.14985
-80239.8, 4.80063, 0.15
-90650.4, 1.76429, 0.15
-90668.3, 1.76429, 0.14985
-79949.6, 4.12407, 0.15
-80236.3, 4.79583, 0.15
-80268.2, 4.79583, 0.14985
-90620.2, 1.76605, 0.15
-79949.3, 4.11995, 0.15
-79980.4, 4.11995, 0.14985
-80239.8, 4.80063, 0.15
-90650.4, 1.76429, 0.15
-90668.3, 1.76429, 0.14985
-79949.6, 4.12407, 0.15
-80236.3, 4.79583, 0.15
-80268.2, 4.79583, 0.14985
-90620.2, 1.76605, 0.15
-79949.3, 4.11995, 0.15
-79980.4, 4.11995, 0.14985
-80239.8, 4.80063, 0.15
-90650.4, 1.76429, 0.15
-90668.3, 1.76429, 0.14985
-79949.6, 4.12407, 0.15
-80236.3, 4.79583, 0.15
-80268.2, 4.79583, 0.14985
-90620.2, 1.76605, 0.15
-79949.3, 4.11995, 0.15
-79980.4, 4.11995, 0.14985
-80239.8, 4.80063, 0.15
-90650.4, 1.76429, 0.15
-90668.3, 1.76429, 0.14985
-79949.6, 4.12407, 0.15
-80236.3, 4.79583, 0.15
-80268.2, 4.79583, 0.14985
-90620.2, 1.76605, 0.15
-79949.3, 4.11995, 0.15
-79980.4, 4.11995, 0.14985
-115781, 5.005, 0.01
-115731, 1.83942, 0.0100494
-115729, 1.83942, 0.0100594
-115571, 3.24897, 0.0100213
-115383, 5, 0.0121153
-115380, 5, 0.0121274
-115387, 1.84125, 0.0121572
-115091, 3.02746, 0.0121363
-115089, 3.02746, 0.0121484
-115217, 3.93162, 0.0121254
-114839, 5, 0.014678
-114836, 5, 0.0146927
-114908, 1.84124, 0.0147141
-114665, 3.15866, 0.0146946
-114663, 3.15866, 0.0147093
-114106, 5.005, 0.0177828
-114363, 1.8394, 0.0178144
-114360, 1.8394, 0.0178322
-114051, 3.34199, 0.0177955
-113284, 5, 0.0215443
-113280, 5, 0.0215659
-110790, 11.3556, 0.0382261
-102840, 80, 0.15
-102860, 80, 0.14985
-112363, 5.005, 0.0261016
-112622, 1.8394, 0.0261671
-112616, 1.8394, 0.0261932
-111962, 3.18314, 0.0261312
-112139, 3.97415, 0.0261166
-112132, 3.97415, 0.0261427
-111948, 3.287, 0.0261291
-110998, 5, 0.0316228
-110990, 5, 0.0316544
-111392, 1.84124, 0.0316516
-110580, 3.18805, 0.0316357
-110571, 3.18805, 0.0316674
-109123, 5.005, 0.0383119
-109861, 1.8394, 0.0383321
-109853, 1.8394, 0.0383705
-108694, 3.30331, 0.0383203
-107000, 5, 0.0464159
-106988, 5, 0.0464623
-107981, 1.84124, 0.0464464
-106428, 3.35732, 0.046428
-106415, 3.35732, 0.0464745
-104196, 5.005, 0.0562341
-105754, 1.8394, 0.0562507
-105741, 1.8394, 0.056307
-103570, 3.42449, 0.0562404
-100862, 5, 0.0681292
-100843, 5, 0.0681974
-103137, 1.84124, 0.0681475
-100173, 3.55142, 0.0681355
-100153, 3.55142, 0.0682036
-96810, 5.005, 0.0825404
-100191, 1.8394, 0.0825596
-100175, 1.8394, 0.0826422
-96181, 3.74854, 0.082546
-92124.2, 5, 0.1
-92099.2, 5, 0.1001
-96911.5, 1.84124, 0.100009
-91534.9, 3.78371, 0.100003
-91509.1, 3.78371, 0.100103
-86867.6, 5.005, 0.121153
-93441.4, 1.8394, 0.121161
-93422.8, 1.8394, 0.121282
-86353.3, 4.04037, 0.121155
-81073.2, 5, 0.14678
-81041.8, 5, 0.146927
-89811.8, 1.84124, 0.146781
-80628, 4.14136, 0.14678
-80596.9, 4.14136, 0.146927
-80392.2, 5.005, 0.15
-89427.3, 1.8394, 0.15
-89446.2, 1.8394, 0.14985
-79953.1, 4.16053, 0.15
-80388.3, 5, 0.15
-80420.1, 5, 0.14985
-89399.2, 1.84124, 0.15
-79952.7, 4.15637, 0.15
-79983.7, 4.15637, 0.14985
-80392.2, 5.005, 0.15
-89427.3, 1.8394, 0.15
-89446.2, 1.8394, 0.14985
-79953.1, 4.16053, 0.15
-80388.3, 5, 0.15
-80420.1, 5, 0.14985
-89399.2, 1.84124, 0.15
-79952.7, 4.15637, 0.15
-79983.7, 4.15637, 0.14985
-80392.2, 5.005, 0.15
-89427.3, 1.8394, 0.15
-89446.2, 1.8394, 0.14985
-79953.1, 4.16053, 0.15
-80388.3, 5, 0.15
-80420.1, 5, 0.14985
-89399.2, 1.84124, 0.15
-79952.7, 4.15637, 0.15
-79983.7, 4.15637, 0.14985
-80392.2, 5.005, 0.15
-89427.3, 1.8394, 0.15
-89446.2, 1.8394, 0.14985
-79953.1, 4.16053, 0.15
-80388.3, 5, 0.15
-80420.1, 5, 0.14985
-89399.2, 1.84124, 0.15
-79952.7, 4.15637, 0.15
-79983.7, 4.15637, 0.14985
-80392.2, 5.005, 0.15
-89427.3, 1.8394, 0.15
-89446.2, 1.8394, 0.14985
-79953.1, 4.16053, 0.15
-80388.3, 5, 0.15
-80420.1, 5, 0.14985
-89399.2, 1.84124, 0.15
-79952.7, 4.15637, 0.15
-79983.7, 4.15637, 0.14985
