-1.23405e+07,7.61845,60.6961
-1.12139e+07,15.5765,30.204
-1.12161e+07,15.5765,30.2343
-4.27209e+06,273.562,1.85217
-4.24889e+06,257.263,1.96451
-4.2505e+06,257.263,1.96648
-4.47123e+06,212.603,2.36795
-4.24889e+06,257.263,1.96451
-4.2505e+06,257.263,1.96648
-1.21255e+07,7.61845,26.6517
-8.95614e+06,15.6805,13.3543
-8.95894e+06,15.6805,13.3677
-2.8273e+06,282.817,0.841812
-3.09347e+06,137.456,1.67626
-3.09611e+06,137.456,1.67794
-2.84416e+06,218.392,1.0778
-2.82525e+06,282.534,0.841812
-2.82542e+06,282.534,0.842654
-1.23421e+07,7.61845,68.8449
-1.14759e+07,15.571,34.2466
-1.14778e+07,15.571,34.2808
-4.48336e+06,273.075,2.097
-4.87855e+06,190.148,2.98201
-4.88077e+06,190.148,2.98499
-4.49193e+06,265.594,2.1546
-4.48119e+06,272.802,2.097
-4.48284e+06,272.802,2.0991
-1.23319e+07,7.61845,49.3389
-1.07098e+07,15.5928,24.5788
-1.07124e+07,15.5928,24.6033
-3.84405e+06,274.996,1.51371
-1.2343e+07,2.64705e+07,2.17758e-05
-1.2343e+07,2.64705e+07,2.17976e-05
-9.70181e+06,1919.37,0.229202
-3.46135e+06,347.235,1.20561
-3.46228e+06,347.235,1.20681
-1.00532e+07,7.61845,8.90977
-6.71994e+06,16.0963,4.5933
-6.72165e+06,16.0963,4.59789
-1.07003e+07,7.61845,11.3977
-7.11629e+06,15.967,5.82321
-7.11791e+06,15.967,5.82903
-1.2343e+07,7.61845,94.184
-1.19598e+07,15.5648,46.8324
-1.1961e+07,15.5648,46.8793
-5.32395e+06,272.536,2.86302
-1.19681e+07,6340.47,0.132352
-1.19674e+07,6340.47,0.132485
-5.18118e+06,302.286,2.58754
-4.48808e+06,453.465,1.73966
-4.48949e+06,453.465,1.7414
-1.2324e+07,7.61845,45.2381
-1.04768e+07,15.5968,22.5418
-1.04796e+07,15.5968,22.5643
-3.61252e+06,275.344,1.38971
-1.2343e+07,2.66116e+07,2.00755e-05
-1.2343e+07,2.66116e+07,2.00956e-05
-1.14116e+07,2827.05,0.144863
-3.4047e+06,350.917,1.0971
-3.40546e+06,350.917,1.09819
-1.23222e+07,7.61845,44.537
-1.04338e+07,15.5987,22.1954
-1.04366e+07,15.5987,22.2176
-3.56914e+06,275.52,1.36907
-1.2343e+07,2.66832e+07,1.98191e-05
-1.2343e+07,2.66832e+07,1.9839e-05
-1.15431e+07,2968.47,0.136307
-3.40684e+06,354.046,1.07229
-3.40755e+06,354.046,1.07337
-1.23418e+07,7.61845,66.1506
-1.13969e+07,15.5715,32.9075
-1.13989e+07,15.5715,32.9405
-4.41741e+06,273.125,2.01531
-4.71352e+06,204.62,2.66833
-4.71626e+06,204.62,2.671
-4.41741e+06,273.125,2.01531
-6.00835e+06,7.61084,1.68375
-6.01099e+06,7.61084,1.68544
-2.00116e+06,15.8265,0.851098
-1.11427e+07,294.461,0.0555625
-1.11406e+07,294.461,0.055618
-493449,26.1767,0.532176
-6.7885e+06,7.61084,2.3115
-6.79078e+06,7.61084,2.31382
-3.00668e+06,16.0833,1.18923
-1.01944e+07,319.135,0.0833212
-1.01912e+07,319.135,0.0834045
-621823,31.9307,0.646196
-1.04344e+07,7.61084,10.2635
-1.0437e+07,7.61084,10.2738
-6.94795e+06,16.0226,5.25815
-1.23424e+07,7.61084,71.2967
-1.23424e+07,7.61084,71.368
-1.15401e+07,15.583,35.4579
-4.53401e+06,272.49,2.16914
-4.53564e+06,272.49,2.17131
-5.04879e+06,180.858,3.23944
-4.62965e+06,262.394,2.25056
-4.63283e+06,262.394,2.25282
-4.53622e+06,272.763,2.16914
-1.2341e+07,7.61084,62.5027
-1.23411e+07,7.61084,62.5653
-1.12759e+07,15.5905,31.0997
-4.32125e+06,273.146,1.90628
-4.32302e+06,273.146,1.90819
-4.46985e+06,235.246,2.20721
-4.32125e+06,273.146,1.90628
-4.32302e+06,273.146,1.90819
-1.23426e+07,6.17493,60.6961
-1.16413e+07,12.6355,30.2295
-1.1643e+07,12.6355,30.2597
-3.93048e+06,222.639,1.85999
-1.2343e+07,2.13535e+07,2.6658e-05
-1.2343e+07,2.13535e+07,2.66847e-05
-1.08334e+07,2466.07,0.179541
-3.51948e+06,310.056,1.34664
-3.52289e+06,310.056,1.34799
-3.70741e+06,414.744,1.0159
-3.51948e+06,310.056,1.34664
-3.52289e+06,310.056,1.34799
-1.22505e+07,6.17493,26.6517
-9.60453e+06,12.7195,13.3654
-9.60741e+06,12.7195,13.3788
-2.41478e+06,230.136,0.8453
-2.83732e+06,118.671,1.58832
-2.83953e+06,118.671,1.58991
-2.59462e+06,196.199,0.984227
-2.41284e+06,229.906,0.8453
-2.41306e+06,229.906,0.846146
-1.23429e+07,6.17493,68.8449
-1.18355e+07,12.63,34.2725
-1.18369e+07,12.63,34.3068
-4.27786e+06,222.153,2.10496
-1.20894e+07,5194.14,0.0978074
-1.2089e+07,5194.14,0.0979053
-4.11933e+06,277.947,1.69247
-3.60336e+06,353.037,1.33969
-3.60445e+06,353.037,1.34103
-1.23406e+07,6.17493,49.3389
-1.12386e+07,12.6478,24.5977
-1.12408e+07,12.6478,24.6223
-3.5581e+06,223.723,1.51954
-3.64218e+06,194.475,1.73893
-3.64482e+06,194.475,1.74067
-3.5581e+06,223.723,1.51954
-1.06741e+07,6.16876,8.90977
-1.06766e+07,6.16876,8.91868
-7.04518e+06,13.0688,4.59702
-1.12358e+07,6.16876,11.3977
-1.12379e+07,6.16876,11.4091
-7.49551e+06,12.9593,5.82557
-3.34017e+06,251.16,0.397581
-3.33777e+06,251.16,0.397978
-2.50792e+06,52.5408,1.64045
-1.2343e+07,6.16876,94.184
-1.2343e+07,6.16876,94.2782
-1.21562e+07,12.5748,46.6306
-4.90929e+06,216.045,2.80188
-4.91208e+06,216.045,2.80468
-1.2343e+07,1.89184e+07,3.65224e-05
-7.85084e+06,1788.76,0.346763
-7.84653e+06,1788.76,0.34711
-4.10255e+06,429.454,1.42216
-4.56318e+06,326.346,1.86372
-4.56581e+06,326.346,1.86559
-4.10255e+06,429.454,1.42216
-1.23384e+07,6.16876,45.2381
-1.23385e+07,6.16876,45.2833
-1.10389e+07,12.6672,22.5657
-3.41765e+06,224.102,1.39712
-3.41945e+06,224.102,1.39851
-1.22297e+07,5295.38,0.0654928
-3.3918e+06,234.361,1.33787
-3.39392e+06,234.361,1.33921
-3.03676e+06,273.73,1.15228
-8.00685e+06,1202.75,0.274711
-8.00244e+06,1202.75,0.274986
-3.30935e+06,353.875,0.898676
-3.03692e+06,273.456,1.15228
-3.03996e+06,273.456,1.15343
-1.23379e+07,6.17493,44.537
-1.10043e+07,12.6546,22.2162
-1.10067e+07,12.6546,22.2384
-3.39076e+06,224.331,1.3755
-1.2233e+07,5290.31,0.0644806
-1.22328e+07,5290.31,0.0645452
-3.33677e+06,238.815,1.29467
-3.00957e+06,294.603,1.05556
-3.01025e+06,294.603,1.05662
-1.23428e+07,6.17493,66.1506
-1.17782e+07,12.6318,32.9361
-1.17797e+07,12.6318,32.9691
-4.17599e+06,222.313,2.02408
-1.22287e+07,6671.76,0.073862
-1.22284e+07,6671.76,0.0739359
-3.90203e+06,299.725,1.51347
-3.78951e+06,421.073,1.08618
-3.79032e+06,421.073,1.08727
-6.61733e+06,6.17493,1.68375
-2.54432e+06,13.4081,0.896494
-2.54734e+06,13.4081,0.89739
-1.05392e+07,299.554,0.0720477
-500507,25.4424,0.532961
-501123,25.4424,0.533494
-7.3581e+06,6.17493,2.3115
-3.56795e+06,13.555,1.24766
-3.57125e+06,13.555,1.24891
-9.3202e+06,316.328,0.105903
-589040,32.6878,0.626134
-589965,32.6878,0.62676
-1.10057e+07,6.17493,10.2635
-7.30153e+06,12.9887,5.26493
-7.30337e+06,12.9887,5.27019
-1.23429e+07,6.17493,71.2967
-1.18826e+07,12.6293,35.4913
-1.18839e+07,12.6293,35.5268
-4.36283e+06,222.098,2.17938
-1.20718e+07,5191.75,0.101243
-1.20713e+07,5191.75,0.101344
-4.19511e+06,265.658,1.83068
-1.23427e+07,6.16876,62.5027
-1.23427e+07,6.16876,62.5653
-1.16883e+07,12.6458,31.1234
-4.01573e+06,222.214,1.91356
-4.0187e+06,222.214,1.91547
-1.2343e+07,2.12932e+07,2.73436e-05
-1.03628e+07,2233.2,0.202795
-1.03598e+07,2233.2,0.202998
-3.58822e+06,312.558,1.37452
-3.74755e+06,421.082,1.02761
-3.74826e+06,421.082,1.02864
-3.58822e+06,312.558,1.37452
-1.23348e+07,8.9231,60.6961
-1.23349e+07,8.9231,60.7569
-1.08158e+07,18.2717,30.1891
-4.51567e+06,319.636,1.84759
-4.51821e+06,319.636,1.84944
-1.2343e+07,3.00843e+07,2.59197e-05
-8.53122e+06,1981,0.311556
-8.52695e+06,1981,0.311868
-4.1421e+06,455.911,1.30778
-1.19714e+07,8.9231,26.6517
-1.19725e+07,8.9231,26.6783
-8.48978e+06,18.3952,13.3487
-3.14922e+06,330.585,0.840049
-3.14941e+06,330.585,0.84089
-1.23397e+07,8.93202,68.8449
-1.11267e+07,18.2442,34.2244
-1.1129e+07,18.2442,34.2586
-4.79596e+06,319.147,2.09021
-1.21685e+07,7417.05,0.0965228
-1.21681e+07,7417.05,0.0966194
-4.7784e+06,331.394,2.01469
-4.39199e+06,386.912,1.73001
-4.39584e+06,386.912,1.73174
-7.0487e+06,1695.73,0.408638
-4.56883e+06,601.263,1.12448
-4.56999e+06,601.263,1.12561
-4.2521e+06,443.116,1.51673
-1.23138e+07,8.9231,49.3389
-1.2314e+07,8.9231,49.3882
-1.02513e+07,18.2908,24.5666
-3.90995e+06,321.316,1.50997
-3.91337e+06,321.316,1.51149
-1.2343e+07,3.07538e+07,2.1551e-05
-1.19447e+07,4517.34,0.115383
-1.1944e+07,4517.34,0.115498
-3.93249e+06,449.336,1.09069
-3.90995e+06,321.316,1.50997
-3.91337e+06,321.316,1.51149
-9.55815e+06,8.93202,8.90977
-6.52327e+06,18.8483,4.5869
-6.52496e+06,18.8483,4.59148
-1.02416e+07,8.93202,11.3977
-6.90142e+06,18.7035,5.81754
-6.90284e+06,18.7035,5.82336
-1.23428e+07,8.93202,94.184
-1.17386e+07,18.2342,46.7949
-1.17401e+07,18.2342,46.8417
-5.53714e+06,318.276,2.85156
-1.2343e+07,2.93969e+07,3.93204e-05
-1.2343e+07,2.93969e+07,3.93597e-05
-1.01405e+07,3512.01,0.271942
-4.85913e+06,537.127,1.70691
-4.86054e+06,537.127,1.70862
-4.99011e+06,451.636,2.02453
-4.85913e+06,537.127,1.70691
-4.86054e+06,537.127,1.70862
-1.22966e+07,8.93202,45.2381
-1.00038e+07,18.2821,22.5369
-1.00067e+07,18.2821,22.5595
-3.61681e+06,322.482,1.38821
-1.2343e+07,3.10633e+07,1.99849e-05
-1.2343e+07,3.10633e+07,2.00049e-05
-1.20384e+07,4716.38,0.102481
-3.88208e+06,453.862,0.995077
-3.88279e+06,453.862,0.996072
-3.61681e+06,322.482,1.38821
-1.22931e+07,8.9231,44.537
-1.22933e+07,8.9231,44.5816
-9.95509e+06,18.3012,22.1886
-3.56369e+06,322.227,1.367
-3.56713e+06,322.227,1.36837
-1.2343e+07,3.11219e+07,1.96932e-05
-1.20351e+07,4647.76,0.102316
-1.20345e+07,4647.76,0.102418
-3.86483e+06,451.465,0.986122
-3.56369e+06,322.227,1.367
-3.56713e+06,322.227,1.36837
-1.23385e+07,8.93202,66.1506
-1.10325e+07,18.2466,32.8896
-1.10349e+07,18.2466,32.9225
-4.71367e+06,319.365,2.00981
-1.2343e+07,2.98215e+07,2.80249e-05
-1.2343e+07,2.98215e+07,2.8053e-05
-4.78317e+06,853.791,0.769089
-4.35658e+06,507.955,1.27602
-4.35772e+06,507.955,1.2773
-4.45496e+06,366.224,1.75821
-4.35658e+06,507.955,1.27602
-4.35772e+06,507.955,1.2773
-5.56987e+06,8.93202,1.68375
-1.6512e+06,17.8563,0.819367
-1.65389e+06,17.8563,0.820186
-6.39002e+06,8.93202,2.3115
-2.61539e+06,18.1278,1.14167
-2.61861e+06,18.1278,1.14281
-1.07365e+07,309.098,0.0679398
-628807,31.898,0.650576
-629848,31.898,0.651227
-9.95279e+06,8.93202,10.2635
-6.74855e+06,18.7625,5.25693
-6.75011e+06,18.7625,5.26219
-1.23405e+07,8.93202,71.2967
-1.12066e+07,18.2423,35.4395
-1.12088e+07,18.2423,35.475
-4.86424e+06,318.984,2.16352
-4.85127e+06,306.034,2.25077
-4.85303e+06,306.034,2.25302
-5.07393e+06,250.122,2.74412
-4.85127e+06,306.034,2.25077
-4.85303e+06,306.034,2.25302
-1.23363e+07,8.93202,62.5027
-1.0893e+07,18.2495,31.0808
-1.08955e+07,18.2495,31.1119
-4.58575e+06,319.612,1.90049
-1.2343e+07,2.99189e+07,2.6568e-05
-1.2343e+07,2.99189e+07,2.65946e-05
-6.9241e+06,1560.97,0.403959
-4.24771e+06,487.056,1.25835
-4.2488e+06,487.056,1.25961
-4.03695e+06,387.341,1.5753
-1.23332e+07,9.16051,60.6961
-1.23333e+07,9.16051,60.7569
-1.07453e+07,18.7568,30.1874
-4.54512e+06,328.049,1.84706
-4.54782e+06,328.049,1.84891
-1.2343e+07,3.08486e+07,2.58886e-05
-9.7999e+06,2503.18,0.254176
-9.79631e+06,2503.18,0.25443
-4.13614e+06,442.704,1.37994
-1.194e+07,9.16051,26.6517
-1.19412e+07,9.16051,26.6783
-8.41719e+06,18.8838,13.3481
-3.20304e+06,339.306,0.839856
-3.20324e+06,339.306,0.840696
-1.23389e+07,9.16968,68.8449
-1.10631e+07,18.7281,34.2216
-1.10655e+07,18.7281,34.2558
-4.84161e+06,327.508,2.08936
-1.2173e+07,7608.72,0.0964492
-1.21727e+07,7608.72,0.0965457
-4.74716e+06,355.369,1.9291
-4.38441e+06,487.178,1.41583
-4.38562e+06,487.178,1.41725
-1.2309e+07,9.16968,49.3389
-1.01758e+07,18.7577,24.5653
-1.01787e+07,18.7577,24.5899
-3.90839e+06,330.109,1.50957
-1.2343e+07,3.15061e+07,2.15269e-05
-1.2343e+07,3.15061e+07,2.15484e-05
-1.20061e+07,4878.56,0.10984
-4.00905e+06,469.162,1.07123
-4.00991e+06,469.162,1.0723
-3.90839e+06,330.109,1.50957
-9.47893e+06,9.16051,8.90977
-9.48172e+06,9.16051,8.91868
-6.49268e+06,19.3549,4.58309
-1.01657e+07,9.16051,11.3977
-1.01684e+07,9.16051,11.4091
-6.87007e+06,19.1974,5.80992
-1.23427e+07,9.16051,94.184
-1.23427e+07,9.16051,94.2782
-1.1694e+07,18.738,46.7946
-5.56016e+06,326.41,2.85149
-5.56343e+06,326.41,2.85434
-1.2343e+07,3.02062e+07,3.93163e-05
-1.07714e+07,4135.7,0.237515
-1.07689e+07,4135.7,0.237753
-4.87255e+06,524.08,1.79567
-5.05164e+06,455.939,2.05593
-5.05576e+06,455.939,2.05799
-4.87255e+06,524.08,1.79567
-1.22902e+07,9.16051,45.2381
-1.22904e+07,9.16051,45.2833
-9.92028e+06,18.7857,22.5349
-3.61053e+06,330.584,1.38758
-3.61399e+06,330.584,1.38897
-1.2343e+07,3.18623e+07,1.99467e-05
-1.20394e+07,4796.08,0.103172
-1.20388e+07,4796.08,0.103275
-3.93187e+06,464.414,0.99825
-3.61053e+06,330.584,1.38758
-3.61399e+06,330.584,1.38897
-1.22857e+07,9.16968,44.537
-9.87747e+06,18.7687,22.1879
-9.88041e+06,18.7687,22.2101
-3.55853e+06,331.076,1.36676
-1.2343e+07,3.18954e+07,1.96788e-05
-1.2343e+07,3.18954e+07,1.96985e-05
-1.20233e+07,4667.85,0.104561
-3.90337e+06,458.559,0.995058
-3.90409e+06,458.559,0.996054
-3.55853e+06,331.076,1.36676
-1.23376e+07,9.16051,66.1506
-1.23376e+07,9.16051,66.2168
-1.0964e+07,18.7495,32.8871
-4.75322e+06,327.417,2.00907
-4.75554e+06,327.417,2.01108
-1.2343e+07,3.05995e+07,2.79817e-05
-5.51189e+06,1224.94,0.553518
-5.50986e+06,1224.94,0.554071
-4.43621e+06,531.893,1.25179
-4.2369e+06,397.024,1.66418
-4.24071e+06,397.024,1.66585
-5.50013e+06,9.16968,1.68375
-1.59813e+06,18.2072,0.814069
-1.60076e+06,18.2072,0.814884
-6.32736e+06,9.16968,2.3115
-2.55389e+06,18.4837,1.13395
-2.55712e+06,18.4837,1.13509
-1.08123e+07,306.689,0.0656739
-625875,32.0431,0.648896
-626898,32.0431,0.649546
-9.87159e+06,9.16968,10.2635
-6.71961e+06,19.2423,5.25106
-6.72115e+06,19.2423,5.25631
-1.23399e+07,9.16968,71.2967
-1.11451e+07,18.7261,35.4364
-1.11474e+07,18.7261,35.4719
-4.91333e+06,327.331,2.16257
-1.21612e+07,7600.99,0.0997802
-1.21608e+07,7600.99,0.0998801
-4.9052e+06,335.992,2.10806
-4.71881e+06,374.933,1.89187
-4.72224e+06,374.933,1.89376
-6.80197e+06,1689.84,0.434478
-4.67124e+06,625.636,1.14675
-4.67248e+06,625.636,1.1479
-4.36991e+06,461.786,1.54469
-1.2335e+07,9.16051,62.5027
-1.2335e+07,9.16051,62.5653
-1.08214e+07,18.7531,31.0797
-4.61863e+06,327.733,1.90016
-4.62119e+06,327.733,1.90207
-1.2343e+07,3.07241e+07,2.65489e-05
-8.51507e+06,2045.96,0.31776
-8.51079e+06,2045.96,0.318077
-4.24711e+06,474.636,1.32481
-1.23424e+07,6.41762,60.6961
-1.23425e+07,6.41762,60.7569
-1.15678e+07,13.158,30.2286
-3.947e+06,231.357,1.85972
-3.95025e+06,231.357,1.86158
-1.2343e+07,2.2224e+07,2.66417e-05
-1.12084e+07,2838.9,0.162475
-1.12064e+07,2838.9,0.162638
-3.47882e+06,325.975,1.33382
-3.78285e+06,429.292,1.01959
-3.78356e+06,429.292,1.02061
-3.47882e+06,325.975,1.33382
-1.22332e+07,6.41762,26.6517
-1.22337e+07,6.41762,26.6783
-9.47814e+06,13.2435,13.363
-2.48834e+06,238.974,0.844533
-2.48854e+06,238.974,0.845378
-2.88825e+06,122.063,1.6049
-2.6319e+06,200.876,0.996756
-2.6341e+06,200.876,0.997753
-2.49031e+06,239.213,0.844533
-1.23428e+07,6.41762,68.8449
-1.23428e+07,6.41762,68.9138
-1.17753e+07,13.152,34.2709
-4.32073e+06,230.831,2.10446
-4.32347e+06,230.831,2.10657
-1.22563e+07,7720.8,0.0691114
-3.9772e+06,317.929,1.54094
-3.98051e+06,317.929,1.54248
-4.0123e+06,474.75,1.04396
-3.9772e+06,317.929,1.54094
-3.98051e+06,317.929,1.54248
-1.23398e+07,6.42404,49.3389
-1.11466e+07,13.1553,24.5924
-1.11489e+07,13.1553,24.617
-3.62344e+06,232.507,1.51791
-1.05627e+07,6.41762,8.90977
-1.05652e+07,6.41762,8.91868
-6.97689e+06,13.5915,4.59526
-1.11431e+07,6.41762,11.3977
-1.11452e+07,6.41762,11.4091
-7.41508e+06,13.475,5.82216
-1.2343e+07,6.41762,94.184
-1.2343e+07,6.41762,94.2782
-1.21265e+07,13.1578,46.9059
-5.06472e+06,231.338,2.88554
-5.06773e+06,231.338,2.88843
-1.2343e+07,2.22165e+07,4.13264e-05
-9.13085e+06,2401.06,0.296632
-9.12681e+06,2401.06,0.296929
-4.26705e+06,442.916,1.53599
-4.70901e+06,354.321,1.90636
-4.71204e+06,354.321,1.90827
-4.26705e+06,442.916,1.53599
-1.23369e+07,6.41762,45.2381
-1.2337e+07,6.41762,45.2833
-1.09392e+07,13.1764,22.5625
-3.4718e+06,232.981,1.39612
-3.47376e+06,232.981,1.39751
-1.22342e+07,5501.84,0.0654048
-3.32413e+06,257.493,1.26722
-3.32695e+06,257.493,1.26849
-3.31056e+06,350.987,0.939732
-1.23362e+07,6.41762,44.537
-1.23363e+07,6.41762,44.5816
-1.09008e+07,13.1757,22.2115
-3.43972e+06,232.913,1.37407
-3.44173e+06,232.913,1.37544
-1.22376e+07,5498.82,0.0643547
-3.2292e+06,262.158,1.22534
-3.23219e+06,262.158,1.22656
-3.38193e+06,367.432,0.884462
-3.2292e+06,262.158,1.22534
-3.23219e+06,262.158,1.22656
-1.23428e+07,6.42404,66.1506
-1.17154e+07,13.1394,32.9311
-1.1717e+07,13.1394,32.964
-4.20873e+06,231.108,2.02252
-1.2343e+07,169894,0.00327575
-1.2343e+07,169894,0.00327903
-4.34541e+06,631.56,0.760154
-3.57525e+06,344.184,1.37118
-3.57639e+06,344.184,1.37255
-3.99171e+06,302.375,1.55692
-3.57525e+06,344.184,1.37118
-3.57639e+06,344.184,1.37255
-6.49888e+06,6.42404,1.68375
-2.43675e+06,13.8424,0.888163
-2.43977e+06,13.8424,0.889051
-1.06678e+07,299.908,0.0687618
-499246,25.5703,0.532986
-499849,25.5703,0.533519
-7.24582e+06,6.42404,2.3115
-3.45604e+06,13.9751,1.23357
-3.45935e+06,13.9751,1.23481
-9.53043e+06,314.563,0.100057
-593730,32.2094,0.628849
-594704,32.2094,0.629478
-1.09042e+07,6.42404,10.2635
-7.22723e+06,13.5142,5.26558
-7.22902e+06,13.5142,5.27085
-1.23429e+07,6.42404,71.2967
-1.18275e+07,13.1389,35.4915
-1.18289e+07,13.1389,35.527
-4.41514e+06,231.065,2.17944
-1.20819e+07,5401.5,0.101249
-1.20814e+07,5401.5,0.10135
-4.24206e+06,293.063,1.72923
-4.28044e+06,581.166,0.887082
-4.28112e+06,581.166,0.88797
-3.8426e+06,405.665,1.26004
-1.23426e+07,6.41762,62.5027
-1.23426e+07,6.41762,62.5653
-1.16196e+07,13.1554,31.1219
-4.03779e+06,231.124,1.91309
-4.04097e+06,231.124,1.915
-1.2343e+07,2.21302e+07,2.73156e-05
-1.10078e+07,2707.39,0.174614
-1.10055e+07,2707.39,0.174789
-3.57097e+06,325.917,1.37073
-3.82405e+06,435.946,1.0319
-3.82479e+06,435.946,1.03293
-3.57097e+06,325.917,1.37073
-1.2343e+07,0.388258,60.6961
-1.2343e+07,0.388258,60.7569
-1.2343e+07,1.05431,64.6858
-1.2343e+07,0.664719,62.8141
-1.2343e+07,0.664719,62.877
-1.2343e+07,0.388646,26.6517
-1.2343e+07,1.04123,31.3954
-1.2343e+07,1.04123,31.4268
-9.62576e+06,53.9131,60.455
-2.46389e+07,3.85575e+08,831.185
-2.46605e+07,3.85575e+08,832.016
-7.84678e+06,321.096,81.3042
-7.5424e+06,146.55,71.3871
-7.54366e+06,146.55,71.4585
-7.37136e+06,198.975,75.0933
-1.2343e+07,0.388258,68.8449
-1.2343e+07,0.388258,68.9138
-1.2343e+07,0.993621,97.186
-1.2343e+07,0.415507,70.5817
-1.2343e+07,0.415507,70.6523
-1.2343e+07,0.390609,68.9724
-1.2343e+07,0.388828,68.882
-1.2343e+07,0.388828,68.951
-1.2343e+07,0.389149,68.8777
-1.2343e+07,0.388827,68.882
-1.2343e+07,0.388827,68.9509
-1.2343e+07,0.389217,68.882
-1.2343e+07,0.388258,49.3389
-1.2343e+07,0.388258,49.3882
-1.2343e+07,1.05273,45.3694
-1.2343e+07,0.527608,48.0815
-1.2343e+07,0.527608,48.1296
-1.2343e+07,0.903829,45.9555
-1.2343e+07,0.596118,47.59
-1.2343e+07,0.596118,47.6376
-1.2343e+07,0.554039,47.8881
-1.2343e+07,0.538724,47.9972
-1.2343e+07,0.538724,48.0452
-1.2343e+07,0.554039,47.8881
-1.2343e+07,0.388258,8.90977
-1.2343e+07,0.388258,8.91868
-1.2343e+07,0.273606,22.7265
-1.2343e+07,0.344925,12.2175
-1.2343e+07,0.344925,12.2298
-1.2343e+07,0.388646,11.3977
-1.2343e+07,0.996021,8.15047
-1.2343e+07,0.996021,8.15863
-1.2343e+07,0.388648,11.3977
-1.2343e+07,0.388258,11.3977
-1.2343e+07,0.388258,11.4091
-1.2343e+07,0.388648,11.3977
-1.2343e+07,0.388259,11.3977
-1.2343e+07,0.388259,11.4091
-1.2343e+07,0.388646,94.184
-1.2343e+07,1.02888,75.2734
-1.2343e+07,1.02888,75.3487
-1.2343e+07,0.445809,91.2582
-1.2343e+07,0.841934,78.826
-1.2343e+07,0.841934,78.9049
-1.2343e+07,0.698006,82.3178
-1.2343e+07,0.79316,79.9153
-1.2343e+07,0.79316,79.9953
-1.2343e+07,0.842776,78.826
-1.2343e+07,0.388258,45.2381
-1.2343e+07,0.388258,45.2833
-1.2343e+07,1.01565,59.73
-1.2343e+07,0.44836,47.1614
-1.2343e+07,0.44836,47.2086
-1.2343e+07,0.397282,45.5266
-1.2343e+07,0.432327,46.6672
-1.2343e+07,0.432327,46.7139
-1.2343e+07,0.421461,46.3114
-1.2343e+07,0.427725,46.523
-1.2343e+07,0.427725,46.5695
-1.2343e+07,0.43276,46.6672
-1.2343e+07,0.388258,44.537
-1.2343e+07,0.388258,44.5816
-1.2343e+07,1.04602,38.6989
-1.2343e+07,0.395347,44.4228
-1.2343e+07,0.395347,44.4673
-1.2343e+07,0.390323,44.5098
-1.2343e+07,0.388282,44.5366
-1.2343e+07,0.388282,44.5812
-1.2343e+07,0.388647,44.537
-1.2343e+07,0.388282,44.5366
-1.2343e+07,0.388282,44.5812
-1.2343e+07,0.388671,44.5366
-1.2343e+07,0.388258,66.1506
-1.2343e+07,0.388258,66.2168
-1.2343e+07,1.03628,54.4085
-1.2343e+07,0.432959,64.7297
-1.2343e+07,0.432959,64.7945
-1.2343e+07,0.660761,59.5124
-1.2343e+07,0.832178,56.8278
-1.2343e+07,0.832178,56.8847
-1.2343e+07,0.986704,54.9425
-1.2343e+07,1.03524,54.4085
-1.2343e+07,1.03524,54.4629
-1.2513e+07,0.388646,1.68375
-1.2343e+07,0.228725,3.93361
-1.2343e+07,0.228725,3.93754
-1.2377e+07,0.388646,2.3115
-1.2343e+07,0.215537,5.18812
-1.2343e+07,0.215537,5.19331
-1.2343e+07,0.388646,10.2635
-1.2343e+07,1.04756,11.5936
-1.2343e+07,1.04756,11.6052
-7.24213e+06,55.5705,18.8757
-7.02946e+06,4.37863e+08,132.632
-7.02941e+06,4.37863e+08,132.764
-7.88099e+06,3.8318e+07,98.3354
-7.02973e+06,2.72804e+08,125.147
-7.02984e+06,2.72804e+08,125.272
-7.02947e+06,4.38301e+08,132.632
-1.2343e+07,0.388258,71.2967
-1.2343e+07,0.388258,71.368
-1.2343e+07,1.05559,68.4848
-9.32218e+06,57.3897,58.3034
-9.32522e+06,57.3897,58.3617
-1.00395e+07,5.03909e+08,30.6262
-2.0028e+07,12174.2,46.9894
-2.00278e+07,12174.2,47.0365
-7.70919e+06,212.408,55.3126
-7.43538e+06,127.888,56.4521
-7.43627e+06,127.888,56.5086
-1.2343e+07,0.388646,62.5027
-1.2343e+07,0.819008,32.1284
-1.2343e+07,0.819008,32.1606
-1.2343e+07,0.417065,58.6913
-1.2343e+07,0.390438,62.1914
-1.2343e+07,0.390438,62.2537
-1.2343e+07,0.404153,60.3601
-1.2343e+07,0.412984,59.1554
-1.2343e+07,0.412984,59.2146
-1.2343e+07,0.41609,58.8139
-1.2343e+07,0.416648,58.6913
-1.2343e+07,0.416648,58.75
-1.23409e+07,7.45854,60.6961
-1.12622e+07,15.2508,30.2065
-1.12643e+07,15.2508,30.2367
-4.23302e+06,267.927,1.85293
-4.33836e+06,234.799,2.10513
-4.3412e+06,234.799,2.10724
-4.23302e+06,267.927,1.85293
-1.21426e+07,7.45108,26.6517
-1.21433e+07,7.45108,26.6783
-9.01733e+06,15.3677,13.3553
-2.78255e+06,276.696,0.842105
-2.78273e+06,276.696,0.842948
-3.06926e+06,135.561,1.66703
-2.81239e+06,216.388,1.06516
-2.8148e+06,216.388,1.06622
-2.7846e+06,276.972,0.842105
-1.23423e+07,7.45108,68.8449
-1.23423e+07,7.45108,68.9138
-1.15156e+07,15.259,34.2457
-4.43459e+06,267.042,2.09672
-4.43621e+06,267.042,2.09882
-4.90273e+06,180.824,3.07004
-4.5145e+06,256.461,2.18107
-4.5177e+06,256.461,2.18325
-4.43677e+06,267.309,2.09672
-1.23334e+07,7.45108,49.3389
-1.23335e+07,7.45108,49.3882
-1.07647e+07,15.2823,24.5813
-3.82378e+06,269.091,1.5145
-3.8262e+06,269.091,1.51601
-1.2343e+07,2.59961e+07,2.18235e-05
-8.71991e+06,1599.29,0.268214
-8.71567e+06,1599.29,0.268483
-3.44727e+06,347.977,1.18099
-1.01211e+07,7.45108,8.90977
-1.01238e+07,7.45108,8.91868
-6.74722e+06,15.7603,4.58874
-1.07611e+07,7.45108,11.3977
-1.07635e+07,7.45108,11.4091
-7.14803e+06,15.6495,5.82403
-1.2343e+07,7.45108,94.184
-1.2343e+07,7.45108,94.2782
-1.19833e+07,15.2528,46.8307
-5.28259e+06,266.502,2.86251
-5.28475e+06,266.502,2.86537
-1.1961e+07,6211.52,0.132307
-5.22603e+06,285.934,2.67235
-5.22882e+06,285.934,2.67502
-4.92654e+06,384.1,2.00508
-6.05929e+06,1543.07,0.515059
-6.05642e+06,1543.07,0.515574
-4.81361e+06,658.304,1.1847
-4.53549e+06,489.714,1.58005
-4.53681e+06,489.714,1.58163
-1.23263e+07,7.45854,45.2381
-1.05374e+07,15.2725,22.5465
-1.05402e+07,15.2725,22.5691
-3.6056e+06,269.839,1.39116
-1.2343e+07,2.61645e+07,2.0164e-05
-1.2343e+07,2.61645e+07,2.01842e-05
-1.11204e+07,2511.29,0.159729
-3.34065e+06,338.518,1.11534
-3.34143e+06,338.518,1.11645
-1.23247e+07,7.45854,44.537
-1.04949e+07,15.2762,22.2026
-1.04976e+07,15.2762,22.2249
-3.56598e+06,270.165,1.37132
-1.2343e+07,2.62978e+07,1.99558e-05
-1.2343e+07,2.62978e+07,1.99758e-05
-1.13117e+07,2664.62,0.149056
-3.34226e+06,341.359,1.092
-3.34301e+06,341.359,1.09309
-1.2342e+07,7.45854,66.1506
-1.14407e+07,15.2469,32.9124
-1.14427e+07,15.2469,32.9453
-4.37531e+06,267.583,2.01679
-4.73579e+06,192.391,2.77923
-4.73816e+06,192.391,2.78201
-4.37531e+06,267.583,2.01679
-6.06824e+06,7.45108,1.68375
-6.07085e+06,7.45108,1.68544
-2.05218e+06,15.5711,0.855652
-1.10913e+07,295.495,0.057065
-1.10893e+07,295.495,0.0571221
-494592,26.0737,0.532601
-6.84372e+06,7.45108,2.3115
-6.84601e+06,7.45108,2.31382
-3.06119e+06,15.8203,1.19561
-1.01118e+07,319.905,0.0855803
-1.01085e+07,319.905,0.0856659
-622612,31.8905,0.646655
-1.04959e+07,7.45108,10.2635
-1.04985e+07,7.45108,10.2738
-6.97907e+06,15.7002,5.26334
-1.23425e+07,7.45108,71.2967
-1.23425e+07,7.45108,71.368
-1.15799e+07,15.258,35.4629
-4.5194e+06,266.956,2.17068
-4.52281e+06,266.956,2.17285
-1.2343e+07,2.51407e+07,3.04704e-05
-1.13181e+07,3587.22,0.17206
-1.13163e+07,3587.22,0.172232
-3.96056e+06,393.041,1.48971
-1.23414e+07,7.45108,62.5027
-1.23414e+07,7.45108,62.5653
-1.13228e+07,15.2645,31.1024
-4.28051e+06,267.524,1.9071
-4.28223e+06,267.524,1.90901
-4.4841e+06,217.165,2.33917
-4.28051e+06,267.524,1.9071
-4.28223e+06,267.524,1.90901
-1.23414e+07,7.22198,60.6961
-1.13334e+07,14.769,30.2106
-1.13355e+07,14.769,30.2408
-4.17193e+06,259.598,1.85417
-4.37224e+06,207.905,2.29956
-4.37425e+06,207.905,2.30186
-4.17193e+06,259.598,1.85417
-1.21657e+07,7.21476,26.6517
-1.21664e+07,7.21476,26.6783
-9.11566e+06,14.8819,13.3567
-2.71801e+06,268.059,0.842564
-2.71819e+06,268.059,0.843407
-3.0321e+06,132.436,1.65428
-2.76624e+06,213.599,1.04675
-2.76863e+06,213.599,1.0478
-2.72004e+06,268.328,0.842564
-1.23425e+07,7.21476,68.8449
-1.23425e+07,7.21476,68.9138
-1.15767e+07,14.7792,34.2556
-4.39401e+06,258.938,2.09977
-4.39739e+06,258.938,2.10187
-1.2343e+07,2.45214e+07,2.96434e-05
-1.12996e+07,3418.91,0.16974
-1.12978e+07,3418.91,0.16991
-3.84413e+06,377.658,1.45489
-1.23353e+07,7.21476,49.3389
-1.23354e+07,7.21476,49.3882
-1.08506e+07,14.7989,24.5835
-3.78855e+06,260.667,1.51516
-3.79079e+06,260.667,1.51668
-1.2343e+07,2.52165e+07,2.18637e-05
-6.84406e+06,1164.91,0.354072
-6.83998e+06,1164.91,0.354426
-3.40574e+06,343.939,1.15871
-1.02187e+07,7.21476,8.90977
-1.02214e+07,7.21476,8.91868
-6.79359e+06,15.2775,4.59452
-1.08475e+07,7.21476,11.3977
-1.08499e+07,7.21476,11.4091
-7.20066e+06,15.1398,5.81836
-1.2343e+07,7.21476,94.184
-1.2343e+07,7.21476,94.2782
-1.20186e+07,14.77,46.8337
-5.22265e+06,258.13,2.86341
-5.22472e+06,258.13,2.86628
-1.19488e+07,6018.02,0.132386
-5.21684e+06,264.888,2.79205
-5.21906e+06,264.888,2.79484
-5.09011e+06,292.779,2.5345
-5.54052e+06,1326.06,0.579252
-5.53865e+06,1326.06,0.579831
-4.67162e+06,579.994,1.30013
-4.43811e+06,463.49,1.6168
-4.43944e+06,463.49,1.61842
-4.37813e+06,434.65,1.72316
-1.23295e+07,7.21476,45.2381
-1.23296e+07,7.21476,45.2833
-1.06254e+07,14.8081,22.5547
-3.59012e+06,261.483,1.39371
-3.5927e+06,261.483,1.39511
-1.2343e+07,2.55497e+07,2.03195e-05
-1.04123e+07,2036.08,0.190633
-1.04093e+07,2036.08,0.190824
-3.25937e+06,323.682,1.1344
-1.23281e+07,7.21476,44.537
-1.23282e+07,7.21476,44.5816
-1.05836e+07,14.8074,22.2041
-3.54853e+06,261.42,1.37178
-3.55117e+06,261.42,1.37315
-1.2343e+07,2.5524e+07,1.99839e-05
-1.07483e+07,2186.71,0.175001
-1.07457e+07,2186.71,0.175176
-3.24839e+06,324.148,1.1147
-1.23422e+07,7.21476,66.1506
-1.23423e+07,7.21476,66.2168
-1.15031e+07,14.7794,32.9155
-4.30603e+06,258.957,2.01774
-4.30764e+06,258.957,2.01976
-4.74161e+06,177.408,2.92004
-4.38104e+06,247.881,2.10557
-4.38421e+06,247.881,2.10767
-4.30818e+06,259.216,2.01774
-6.16001e+06,7.21476,1.68375
-6.16259e+06,7.21476,1.68544
-2.13099e+06,15.1856,0.862414
-1.10106e+07,296.556,0.059356
-1.10084e+07,296.556,0.0594153
-495897,25.9281,0.532803
-6.92859e+06,7.21476,2.3115
-6.93089e+06,7.21476,2.31382
-3.14493e+06,15.4166,1.20443
-9.98883e+06,319.802,0.0887843
-9.98544e+06,319.802,0.0888731
-616529,32.0024,0.642844
-1.05879e+07,7.21476,10.2635
-1.05905e+07,7.21476,10.2738
-7.02787e+06,15.206,5.26481
-1.23426e+07,7.21476,71.2967
-1.23426e+07,7.21476,71.368
-1.16381e+07,14.7785,35.4738
-4.50964e+06,258.878,2.17402
-4.5129e+06,258.878,2.1762
-1.2343e+07,2.44974e+07,3.06682e-05
-1.10202e+07,3185.6,0.188173
-1.10179e+07,3185.6,0.188361
-3.88716e+06,377.833,1.50525
-1.23418e+07,7.21476,62.5027
-1.23418e+07,7.21476,62.5653
-1.13918e+07,14.7824,31.1069
-4.21738e+06,259.221,1.90847
-4.21903e+06,259.221,1.91038
-4.50308e+06,195.231,2.51794
-4.21738e+06,259.221,1.90847
-4.21903e+06,259.221,1.91038
-1.2343e+07,3.0168,60.6961
-1.22957e+07,6.84886,34.2877
-1.22959e+07,6.84886,34.3221
-5.25469e+06,182.843,3.49181
-1.2343e+07,9.24154e+07,0.000375575
-1.2343e+07,9.24154e+07,0.000375951
-4.8561e+06,554.303,1.61418
-5.14884e+06,229.651,2.9777
-5.15166e+06,229.651,2.98068
-4.79123e+06,430.752,1.92374
-1.23422e+07,3.01378,26.6517
-1.23422e+07,3.01378,26.6783
-1.15254e+07,6.25361,13.4408
-1.7912e+06,115.354,0.869429
-1.79177e+06,115.354,0.870299
-2.48443e+06,58.8221,1.63801
-1.83707e+06,99.7128,0.996923
-1.83836e+06,99.7128,0.99792
-1.79282e+06,115.47,0.869429
-1.2343e+07,3.01378,68.8449
-1.2343e+07,3.01378,68.9138
-1.23382e+07,8.1128,59.4775
-1.07976e+07,423.871,33.134
-1.07973e+07,423.871,33.1672
-1.23353e+07,8.60101,58.9658
-7.6871e+06,153.467,38.5042
-7.68544e+06,153.467,38.5427
-1.01188e+07,36.3495,47.649
-7.33854e+06,114.132,40.2275
-7.3385e+06,114.132,40.2677
-7.33668e+06,112.191,40.3355
-8.22134e+06,63.7962,43.8401
-8.22378e+06,63.7962,43.8839
-7.33649e+06,110.992,40.3997
-1.2343e+07,3.01378,49.3389
-1.2343e+07,3.01378,49.3882
-1.2213e+07,6.23963,24.8233
-2.79892e+06,114.071,1.59053
-2.80103e+06,114.071,1.59212
-1.2343e+07,1.28059e+07,2.68084e-05
-4.34519e+06,453.581,0.43141
-4.34289e+06,453.581,0.431841
-2.60238e+06,164.054,1.12923
-1.20552e+07,3.01378,8.90977
-1.20561e+07,3.01378,8.91868
-8.84628e+06,6.45233,4.653
-2.38594e+06,134.885,0.346098
-2.38326e+06,134.885,0.346445
-1.64313e+06,34.2238,1.11827
-973699,62.0073,0.67238
-974055,62.0073,0.673052
-1.22166e+07,3.0168,11.3977
-9.4888e+06,6.38222,5.88458
-9.49145e+06,6.38222,5.89046
-1.85904e+06,128.483,0.418128
-1.68749e+06,39.6748,1.17641
-1.6901e+06,39.6748,1.17758
-1.13955e+06,71.1092,0.704158
-1.2343e+07,3.01378,94.184
-1.2343e+07,3.01378,94.2782
-1.23423e+07,7.97112,74.3466
-1.0586e+07,388.13,28.8667
-1.0586e+07,388.13,28.8956
-1.23423e+07,8.06667,74.1313
-7.74871e+06,150.88,36.3315
-7.74709e+06,150.88,36.3678
-1.0485e+07,34.9044,51.897
-7.34044e+06,113.194,38.964
-7.34031e+06,113.194,39.003
-7.33485e+06,109.851,39.2589
-8.37405e+06,61.8596,45.1378
-8.37664e+06,61.8596,45.183
-7.3345e+06,109.041,39.3297
-1.2343e+07,3.01378,45.2381
-1.2343e+07,3.01378,45.2833
-1.2162e+07,6.23092,22.7266
-2.58787e+06,113.277,1.44762
-2.59011e+06,113.277,1.44907
-1.2343e+07,1.24357e+07,2.38307e-05
-6.26504e+06,613.361,0.291357
-6.26088e+06,613.361,0.291648
-2.46614e+06,158.284,1.05479
-1.2343e+07,3.01378,44.537
-1.2343e+07,3.01378,44.5816
-1.21514e+07,6.22754,22.3616
-2.54386e+06,112.97,1.42112
-2.54614e+06,112.97,1.42255
-1.2343e+07,1.22948e+07,2.31817e-05
-6.72955e+06,649.871,0.269347
-6.72518e+06,649.871,0.269616
-2.43858e+06,157.192,1.03912
-1.2343e+07,3.01378,66.1506
-1.2343e+07,3.01378,66.2168
-1.23368e+07,8.1188,57.4417
-1.08083e+07,425.442,32.6588
-1.08084e+07,425.442,32.6915
-1.23311e+07,8.83227,56.7559
-7.81093e+06,159.643,37.5578
-7.80904e+06,159.643,37.5953
-9.92438e+06,37.5689,46.1695
-7.33765e+06,112.541,39.4776
-7.33755e+06,112.541,39.5171
-7.33509e+06,109.293,39.6485
-8.15411e+06,64.0141,42.7849
-8.1565e+06,64.0141,42.8278
-7.33509e+06,109.18,39.6543
-7.33507e+06,108.932,39.6615
-7.3352e+06,108.932,39.7012
-7.33509e+06,109.18,39.6543
-9.0349e+06,3.01378,1.68375
-9.03693e+06,3.01378,1.68544
-4.80844e+06,7.22682,1.03498
-7.21239e+06,237.747,0.147759
-7.20753e+06,237.747,0.147907
-458501,29.5676,0.472163
-9.69183e+06,3.01378,2.3115
-9.69394e+06,3.01378,2.31382
-5.66868e+06,7.07306,1.36959
-6.3083e+06,213.509,0.168803
-6.30341e+06,213.509,0.168971
-535603,36.8651,0.496801
-1.21596e+07,3.01378,10.2635
-1.21602e+07,3.01378,10.2738
-9.20941e+06,6.41471,5.32375
-2.06389e+06,130.998,0.385391
-2.06167e+06,130.998,0.385777
-1.66872e+06,37.2179,1.15296
-1.06714e+06,66.9959,0.690709
-1.06759e+06,66.9959,0.691401
-1.2343e+07,3.0168,71.2967
-1.23411e+07,8.18148,67.7225
-1.23412e+07,8.18148,67.7903
-1.02604e+07,444.78,55.1301
-1.23409e+07,8.31774,67.665
-1.23409e+07,8.31774,67.7327
-7.35993e+06,155.537,58.1954
-7.35979e+06,156.888,58.1665
-7.35981e+06,156.888,58.2247
-1.2343e+07,3.0168,62.5027
-1.23182e+07,7.64126,43.3184
-1.23183e+07,7.64126,43.3617
-8.68226e+06,316.089,9.99458
-1.15247e+07,14.8123,33.3727
-1.15266e+07,14.8123,33.4061
-8.37848e+06,152.006,13.3371
-7.96534e+06,104.022,15.4813
-7.96541e+06,104.022,15.4968
-7.54095e+06,80.2989,17.1506
-8.28938e+06,34.4707,23.9241
-8.29187e+06,34.4707,23.948
-7.24977e+06,60.8602,19.13
-7.24601e+06,58.9128,19.3691
-7.24618e+06,58.9128,19.3885
-1.23294e+07,9.6247,60.6961
-1.06148e+07,19.6614,30.1773
-1.06175e+07,19.6614,30.2075
-4.58522e+06,344.112,1.84399
-1.2343e+07,3.21266e+07,2.57079e-05
-1.2343e+07,3.21266e+07,2.57336e-05
-1.11364e+07,3557.45,0.188265
-4.22152e+06,456.866,1.39665
-4.22269e+06,456.866,1.39805
-1.18761e+07,9.6247,26.6517
-8.28956e+06,19.7888,13.3395
-8.29203e+06,19.7888,13.3529
-3.29803e+06,355.401,0.837156
-1.23372e+07,9.61508,68.8449
-1.23373e+07,9.61508,68.9138
-1.09392e+07,19.6717,34.212
-4.91424e+06,342.945,2.08643
-4.91663e+06,342.945,2.08852
-1.2343e+07,3.18366e+07,2.88606e-05
-6.08327e+06,1481.25,0.498695
-6.08029e+06,1481.25,0.499194
-4.61362e+06,575.298,1.25908
-4.32351e+06,435.289,1.65236
-4.32487e+06,435.289,1.65401
-1.2299e+07,9.6247,49.3389
-1.00293e+07,19.6824,24.5574
-1.00322e+07,19.6824,24.5819
-3.89561e+06,345.946,1.50714
-1.2343e+07,3.28519e+07,2.13813e-05
-1.2343e+07,3.28519e+07,2.14027e-05
-1.2064e+07,5363.65,0.104414
-4.12844e+06,500.909,1.04996
-4.12931e+06,500.909,1.05101
-3.89561e+06,345.946,1.50714
-9.3273e+06,9.61508,8.90977
-9.33008e+06,9.61508,8.91868
-6.44178e+06,20.3176,4.58367
-1.00183e+07,9.61508,11.3977
-1.00211e+07,9.61508,11.4091
-6.81949e+06,20.1663,5.81507
-1.23426e+07,9.61508,94.184
-1.23426e+07,9.61508,94.2782
-1.16097e+07,19.6618,46.78
-5.58684e+06,342.082,2.84702
-5.59041e+06,342.082,2.84987
-1.2343e+07,3.15014e+07,3.90584e-05
-1.13919e+07,5194.82,0.198157
-1.13902e+07,5194.82,0.198356
-4.97701e+06,546.289,1.80162
-4.96585e+06,485.36,2.02093
-4.96996e+06,485.36,2.02295
-1.22756e+07,9.6247,45.2381
-9.77399e+06,19.6951,22.5312
-9.77695e+06,19.6951,22.5538
-3.60561e+06,347.064,1.38646
-1.22708e+07,9.61508,44.537
-1.22712e+07,9.61508,44.5816
-9.72469e+06,19.7131,22.1801
-3.58425e+06,346.569,1.36438
-3.58538e+06,346.569,1.36574
-4.32799e+06,200.947,2.32017
-1.23354e+07,9.61508,66.1506
-1.23354e+07,9.61508,66.2168
-1.08386e+07,19.6736,32.8764
-4.81692e+06,343.116,2.0058
-4.81949e+06,343.116,2.0078
-1.2343e+07,3.19034e+07,2.77905e-05
-8.32797e+06,2120.48,0.337862
-8.32367e+06,2120.48,0.3382
-4.45673e+06,516.708,1.34533
-4.24948e+06,425.412,1.62546
-4.25082e+06,425.412,1.62709
-5.37328e+06,9.6247,1.68375
-1.50441e+06,18.8852,0.805133
-1.507e+06,18.8852,0.805939
-6.21392e+06,9.6247,2.3115
-2.44323e+06,19.152,1.11987
-2.44642e+06,19.152,1.12099
-1.09426e+07,301.783,0.0616951
-626204,32.1626,0.649221
-627223,32.1626,0.649871
-9.72092e+06,9.6247,10.2635
-6.6701e+06,20.1956,5.25061
-6.67166e+06,20.1956,5.25586
-1.23385e+07,9.6247,71.2967
-1.10274e+07,19.6525,35.4312
-1.10299e+07,19.6525,35.4666
-4.9978e+06,343.327,2.16099
-1.2343e+07,3.18201e+07,2.99031e-05
-1.2343e+07,3.18201e+07,2.9933e-05
-4.96596e+06,991.616,0.765732
-4.51068e+06,499.499,1.49609
-4.51195e+06,499.499,1.49758
-1.23318e+07,9.6247,62.5027
-1.06933e+07,19.6589,31.0714
-1.0696e+07,19.6589,31.1025
-4.66878e+06,343.889,1.89761
-1.2343e+07,3.20393e+07,2.63994e-05
-1.2343e+07,3.20393e+07,2.64258e-05
-1.05533e+07,3080.55,0.222672
-4.25703e+06,457.819,1.43329
-4.25823e+06,457.819,1.43473
-1.2343e+07,4.86037,60.6961
-1.1986e+07,9.9629,30.2838
-1.19871e+07,9.9629,30.3141
-3.69284e+06,176.775,1.87676
-1.20873e+07,4172.99,0.0880702
-1.20868e+07,4172.99,0.0881583
-3.64417e+06,188.877,1.76032
-3.52708e+06,231.797,1.44261
-3.52893e+06,231.797,1.44405
-6.46431e+06,984.491,0.356442
-3.31757e+06,266.296,1.26142
-3.32057e+06,266.296,1.26268
-3.34309e+06,355.081,0.955876
-3.31757e+06,266.296,1.26142
-3.32057e+06,266.296,1.26268
-1.23157e+07,4.86037,26.6517
-1.03363e+07,10.0239,13.3825
-1.03391e+07,10.0239,13.3959
-2.26935e+06,182.253,0.850738
-1.2343e+07,1.98178e+07,1.38939e-05
-1.2343e+07,1.98178e+07,1.39078e-05
-1.07692e+07,1279.83,0.133447
-2.22795e+06,209.672,0.743937
-2.22784e+06,209.672,0.744681
-1.2343e+07,4.86037,68.8449
-1.2106e+07,9.97481,34.3921
-1.21068e+07,9.97481,34.4265
-3.95853e+06,177.834,2.14194
-1.2343e+07,1.78768e+07,3.22258e-05
-1.2343e+07,1.78768e+07,3.22581e-05
-9.46052e+06,1764.2,0.234505
-3.61529e+06,278.444,1.38892
-3.61825e+06,278.444,1.39031
-3.48892e+06,369.466,1.05848
-1.23427e+07,4.85552,49.3389
-1.23427e+07,4.85552,49.3882
-1.17082e+07,9.97834,24.6312
-3.23e+06,177.083,1.52992
-3.23265e+06,177.083,1.53146
-1.23337e+07,11336.2,0.027579
-2.80246e+06,268.751,1.02257
-2.80309e+06,268.751,1.0236
-3.13984e+06,225.408,1.21306
-2.80246e+06,268.751,1.02257
-2.80309e+06,268.751,1.0236
-1.12789e+07,4.86037,8.90977
-7.53449e+06,10.3056,4.61188
-7.53652e+06,10.3056,4.61649
-3.45158e+06,209.34,0.331072
-2.14214e+06,40.5252,1.39169
-2.14507e+06,40.5252,1.39309
-1.17092e+07,4.86037,11.3977
-8.06531e+06,10.2125,5.83962
-8.0676e+06,10.2125,5.84547
-2.83273e+06,200.053,0.4024
-2.09318e+06,49.5705,1.41017
-2.09593e+06,49.5705,1.41158
-1.49903e+06,91.0773,0.816648
-1.2343e+07,4.85552,94.184
-1.2343e+07,4.85552,94.2782
-1.2289e+07,11.5466,57.0514
-8.27682e+06,367.414,7.68108
-8.27954e+06,367.414,7.68877
-8.76249e+06,16559.2,0.846242
-9.13811e+06,2260.89,2.68067
-9.14182e+06,2260.89,2.68335
-8.31127e+06,401.751,7.29785
-8.27682e+06,367.414,7.68108
-8.27954e+06,367.414,7.68877
-1.23424e+07,4.86037,45.2381
-1.15638e+07,9.97243,22.5935
-1.15656e+07,9.97243,22.6161
-3.0131e+06,177.622,1.40573
-3.5096e+06,113.539,2.16256
-3.51204e+06,113.539,2.16472
-3.09974e+06,169.222,1.47299
-3.01119e+06,177.445,1.40573
-3.01248e+06,177.445,1.40714
-1.23423e+07,4.86037,44.537
-1.15356e+07,9.9729,22.2445
-1.15375e+07,9.9729,22.2667
-2.99379e+06,177.664,1.38429
-3.45894e+06,114.623,2.11049
-3.46141e+06,114.623,2.1126
-3.06393e+06,168.93,1.45326
-2.99189e+06,177.487,1.38429
-2.99317e+06,177.487,1.38567
-1.2343e+07,4.86037,66.1506
-1.20716e+07,9.96858,33.0247
-1.20725e+07,9.96858,33.0578
-3.86842e+06,177.279,2.05146
-1.20394e+07,4195.4,0.0965179
-1.20388e+07,4195.4,0.0966144
-3.86741e+06,179.485,2.02711
-3.86144e+06,183.623,1.98106
-3.86342e+06,183.623,1.98304
-5.53783e+06,878.586,0.437273
-3.59033e+06,265.307,1.38852
-3.59301e+06,265.307,1.3899
-3.40586e+06,357.041,1.04333
-7.37235e+06,4.85552,1.68375
-7.37463e+06,4.85552,1.68544
-3.24313e+06,11.0285,0.949093
-9.56157e+06,292.052,0.0958138
-9.5578e+06,292.052,0.0959097
-487477,25.813,0.523489
-8.08539e+06,4.85552,2.3115
-8.08764e+06,4.85552,2.31382
-4.23338e+06,10.9865,1.2959
-8.30904e+06,286.533,0.128022
-8.30449e+06,286.533,0.12815
-540554,33.7258,0.584706
-1.15425e+07,4.85552,10.2635
-1.15442e+07,4.85552,10.2738
-7.82908e+06,10.2658,5.28334
-3.0734e+06,204.1,0.370985
-3.0708e+06,204.1,0.371356
-2.12003e+06,45.4397,1.40978
-1.2343e+07,4.85552,71.2967
-1.2343e+07,4.85552,71.368
-1.21327e+07,9.99435,35.6524
-4.07725e+06,178.509,2.22928
-4.08007e+06,178.509,2.23151
-1.2343e+07,1.8258e+07,3.40777e-05
-8.53268e+06,1562.17,0.277025
-8.52839e+06,1562.17,0.277302
-3.51502e+06,302.645,1.3433
-3.69334e+06,415.337,0.989926
-3.69398e+06,415.337,0.990917
-3.51502e+06,302.645,1.3433
-1.2343e+07,4.85552,62.5027
-1.2343e+07,4.85552,62.5653
-1.20159e+07,9.97365,31.1878
-3.74996e+06,176.668,1.93341
-3.75189e+06,176.668,1.93535
-1.20724e+07,4180.25,0.0907608
-3.73195e+06,184.659,1.85243
-3.7341e+06,184.659,1.85428
-3.5477e+06,209.207,1.64339
-1.2343e+07,2.63474,60.6961
-1.2343e+07,2.63474,60.7569
-1.23412e+07,7.16702,59.2396
-9.81997e+06,390.454,53.7548
-9.81724e+06,390.454,53.8086
-1.23409e+07,7.28301,59.2165
-7.36101e+06,142.872,55.0841
-7.36127e+06,142.872,55.1392
-7.35749e+06,150.922,55.0121
-1.23428e+07,2.63474,26.6517
-1.23428e+07,2.63474,26.6783
-1.17613e+07,5.47706,13.467
-1.67849e+06,101.769,0.877923
-1.68003e+06,101.769,0.878801
-1.22383e+07,2538.04,0.0435573
-1.72942e+06,114.528,0.786212
-1.72986e+06,114.528,0.786998
-1.67914e+06,101.87,0.877923
-1.2343e+07,2.63474,68.8449
-1.2343e+07,2.63474,68.9138
-1.23422e+07,7.16003,65.4612
-9.81353e+06,388.553,53.5098
-9.8108e+06,388.553,53.5633
-1.23422e+07,7.21352,65.4366
-7.37064e+06,141.617,56.3058
-7.37104e+06,141.617,56.3621
-7.35956e+06,154.991,56.0527
-1.2343e+07,2.63474,49.3389
-1.2343e+07,2.63474,49.3882
-1.22793e+07,6.09361,28.5657
-4.97382e+06,173.481,3.20974
-4.97638e+06,173.481,3.21295
-1.2343e+07,1.14532e+08,0.000511644
-4.85679e+06,593.486,1.43843
-4.85816e+06,593.486,1.43987
-4.86203e+06,231.105,2.6636
-4.49572e+06,462.634,1.69231
-4.4971e+06,462.634,1.69401
-4.58606e+06,412.934,1.82378
-4.49572e+06,462.634,1.69231
-4.4971e+06,462.634,1.69401
-1.21679e+07,2.63738,8.90977
-9.27372e+06,5.65705,4.67426
-9.27627e+06,5.65705,4.67894
-2.09892e+06,120.346,0.354078
-1.59507e+06,32.1478,1.07821
-1.59774e+06,32.1478,1.07929
-903567,58.5769,0.650262
-1.22752e+07,2.63474,11.3977
-1.22755e+07,2.63474,11.4091
-9.91011e+06,5.60248,5.90545
-1.60911e+06,113.967,0.425597
-1.60739e+06,113.967,0.426023
-1.65475e+06,36.7561,1.14361
-1.05284e+06,66.4705,0.681313
-1.05326e+06,66.4705,0.681995
-1.01564e+06,57.482,0.774091
-1.2343e+07,2.63474,94.184
-1.2343e+07,2.63474,94.2782
-1.2343e+07,7.16265,90.2627
-8.6526e+06,389.265,76.1436
-8.64897e+06,389.265,76.2198
-1.2343e+07,7.16485,90.2615
-7.61153e+06,154.563,79.1968
-7.61301e+06,154.563,79.2761
-7.37299e+06,206.499,78.2296
-7.37292e+06,207.068,78.2171
-7.37298e+06,207.068,78.2954
-7.68438e+06,284.193,77.1734
-7.37292e+06,207.068,78.2171
-7.37298e+06,207.068,78.2954
-1.2343e+07,2.63738,45.2381
-1.22402e+07,5.63472,23.6226
-1.22406e+07,5.63472,23.6463
-3.04605e+06,117.99,1.75641
-1.2343e+07,171615,0.00347529
-1.2343e+07,171615,0.00347877
-2.87182e+06,184.914,1.19632
-2.88647e+06,155.453,1.38643
-2.88879e+06,155.453,1.38782
-2.87182e+06,184.914,1.19632
-1.2343e+07,2.63474,44.537
-1.2343e+07,2.63474,44.5816
-1.22325e+07,5.60111,23.0694
-2.88672e+06,113.828,1.66072
-2.8888e+06,113.828,1.66238
-1.2343e+07,707939,0.000807756
-2.4515e+06,222.936,0.923264
-2.45396e+06,222.936,0.924188
-6.72132e+06,804.719,0.30118
-2.70555e+06,267.174,0.788254
-2.70555e+06,267.174,0.789043
-2.45141e+06,223.159,0.923264
-1.2343e+07,2.63474,66.1506
-1.2343e+07,2.63474,66.2168
-1.23424e+07,7.16809,67.2859
-8.86197e+06,390.747,72.0256
-8.85862e+06,390.747,72.0976
-1.23424e+07,7.21084,67.2927
-7.45775e+06,157.158,70.9176
-7.45868e+06,157.158,70.9886
-7.36941e+06,187.671,71.1309
-7.36918e+06,188.719,71.1389
-7.36927e+06,188.719,71.21
-7.73552e+06,271.825,71.5808
-7.36918e+06,188.719,71.1389
-7.36927e+06,188.719,71.21
-9.52318e+06,2.63738,1.68375
-5.28414e+06,6.38264,1.05659
-5.28691e+06,6.38264,1.05765
-6.52565e+06,220.032,0.163842
-476580,31.2446,0.457763
-476324,31.2446,0.458221
-1.01456e+07,2.63738,2.3115
-6.10238e+06,6.22791,1.38824
-6.10497e+06,6.22791,1.38963
-5.75877e+06,194.623,0.180611
-485033,31.6692,0.529484
-485323,31.6692,0.530014
-1.22382e+07,2.63738,10.2635
-9.63977e+06,5.62083,5.34407
-9.64236e+06,5.62083,5.34941
-1.8009e+06,116.542,0.392801
-1.63105e+06,34.6144,1.11662
-1.63369e+06,34.6144,1.11773
-987805,62.9925,0.667283
-952563,55.4441,0.744186
-953474,55.4441,0.744931
-1.2343e+07,2.63738,71.2967
-1.23424e+07,7.14962,67.2301
-1.23424e+07,7.14962,67.2974
-9.82625e+06,388.058,53.1547
-1.23424e+07,7.1937,67.2058
-1.23424e+07,7.1937,67.273
-7.36961e+06,142.241,56.3877
-7.36015e+06,155.757,56.0841
-7.36009e+06,155.757,56.1402
-1.2343e+07,2.63738,62.5027
-1.23416e+07,7.16043,61.2198
-1.23416e+07,7.16043,61.281
-9.68804e+06,391.001,56.3459
-1.23414e+07,7.25424,61.2032
-1.23415e+07,7.25424,61.2645
-7.36789e+06,146.186,57.5077
-7.36003e+06,157.587,57.417
-7.36001e+06,157.587,57.4745
-1.2343e+07,2.99756,60.6961
-1.23057e+07,7.25913,38.1363
-1.23059e+07,7.25913,38.1744
-7.06182e+06,250.912,5.94357
-7.41229e+06,36.8896,16.248
-7.41358e+06,36.8896,16.2643
-7.5025e+06,107.843,9.25798
-7.0836e+06,230.141,6.21607
-7.08612e+06,230.141,6.22228
-7.06182e+06,250.912,5.94357
-1.23422e+07,2.99456,26.6517
-1.23422e+07,2.99456,26.6783
-1.15377e+07,6.21351,13.4403
-1.78044e+06,114.598,0.869266
-1.78101e+06,114.598,0.870135
-2.50065e+06,58.0952,1.64685
-1.82903e+06,98.1678,1.00525
-1.83029e+06,98.1678,1.00626
-1.78206e+06,114.713,0.869266
-1.2343e+07,2.99456,68.8449
-1.2343e+07,2.99456,68.9138
-1.23366e+07,7.97822,56.1259
-1.05924e+07,399.968,24.7931
-1.05931e+07,399.968,24.8179
-1.23279e+07,8.87113,54.8972
-8.3188e+06,164.473,29.844
-8.31707e+06,164.473,29.8739
-9.47406e+06,38.2168,40.4766
-7.32501e+06,97.4582,33.2874
-7.32491e+06,97.4582,33.3208
-7.32079e+06,94.9498,33.476
-7.32064e+06,94.5971,33.4951
-7.32068e+06,94.5971,33.5286
-7.9577e+06,60.1566,36.8207
-7.32047e+06,94.049,33.5357
-7.32057e+06,94.049,33.5692
-1.2343e+07,2.99756,49.3389
-1.2217e+07,6.20602,24.876
-1.22175e+07,6.20602,24.9008
-2.82626e+06,114.595,1.60747
-1.2343e+07,1.32557e+07,2.80278e-05
-1.2343e+07,1.32557e+07,2.80559e-05
-4.22579e+06,445.699,0.448549
-2.62476e+06,165.418,1.13743
-2.62593e+06,165.418,1.13856
-1.20606e+07,2.99756,8.90977
-8.86927e+06,6.40658,4.65454
-8.87179e+06,6.40658,4.65919
-2.37339e+06,134.348,0.346669
-1.64216e+06,34.099,1.11673
-1.64483e+06,34.099,1.11785
-971946,61.9316,0.671507
-1.22206e+07,2.99456,11.3977
-1.2221e+07,2.99456,11.4091
-9.50591e+06,6.34868,5.88544
-1.84499e+06,127.618,0.418435
-1.84311e+06,127.618,0.418854
-1.68499e+06,39.5668,1.17469
-1.13422e+06,70.8067,0.702986
-1.13476e+06,70.8067,0.70369
-1.2343e+07,2.99756,94.184
-1.23428e+07,8.09363,84.6422
-1.23428e+07,8.09363,84.7269
-1.01459e+07,432.331,55.2111
-1.23428e+07,8.11102,84.6227
-1.23428e+07,8.11102,84.7074
-7.39482e+06,148.733,61.9172
-7.36578e+06,169.915,61.0313
-7.36561e+06,169.915,61.0924
-1.2343e+07,2.99756,45.2381
-1.21671e+07,6.18522,22.7275
-1.21677e+07,6.18522,22.7502
-2.58391e+06,112.688,1.4479
-1.2343e+07,1.23535e+07,2.38499e-05
-1.2343e+07,1.23535e+07,2.38738e-05
-6.05585e+06,590.835,0.300506
-2.4539e+06,156.888,1.05668
-2.45499e+06,156.888,1.05773
-1.2343e+07,2.99756,44.537
-1.21567e+07,6.18703,22.3822
-1.21574e+07,6.18703,22.4046
-2.55348e+06,112.853,1.42766
-1.2343e+07,1.24296e+07,2.36329e-05
-1.2343e+07,1.24296e+07,2.36565e-05
-6.50437e+06,630.551,0.27934
-2.44002e+06,156.808,1.04414
-2.44111e+06,156.808,1.04518
-1.2343e+07,2.99756,66.1506
-1.23356e+07,8.00494,55.1317
-1.23356e+07,8.00494,55.1869
-1.06818e+07,409.157,26.5995
-1.23238e+07,9.05867,53.8827
-1.23239e+07,9.05867,53.9366
-8.2595e+06,166.669,31.416
-9.47359e+06,38.8368,41.1434
-9.47661e+06,38.8368,41.1846
-7.32799e+06,100.505,34.5031
-7.32378e+06,97.197,34.7113
-7.32386e+06,97.197,34.746
-9.0546e+06,2.99756,1.68375
-4.83374e+06,7.17705,1.03589
-4.83664e+06,7.17705,1.03693
-7.18425e+06,237.044,0.148406
-458218,29.5077,0.472167
-458155,29.5077,0.472639
-9.71037e+06,2.99756,2.3115
-5.69073e+06,7.0175,1.36851
-5.69344e+06,7.0175,1.36988
-6.30905e+06,211.842,0.168134
-533454,36.6749,0.494528
-533318,36.6749,0.495023
-1.21634e+07,2.99756,10.2635
-9.23282e+06,6.36823,5.32452
-9.23543e+06,6.36823,5.32985
-2.05298e+06,130.374,0.385669
-1.66496e+06,37.0766,1.15033
-1.66759e+06,37.0766,1.15148
-1.06406e+06,66.853,0.68947
-1.2343e+07,2.99456,71.2967
-1.2343e+07,2.99456,71.368
-1.23415e+07,8.14426,69.1089
-9.96372e+06,443.355,61.0089
-9.96069e+06,443.355,61.07
-1.23413e+07,8.24816,69.0816
-7.3768e+06,157.425,63.0108
-7.37723e+06,157.425,63.0738
-7.36481e+06,172.048,62.8385
-1.2343e+07,2.99456,62.5027
-1.2343e+07,2.99456,62.5653
-1.23188e+07,7.59633,43.2637
-8.65248e+06,312.977,9.93162
-8.65449e+06,312.977,9.94156
-1.15781e+07,14.4656,33.5311
-8.38769e+06,156.589,13.062
-8.38882e+06,156.589,13.0751
-8.48872e+06,32.5229,24.3354
-7.3083e+06,67.1292,18.262
-7.308e+06,67.1292,18.2803
-7.24601e+06,59.6943,19.1377
-7.24514e+06,59.0685,19.2101
-7.24527e+06,59.0685,19.2293
-7.57022e+06,43.8521,21.6214
-7.24506e+06,58.9099,19.2305
-7.24518e+06,58.9099,19.2498
-1.23371e+07,8.52093,60.6961
-1.09414e+07,17.4154,30.1928
-1.09439e+07,17.4154,30.223
-4.45536e+06,305.412,1.84872
-1.2343e+07,2.87428e+07,2.59862e-05
-1.2343e+07,2.87428e+07,2.60122e-05
-5.75361e+06,1190.32,0.49043
-4.10418e+06,460.058,1.23846
-4.10521e+06,460.058,1.2397
-4.06941e+06,358.094,1.5829
-1.20235e+07,8.51242,26.6517
-1.20245e+07,8.51242,26.6783
-8.6231e+06,17.5503,13.3502
-3.05283e+06,315.53,0.840494
-3.053e+06,315.53,0.841335
-3.25815e+06,149.339,1.721
-1.23407e+07,8.51242,68.8449
-1.23408e+07,8.51242,68.9138
-1.12345e+07,17.4247,34.2301
-4.70673e+06,304.404,2.09197
-4.70862e+06,304.404,2.09406
-4.70675e+06,279.013,2.27996
-1.23208e+07,8.51242,49.3389
-1.23209e+07,8.51242,49.3882
-1.03902e+07,17.4461,24.5624
-3.89972e+06,306.271,1.50868
-3.9029e+06,306.271,1.51019
-1.2343e+07,2.92354e+07,2.14733e-05
-1.17445e+07,3771.51,0.130991
-1.17434e+07,3771.51,0.131122
-3.77298e+06,410.994,1.13421
-9.70892e+06,8.51242,8.90977
-9.7117e+06,8.51242,8.91868
-6.57653e+06,18.0057,4.58886
-1.03843e+07,8.51242,11.3977
-1.03869e+07,8.51242,11.4091
-6.95744e+06,17.8607,5.81759
-1.23429e+07,8.51242,94.184
-1.23429e+07,8.51242,94.2782
-1.18096e+07,17.4156,46.8037
-5.48574e+06,303.603,2.85424
-5.48853e+06,303.603,2.8571
-1.20084e+07,7058.7,0.13159
-5.15885e+06,410.818,2.12327
-5.16227e+06,410.818,2.1254
-4.90849e+06,599.605,1.46821
-1.23071e+07,8.51242,45.2381
-1.23072e+07,8.51242,45.2833
-1.01437e+07,17.4612,22.5409
-3.62736e+06,307.598,1.38945
-3.63076e+06,307.598,1.39084
-1.2343e+07,2.97711e+07,2.00597e-05
-1.19881e+07,4336.46,0.106434
-1.19874e+07,4336.46,0.106541
-3.76989e+06,428.17,1.0088
-3.62736e+06,307.598,1.38945
-3.63076e+06,307.598,1.39084
-1.23038e+07,8.52093,44.537
-1.01017e+07,17.4397,22.1864
-1.01046e+07,17.4397,22.2086
-3.57025e+06,307.555,1.36631
-1.2343e+07,2.95995e+07,1.96519e-05
-1.2343e+07,2.95995e+07,1.96716e-05
-1.20045e+07,4354.71,0.104047
-3.75495e+06,427.552,0.991126
-3.75561e+06,427.552,0.992118
-3.57025e+06,307.555,1.36631
-1.23399e+07,8.51242,66.1506
-1.23399e+07,8.51242,66.2168
-1.11444e+07,17.4269,32.8946
-4.63149e+06,304.59,2.01136
-4.63348e+06,304.59,2.01337
-1.21737e+07,7101.87,0.0930013
-4.62567e+06,311.528,1.9676
-4.62784e+06,311.528,1.96957
-4.50762e+06,341.428,1.80093
-6.86578e+06,1555.61,0.409255
-6.86186e+06,1555.61,0.409664
-4.38457e+06,545.071,1.1406
-4.13252e+06,436.008,1.41704
-4.1337e+06,436.008,1.41845
-5.69659e+06,8.52093,1.68375
-1.75019e+06,17.2264,0.828398
-1.75291e+06,17.2264,0.829227
-6.50417e+06,8.52093,2.3115
-2.72879e+06,17.5049,1.15594
-2.73205e+06,17.5049,1.1571
-1.05891e+07,313.345,0.0722946
-627296,31.8822,0.649608
-628332,31.8822,0.650258
-1.00973e+07,8.52093,10.2635
-6.80294e+06,17.9038,5.2585
-6.80448e+06,17.9038,5.26377
-1.23413e+07,8.52093,71.2967
-1.13126e+07,17.4058,35.4459
-1.13148e+07,17.4058,35.4814
-4.77194e+06,304.573,2.16549
-4.97619e+06,250.211,2.62152
-4.9784e+06,250.211,2.62415
-4.77194e+06,304.573,2.16549
-1.23383e+07,8.51242,62.5027
-1.23383e+07,8.51242,62.5653
-1.10106e+07,17.4306,31.0874
-4.51711e+06,304.912,1.9025
-4.51929e+06,304.912,1.9044
-1.2343e+07,2.86946e+07,2.66862e-05
-4.79519e+06,865.367,0.687455
-4.79494e+06,865.367,0.688143
-4.11853e+06,453.854,1.29176
-1.2343e+07,2.36511,60.6961
-1.2343e+07,2.36511,60.7569
-1.2343e+07,0.870996,60.0499
-1.2343e+07,2.03498,60.5985
-1.2343e+07,2.03498,60.6592
-1.2343e+07,2.26695,60.668
-1.2343e+07,2.32917,60.6862
-1.2343e+07,2.32917,60.7469
-1.2343e+07,2.35951,60.6939
-1.23429e+07,2.36511,26.6517
-1.23429e+07,2.36511,26.6783
-1.19157e+07,4.92505,13.492
-1.60561e+06,92.1461,0.886096
-1.60676e+06,92.1461,0.886982
-1.22244e+07,2315.59,0.0443227
-1.60527e+06,92.675,0.881394
-1.60645e+06,92.675,0.882276
-1.60399e+06,94.0935,0.869848
-7.41218e+06,466.311,0.196352
-7.40752e+06,466.311,0.196548
-1.58546e+06,97.8519,0.838755
-1.62324e+06,107.555,0.767489
-1.62358e+06,107.555,0.768257
-1.58546e+06,97.8519,0.838755
-1.2343e+07,2.36511,68.8449
-1.2343e+07,2.36511,68.9138
-1.2343e+07,0.870981,69.4567
-1.2343e+07,1.46712,69.1364
-1.2343e+07,1.46712,69.2056
-1.2343e+07,1.91744,68.9735
-1.2343e+07,1.60637,69.081
-1.2343e+07,1.60637,69.1501
-1.2343e+07,1.75471,69.0276
-1.2343e+07,1.88099,68.9846
-1.2343e+07,1.88099,69.0536
-1.2343e+07,1.91744,68.9735
-1.2343e+07,2.36511,49.3389
-1.2343e+07,2.36511,49.3882
-1.2343e+07,0.932694,34.2943
-1.2343e+07,1.67002,43.0701
-1.2343e+07,1.67002,43.1132
-1.2343e+07,2.19719,47.9215
-1.2343e+07,2.32884,49.042
-1.2343e+07,2.32884,49.0911
-1.2343e+07,2.3568,49.2518
-1.2343e+07,2.35969,49.2947
-1.2343e+07,2.35969,49.344
-1.2343e+07,2.36638,49.3299
-1.2343e+07,2.36506,49.3384
-1.2343e+07,2.36506,49.3878
-1.22322e+07,2.36748,8.90977
-9.61926e+06,5.09705,4.69502
-9.6218e+06,5.09705,4.69972
-1.87487e+06,110.058,0.362012
-1.5781e+06,30.5586,1.05358
-1.58078e+06,30.5586,1.05463
-853756,56.0986,0.635203
-829090,49.5633,0.703772
-829860,49.5633,0.704476
-1.23042e+07,2.36748,11.3977
-1.02464e+07,5.04033,5.9274
-1.02489e+07,5.04033,5.93333
-1.49172e+06,104.07,0.433567
-1.2343e+07,2.36511,94.184
-1.2343e+07,2.36511,94.2782
-1.2343e+07,0.870947,94.2443
-1.2343e+07,1.43968,94.2139
-1.2343e+07,1.43968,94.3082
-1.2343e+07,2.01542,94.1937
-1.2343e+07,1.80396,94.2003
-1.2343e+07,1.80396,94.2946
-1.2343e+07,1.96519,94.1952
-1.2343e+07,1.99413,94.1943
-1.2343e+07,1.99413,94.2885
-1.2343e+07,2.36748,45.2381
-1.23176e+07,3.2305,17.4929
-1.23177e+07,3.2305,17.5104
-1.20713e+06,11.2557,0.391104
-1.2343e+07,1650.52,9.77267e-08
-1.2343e+07,1650.52,9.78244e-08
-1.02083e+07,26.8391,0.0276887
-1.01573e+06,12.1055,0.312356
-1.01542e+06,12.1055,0.312669
-1.0141e+06,12.209,0.305285
-1.2343e+07,2.36511,44.537
-1.2343e+07,2.36511,44.5816
-1.2298e+07,3.72677,18.2684
-524210,22.8604,0.517157
-524973,22.8604,0.517674
-1.2343e+07,32528.5,3.32128e-07
-7.03875e+06,58.5208,0.0816252
-7.0337e+06,58.5208,0.0817069
-448098,24.7411,0.443647
-1.2343e+07,2.36511,66.1506
-1.2343e+07,2.36511,66.2168
-1.2343e+07,0.871056,67.2096
-1.2343e+07,1.78567,66.4465
-1.2343e+07,1.78567,66.513
-1.2343e+07,2.17714,66.2387
-1.2343e+07,2.307,66.1767
-1.2343e+07,2.307,66.2429
-1.2343e+07,2.2705,66.1946
-1.2343e+07,2.29945,66.1802
-1.2343e+07,2.29945,66.2464
-1.2343e+07,2.30821,66.1772
-1.2343e+07,2.307,66.1767
-1.2343e+07,2.307,66.2429
-9.91687e+06,2.36748,1.68375
-5.6718e+06,5.77617,1.07337
-5.67447e+06,5.77617,1.07444
-5.98125e+06,205.697,0.177268
-505199,32.8062,0.447105
-504785,32.8062,0.447552
-1.0501e+07,2.36748,2.3115
-6.45832e+06,5.63194,1.40591
-6.46083e+06,5.63194,1.40732
-5.28705e+06,181.267,0.192403
-485652,29.829,0.540838
-486128,29.829,0.541379
-1.22805e+07,2.36748,10.2635
-9.98062e+06,5.06295,5.3655
-9.98317e+06,5.06295,5.37087
-1.59871e+06,106.425,0.400742
-1.62226e+06,32.6883,1.09487
-1.62494e+06,32.6883,1.09596
-930114,60.0304,0.652796
-904025,50.0824,0.761135
-905003,50.0824,0.761896
-1.2343e+07,2.36748,71.2967
-1.2343e+07,0.870155,72.2645
-1.2343e+07,0.870155,72.3368
-1.2343e+07,1.84817,71.5352
-1.2343e+07,2.1055,71.4086
-1.2343e+07,2.1055,71.48
-1.2343e+07,2.253,71.3443
-1.2343e+07,2.31141,71.3188
-1.2343e+07,2.31141,71.3901
-1.2343e+07,2.34771,71.3047
-1.2343e+07,2.35811,71.2995
-1.2343e+07,2.35811,71.3709
-1.2343e+07,2.36748,62.5027
-1.2343e+07,0.87107,59.5876
-1.2343e+07,0.87107,59.6472
-1.2343e+07,1.9231,61.8845
-1.23438e+07,0.0295541,0.375338
-1.2343e+07,0.0149479,0.780892
-1.2343e+07,0.0149479,0.781673
-1.2343e+07,0.0295541,0.521265
-1.2343e+07,0.0148085,1.07497
-1.2343e+07,0.0148085,1.07605
-1.2349e+07,0.0295541,0.317265
-1.2343e+07,0.0150478,0.664127
-1.2343e+07,0.0150478,0.664792
-1.2343e+07,0.0295541,0.929398
-1.23441e+07,0.0802368,0.909259
-1.23441e+07,0.0802368,0.910169
-1.2343e+07,0.0396621,0.923427
-1.2343e+07,0.0337501,0.926678
-1.2343e+07,0.0337501,0.927605
-1.2343e+07,0.0313627,0.928189
-1.2343e+07,0.0295246,0.863482
-1.2343e+07,0.0295246,0.864346
-1.23457e+07,0.0803062,0.840134
-1.2343e+07,0.039452,0.856646
-1.2343e+07,0.039452,0.857503
-1.2343e+07,0.0330058,0.86087
-1.2343e+07,0.0306839,0.86257
-1.2343e+07,0.0306839,0.863433
-1.31393e+07,0.0784354,0.375338
-1.2343e+07,0.0424576,0.827234
-1.2343e+07,0.0424576,0.828062
-1.24693e+07,0.0784354,0.521265
-1.2343e+07,0.0411767,1.12079
-1.2343e+07,0.0411767,1.12191
-1.39757e+07,0.0784354,0.317265
-1.2343e+07,0.0433848,0.710726
-1.2343e+07,0.0433848,0.711437
-1.23437e+07,0.0784354,0.929398
-1.2343e+07,0.0398503,1.94167
-1.2343e+07,0.0398503,1.94362
-1.23446e+07,0.0784354,0.863482
-1.2343e+07,0.0399796,1.80931
-1.2343e+07,0.0399796,1.81112
-1.33335e+07,0.0835302,0.375338
-1.2343e+07,0.0455885,0.832465
-1.2343e+07,0.0455885,0.833298
-1.25195e+07,0.0835302,0.521265
-1.2343e+07,0.0440807,1.12568
-1.2343e+07,0.0440807,1.12681
-1.42777e+07,0.0835302,0.317265
-1.2343e+07,0.0466792,0.716018
-1.2343e+07,0.0466792,0.716734
-1.23443e+07,0.0835302,0.929398
-1.2343e+07,0.0425624,1.94684
-1.2343e+07,0.0425624,1.94879
-1.2346e+07,0.0835302,0.863482
-1.2343e+07,0.0427111,1.81449
-1.2343e+07,0.0427111,1.81631
-1.25618e+07,0.0585859,0.375338
-1.2343e+07,0.0307902,0.807774
-1.2343e+07,0.0307902,0.808582
-1.23613e+07,0.0585859,0.521265
-1.2343e+07,0.0301418,1.10143
-1.2343e+07,0.0301418,1.10253
-1.29267e+07,0.0585859,0.317265
-1.2343e+07,0.0312405,0.690991
-1.2343e+07,0.0312405,0.691682
-1.2343e+07,0.0585859,0.929398
-1.2343e+07,0.0294477,1.92236
-1.2343e+07,0.0294477,1.92429
-1.2343e+07,0.0585859,0.863482
-1.2343e+07,0.0295081,1.78947
-1.2343e+07,0.0295081,1.79126
-1.30181e+07,0.0750429,0.375338
-1.2343e+07,0.0404054,0.823801
-1.2343e+07,0.0404054,0.824625
-1.24412e+07,0.0750429,0.521265
-1.2343e+07,0.0392497,1.11728
-1.2343e+07,0.0392497,1.11839
-1.37775e+07,0.0750429,0.317265
-1.2343e+07,0.041238,0.7073
-1.2343e+07,0.041238,0.708008
-1.23434e+07,0.0750429,0.929398
-1.2343e+07,0.0380547,1.9383
-1.2343e+07,0.0380547,1.94024
-1.2344e+07,0.0750429,0.863482
-1.2343e+07,0.038169,1.80579
-1.2343e+07,0.038169,1.8076
