-4.45428e+07, 5.25367, 64.4421
-4.33651e+07, 10.7601, 32.1251
-4.33687e+07, 10.7601, 32.1572
-3.70386e+06, 190.282, 1.98401
-2.1433e+07, 33.5902, 10.6525
-2.14438e+07, 33.5902, 10.6632
-1.52753e+06, 135.573, 2.75615
-1.46813e+06, 127.525, 2.92181
-1.46884e+06, 127.525, 2.92473
-4.45428e+07, 5.25367, 65.7398
-4.34346e+07, 10.76, 32.7717
-4.3438e+07, 10.76, 32.8044
-3.60963e+06, 190.272, 2.02385
-2.23695e+07, 32.5035, 11.2185
-2.23804e+07, 32.5035, 11.2297
-1.53018e+06, 136.011, 2.80258
-1.48267e+06, 128.121, 2.9669
-1.48348e+06, 128.121, 2.96987
-4.45428e+07, 5.25367, 64.4576
-4.3366e+07, 10.7601, 32.1328
-4.33695e+07, 10.7601, 32.1649
-3.70271e+06, 190.28, 1.98447
-2.14412e+07, 33.5815, 10.6576
-2.14519e+07, 33.5815, 10.6683
-1.52778e+06, 135.595, 2.75632
-1.46828e+06, 127.537, 2.9222
-1.469e+06, 127.537, 2.92512
-4.45429e+07, 5.25367, 80.1609
-4.39775e+07, 10.7801, 40.0378
-4.39797e+07, 10.7801, 40.0779
-2.89668e+06, 192.055, 2.49173
-2.48605e+07, 32.2064, 13.9325
-2.48717e+07, 32.2064, 13.9464
-1.69971e+06, 152.081, 3.12071
-1.65162e+06, 146.515, 3.23184
-1.65204e+06, 146.515, 3.23508
-9.33017e+06, 68.7618, 6.71026
-1.64295e+06, 143.482, 3.29772
-1.64372e+06, 143.482, 3.30102
-1.64368e+06, 143.412, 3.30245
-4.45429e+07, 5.24842, 82.0222
-4.45429e+07, 5.24842, 82.1043
-4.40225e+07, 10.8089, 41.0388
-2.84527e+06, 193.475, 2.57186
-2.84255e+06, 193.475, 2.57443
-2.67281e+07, 30.1533, 15.3297
-1.7055e+06, 152.547, 3.23089
-1.70563e+06, 152.547, 3.23412
-1.67596e+06, 147.492, 3.34031
-1.02234e+07, 66.622, 7.15584
-1.02328e+07, 66.622, 7.16299
-1.67429e+06, 146.208, 3.36847
-1.6735e+06, 145.979, 3.3703
-1.67431e+06, 145.979, 3.37368
-2.3296e+07, 5.25367, 1.23612
-8.06246e+06, 12.525, 0.75471
-8.06757e+06, 12.525, 0.755465
-4.45427e+07, 5.25367, 60.9037
-4.31524e+07, 10.7608, 30.3632
-4.31564e+07, 10.7608, 30.3936
-3.96419e+06, 190.343, 1.87569
-1.83787e+07, 37.6695, 9.0118
-1.83891e+07, 37.6695, 9.02082
-1.5319e+06, 134.466, 2.62712
-1.42987e+06, 124.217, 2.83425
-1.43053e+06, 124.217, 2.83709
-6.8207e+06, 68.473, 5.05388
-1.42986e+06, 124.162, 2.83547
-1.43054e+06, 124.162, 2.83831
-4.45428e+07, 5.25367, 65.1712
-4.34047e+07, 10.7599, 32.4879
-4.34082e+07, 10.7599, 32.5204
-3.65066e+06, 190.263, 2.00625
-2.19644e+07, 32.9651, 10.9699
-2.19752e+07, 32.9651, 10.9809
-1.52847e+06, 135.784, 2.78263
-1.47652e+06, 127.563, 2.95348
-1.47734e+06, 127.563, 2.95643
-4.45429e+07, 5.25367, 73.6768
-4.37781e+07, 10.765, 36.7461
-4.37807e+07, 10.765, 36.7828
-3.08534e+06, 190.718, 2.27369
-2.67303e+07, 28.3771, 14.3737
-2.67416e+07, 28.3771, 14.3881
-1.57994e+06, 140.159, 3.06388
-1.56824e+06, 136.198, 3.14709
-1.56905e+06, 136.198, 3.15024
-4.33426e+07, 5.25367, 14.989
-3.13076e+07, 10.9447, 7.6078
-3.13183e+07, 10.9447, 7.61541
-1.27458e+07, 207.181, 0.504905
-1.72597e+06, 52.8977, 1.77788
-1.72933e+06, 52.8977, 1.77966
-1.3602e+06, 75.4413, 1.28246
-4.45117e+07, 5.24842, 34.0904
-4.45119e+07, 5.24842, 34.1246
-3.95308e+07, 10.8092, 17.0573
-7.01308e+06, 193.505, 1.0691
-7.00811e+06, 193.505, 1.07017
-3.43378e+06, 64.7451, 3.06044
-1.8165e+06, 116.405, 1.74122
-1.81353e+06, 116.405, 1.74296
-1.13221e+06, 94.4673, 2.12967
-4.28697e+07, 5.24842, 13.2542
-4.2874e+07, 5.24842, 13.2675
-2.99699e+07, 10.9974, 6.75521
-1.40421e+07, 210.943, 0.455808
-1.40309e+07, 210.943, 0.456264
-1.37993e+06, 53.5151, 1.59466
-4.45426e+07, 5.24842, 57.3752
-4.45426e+07, 5.24842, 57.4326
-4.28966e+07, 10.7724, 28.6065
-4.20963e+06, 190.232, 1.76778
-4.20573e+06, 190.232, 1.76955
-1.42858e+07, 44.5768, 7.22171
-1.50117e+06, 130.941, 2.5389
-1.50046e+06, 130.941, 2.54145
-1.39762e+06, 122.859, 2.70324
-5.15109e+06, 73.9305, 4.41837
-5.1587e+06, 73.9305, 4.42279
-1.39161e+06, 120.7, 2.75009
-3.85662e+07, 5.24842, 6.8112
-3.85745e+07, 5.24842, 6.81802
-2.29742e+07, 11.2774, 3.57229
-2.12965e+07, 239.203, 0.270295
-2.1284e+07, 239.203, 0.270566
-1.43964e+06, 52.3732, 0.97615
-4.45391e+07, 5.24842, 45.1732
-4.45392e+07, 5.24842, 45.2183
-4.16077e+07, 10.7858, 22.5515
-5.23127e+06, 191.411, 1.40074
-5.22436e+06, 191.411, 1.40214
-1.3602e+07, 41.0479, 6.20277
-1.36583e+06, 116.829, 2.25653
-1.36503e+06, 116.829, 2.25879
-1.27154e+06, 104.725, 2.51038
-4.45218e+07, 9.22888, 64.4421
-4.45219e+07, 9.22888, 64.5066
-3.9913e+07, 18.8911, 32.0406
-7.47471e+06, 330.003, 1.95805
-7.46962e+06, 330.003, 1.96001
-6.13237e+06, 97.7244, 6.43438
-2.19869e+06, 190.107, 3.35575
-2.19749e+06, 190.107, 3.35911
-1.88855e+06, 164.018, 3.88
-4.45245e+07, 9.22888, 65.7398
-4.45247e+07, 9.22888, 65.8056
-4.00762e+07, 18.8889, 32.682
-7.36943e+06, 329.815, 1.99632
-7.36407e+06, 329.815, 1.99832
-6.97395e+06, 93.4474, 6.85222
-2.11902e+06, 187.37, 3.46884
-2.11805e+06, 187.37, 3.47231
-1.90975e+06, 163.881, 3.95777
-4.45218e+07, 9.22888, 64.4576
-4.4522e+07, 9.22888, 64.5221
-3.9915e+07, 18.8885, 32.0439
-7.47205e+06, 329.781, 1.95718
-7.46696e+06, 329.781, 1.95913
-6.14528e+06, 97.6056, 6.43787
-2.19578e+06, 189.929, 3.35581
-2.19458e+06, 189.929, 3.35917
-1.88791e+06, 163.895, 3.8796
-4.45391e+07, 9.22888, 80.1609
-4.45391e+07, 9.22888, 80.2411
-4.15338e+07, 18.8794, 39.8308
-6.1299e+06, 328.984, 2.42797
-6.12323e+06, 328.984, 2.4304
-1.39789e+07, 70.0253, 11.0451
-2.17251e+06, 198.324, 3.98406
-2.17251e+06, 198.324, 3.98805
-2.08248e+06, 184.636, 4.27704
-2.08057e+06, 183.279, 4.30381
-2.08149e+06, 183.279, 4.30811
-4.45397e+07, 9.23811, 82.0222
-4.16887e+07, 18.8587, 40.7515
-4.1695e+07, 18.8587, 40.7923
-5.9848e+06, 329.15, 2.48309
-1.46226e+07, 68.4972, 11.5305
-1.46326e+07, 68.4972, 11.542
-2.19359e+06, 200.482, 4.03412
-2.10241e+06, 186.559, 4.32437
-2.10323e+06, 186.559, 4.3287
-2.10231e+06, 185.438, 4.3542
-1.53929e+07, 9.22888, 1.23612
-1.54015e+07, 9.22888, 1.23735
-3.5223e+06, 21.4064, 0.718879
-4.45119e+07, 9.22888, 60.9037
-4.45121e+07, 9.22888, 60.9646
-3.94353e+07, 18.8935, 30.2853
-7.7376e+06, 330.215, 1.85176
-7.73344e+06, 330.215, 1.85361
-3.81832e+06, 113.29, 5.2683
-2.41549e+06, 195.972, 3.08213
-2.41313e+06, 195.972, 3.08521
-1.84008e+06, 159.749, 3.76652
-4.45234e+07, 9.22888, 65.1712
-4.45235e+07, 9.22888, 65.2364
-4.00054e+07, 18.8902, 32.4015
-7.41616e+06, 329.924, 1.97972
-7.41092e+06, 329.924, 1.9817
-6.60775e+06, 95.2526, 6.67
-2.14889e+06, 188.402, 3.42234
-2.14781e+06, 188.402, 3.42576
-1.90095e+06, 163.709, 3.92964
-4.45351e+07, 9.22888, 73.6768
-4.45352e+07, 9.22888, 73.7505
-4.09518e+07, 18.8825, 36.615
-6.68633e+06, 329.253, 2.23344
-6.67991e+06, 329.253, 2.23568
-1.135e+07, 77.0048, 9.25936
-2.06145e+06, 187.035, 3.88328
-2.06153e+06, 187.035, 3.88717
-2.00696e+06, 173.942, 4.17303
-3.98565e+07, 9.22888, 14.989
-3.98645e+07, 9.22888, 15.0039
-2.43496e+07, 19.2043, 7.58211
-1.78944e+07, 358.283, 0.496437
-1.78848e+07, 358.283, 0.496934
-1.38008e+06, 97.4489, 1.6706
-4.39759e+07, 9.22888, 34.0904
-4.39781e+07, 9.22888, 34.1246
-3.35425e+07, 18.9688, 17.0216
-1.01623e+07, 336.845, 1.05795
-1.01532e+07, 336.845, 1.05901
-2.97525e+06, 90.0389, 3.78475
-1.72934e+06, 141.209, 2.44881
-1.72792e+06, 141.209, 2.45126
-1.41564e+06, 123.156, 2.7972
-3.88253e+07, 9.22888, 13.2542
-3.88341e+07, 9.22888, 13.2675
-2.3023e+07, 19.2619, 6.72626
-1.90562e+07, 363.686, 0.446125
-1.90464e+07, 363.686, 0.446571
-1.23045e+06, 89.4122, 1.63056
-4.44975e+07, 9.22888, 57.3752
-4.44978e+07, 9.22888, 57.4326
-3.89069e+07, 18.8987, 28.5388
-7.95397e+06, 330.672, 1.74694
-7.95099e+06, 330.672, 1.74869
-2.04149e+06, 138.178, 4.09678
-2.23537e+06, 185.549, 3.06983
-2.23411e+06, 185.549, 3.07291
-2.04149e+06, 138.178, 4.09678
-3.22191e+07, 9.22888, 6.8112
-3.22296e+07, 9.22888, 6.81802
-1.60409e+07, 19.7157, 3.54808
-2.5649e+07, 408.598, 0.261258
-2.56372e+07, 408.598, 0.26152
-4.43718e+07, 9.23811, 45.1732
-3.65915e+07, 18.9067, 22.5022
-3.66019e+07, 18.9067, 22.5247
-8.08654e+06, 333.364, 1.3855
-4.45429e+07, 2.37404, 64.4421
-4.45429e+07, 2.37404, 64.5066
-4.4542e+07, 6.45929, 65.2327
-1.61668e+07, 352.208, 68.4933
-1.61754e+07, 352.208, 68.5619
-3.19044e+07, 3.12917e+09, 83.2493
-2.88231e+07, 26718.4, 72.2062
-2.88062e+07, 26718.4, 72.2785
-7.8778e+06, 2099.2, 69.9999
-7.84204e+06, 1875.67, 69.9047
-7.84428e+06, 1875.67, 69.9746
-4.45429e+07, 2.37642, 65.7398
-4.45422e+07, 6.4532, 66.1298
-4.45422e+07, 6.4532, 66.1959
-1.60558e+07, 352.661, 67.7127
-3.22615e+07, 3.12978e+09, 74.4327
-3.22579e+07, 3.12978e+09, 74.5072
-2.94978e+07, 26739.7, 69.4684
-7.83358e+06, 2056.05, 68.4228
-7.83505e+06, 2056.05, 68.4913
-7.79587e+06, 1857.88, 68.3814
-4.45429e+07, 2.37404, 64.4576
-4.45429e+07, 2.37404, 64.5221
-4.45417e+07, 6.45878, 63.3366
-1.49074e+07, 352.068, 59.0441
-1.49156e+07, 352.068, 59.1032
-3.47336e+07, 3.12394e+09, 44.5927
-2.90566e+07, 21675.8, 54.926
-2.90396e+07, 21675.8, 54.981
-7.49343e+06, 1784.44, 57.3872
-7.46908e+06, 1660.75, 57.4586
-7.47068e+06, 1660.75, 57.5161
-1.01104e+07, 694.324, 58.3457
-7.45527e+06, 1595.37, 57.4991
-7.45773e+06, 1595.37, 57.5567
-4.45429e+07, 2.37642, 80.1609
-4.45428e+07, 6.45294, 81.0292
-4.45429e+07, 6.45294, 81.1102
-1.80599e+07, 352.589, 84.5975
-3.15168e+07, 3.12711e+09, 100.513
-3.15155e+07, 3.12711e+09, 100.613
-2.93821e+07, 32457.6, 88.8216
-8.26027e+06, 2490.61, 86.3992
-8.26133e+06, 2490.61, 86.4857
-8.25184e+06, 2118.82, 86.2479
-4.45429e+07, 2.37404, 82.0222
-4.45429e+07, 2.37404, 82.1043
-4.45429e+07, 6.45966, 81.5437
-1.75097e+07, 352.309, 79.6574
-1.75188e+07, 352.309, 79.7371
-3.23555e+07, 3.13293e+09, 72.5386
-3.02851e+07, 30345.6, 77.6074
-3.02675e+07, 30345.6, 77.6851
-8.09369e+06, 2302.36, 78.7877
-8.07511e+06, 2016.65, 78.8484
-8.07703e+06, 2016.65, 78.9273
-3.47692e+07, 2.37642, 1.23612
-1.83631e+07, 5.95018, 0.83303
-1.83705e+07, 5.95018, 0.833863
-2.71217e+07, 235.034, 0.171817
-4.45429e+07, 2.37404, 60.9037
-4.45429e+07, 2.37404, 60.9646
-4.45414e+07, 6.45924, 61.692
-1.57092e+07, 352.194, 64.9485
-1.57179e+07, 352.194, 65.0135
-3.20298e+07, 3.12862e+09, 79.7868
-2.90082e+07, 25874.8, 68.6388
-2.89912e+07, 25874.8, 68.7075
-7.7783e+06, 2011.84, 66.4198
-7.73481e+06, 1818.14, 66.3342
-7.73713e+06, 1818.14, 66.4006
-4.45429e+07, 2.37642, 65.1712
-4.45418e+07, 6.45207, 63.9045
-4.45419e+07, 6.45207, 63.9684
-1.49058e+07, 352.352, 59.0793
-3.4922e+07, 3.11828e+09, 43.1569
-3.49162e+07, 3.11828e+09, 43.2001
-2.90899e+07, 21573.2, 54.4949
-7.48759e+06, 1778.6, 57.23
-7.48924e+06, 1778.6, 57.2873
-7.46476e+06, 1660.32, 57.3085
-9.51242e+06, 774.626, 58.1715
-9.51837e+06, 774.626, 58.2297
-7.45254e+06, 1604.41, 57.3471
-7.46583e+06, 1550.85, 57.3842
-7.46831e+06, 1550.85, 57.4416
-7.45254e+06, 1604.41, 57.3471
-4.45429e+07, 2.37404, 73.6768
-4.45429e+07, 2.37404, 73.7505
-4.45427e+07, 6.45947, 74.3918
-1.72396e+07, 352.257, 77.322
-1.72485e+07, 352.257, 77.3993
-3.17034e+07, 3.13099e+09, 90.243
-2.91337e+07, 29674.4, 80.705
-2.91168e+07, 29674.4, 80.7857
-8.09516e+06, 2309.82, 78.7385
-8.07033e+06, 2009.28, 78.6333
-8.07224e+06, 2009.28, 78.712
-4.4516e+07, 2.37642, 14.989
-3.99667e+07, 5.00887, 7.70646
-3.99741e+07, 5.00887, 7.71417
-7.68385e+06, 99.3528, 0.538504
-5.48592e+06, 27.7529, 1.67616
-5.49304e+06, 27.7529, 1.67784
-1.94416e+06, 57.4325, 0.877553
-1.29213e+06, 46.5799, 1.05665
-1.29149e+06, 46.5799, 1.05771
-4.45429e+07, 2.37642, 34.0904
-4.39237e+07, 4.95118, 17.3048
-4.39259e+07, 4.95118, 17.3221
-2.42274e+06, 93.7617, 1.14896
-2.33903e+07, 16.3071, 5.76294
-2.34009e+07, 16.3071, 5.76871
-1.15859e+06, 75.1202, 1.40964
-1.03892e+06, 70.8759, 1.48596
-1.03815e+06, 70.8759, 1.48745
-8.18328e+06, 34.0307, 2.92635
-1.01329e+06, 68.2687, 1.53823
-1.0133e+06, 68.2687, 1.53977
-4.4487e+07, 2.37642, 13.2542
-3.90178e+07, 5.02927, 6.84589
-3.90258e+07, 5.02927, 6.85274
-8.42454e+06, 101.392, 0.487234
-1.77086e+06, 37.8946, 1.15752
-1.77286e+06, 37.8946, 1.15868
-2.18575e+06, 56.1942, 0.819062
-1.36689e+06, 44.3699, 1.00747
-1.36616e+06, 44.3699, 1.00848
-4.45429e+07, 2.37642, 57.3752
-4.45392e+07, 6.45119, 55.9225
-4.45392e+07, 6.45119, 55.9785
-1.36127e+07, 352.112, 50.4706
-3.64335e+07, 3.10938e+09, 33.4845
-3.64274e+07, 3.10938e+09, 33.518
-2.8586e+07, 18270, 45.6081
-7.18621e+06, 1562.63, 48.5764
-7.1871e+06, 1562.63, 48.625
-7.17736e+06, 1279.94, 48.8269
-4.3702e+07, 2.37404, 6.8112
-4.37044e+07, 2.37404, 6.81802
-3.30709e+07, 5.19789, 3.65508
-1.41025e+07, 118.853, 0.303103
-1.40895e+07, 118.853, 0.303406
-3.14737e+06, 26.2593, 1.00795
-2.41964e+06, 42.7678, 0.683314
-2.4153e+06, 42.7678, 0.683998
-1.87399e+06, 35.1108, 0.800026
-4.45429e+07, 2.37404, 45.1732
-4.45429e+07, 2.37404, 45.2183
-4.44259e+07, 6.0305, 31.3774
-3.07458e+06, 249.828, 7.30398
-3.07714e+06, 249.828, 7.31129
-4.45429e+07, 7.39549e+08, 0.0214454
-9.07879e+06, 724.885, 4.81417
-9.07232e+06, 724.885, 4.81899
-3.01132e+06, 278.116, 7.00648
-4.4542e+07, 6.42269, 64.4421
-4.4542e+07, 6.42269, 64.5066
-4.24471e+07, 13.1659, 32.088
-4.79039e+06, 231.322, 1.97259
-4.7882e+06, 231.322, 1.97456
-6.22319e+06, 80.8564, 5.48953
-1.61107e+06, 142.58, 3.15845
-1.61151e+06, 142.58, 3.16161
-1.60619e+06, 140.9, 3.19818
-1.60462e+06, 139.875, 3.21784
-1.60539e+06, 139.875, 3.22106
-4.45421e+07, 6.42911, 65.7398
-4.25548e+07, 13.1501, 32.7275
-4.25599e+07, 13.1501, 32.7603
-4.74568e+06, 231.324, 2.01026
-8.10449e+06, 72.7408, 6.19262
-8.11352e+06, 72.7408, 6.19881
-1.65439e+06, 147.798, 3.10896
-1.6239e+06, 143.582, 3.19467
-1.62438e+06, 143.582, 3.19787
-1.61946e+06, 141.39, 3.24604
-3.38894e+06, 101.363, 4.48347
-3.39473e+06, 101.363, 4.48795
-1.61944e+06, 141.272, 3.24867
-4.4542e+07, 6.42269, 64.4576
-4.4542e+07, 6.42269, 64.5221
-4.24483e+07, 13.1632, 32.089
-4.78813e+06, 231.086, 1.97099
-4.78593e+06, 231.086, 1.97296
-6.24484e+06, 80.6911, 5.49386
-1.60932e+06, 142.348, 3.15864
-1.60978e+06, 142.348, 3.1618
-1.60494e+06, 140.75, 3.19664
-1.60345e+06, 139.772, 3.21527
-1.60422e+06, 139.772, 3.21849
-4.45428e+07, 6.42911, 80.1609
-4.34011e+07, 13.1483, 39.9012
-4.34046e+07, 13.1483, 39.9411
-3.97572e+06, 231.166, 2.44952
-2.20388e+07, 39.9139, 13.5334
-2.20496e+07, 39.9139, 13.547
-1.82385e+06, 163.88, 3.42414
-1.7786e+06, 154.678, 3.61881
-1.77953e+06, 154.678, 3.62243
-4.45429e+07, 6.42911, 82.0222
-4.34796e+07, 13.1481, 40.827
-4.34829e+07, 13.1481, 40.8678
-3.86926e+06, 231.145, 2.50617
-2.30963e+07, 38.4808, 14.3483
-2.31073e+07, 38.4808, 14.3627
-1.83014e+06, 164.27, 3.495
-1.79783e+06, 156.464, 3.66112
-1.79875e+06, 156.464, 3.66478
-2.0393e+07, 6.42911, 1.23612
-6.10348e+06, 15.1493, 0.73972
-6.10738e+06, 15.1493, 0.740461
-4.45413e+07, 6.42911, 60.9037
-4.21451e+07, 13.155, 30.3313
-4.21508e+07, 13.155, 30.3617
-4.88701e+06, 231.747, 1.86588
-2.18652e+06, 111.952, 3.78177
-2.19041e+06, 111.952, 3.78555
-2.57787e+06, 176.301, 2.4342
-1.56309e+06, 135.721, 3.13613
-1.5639e+06, 135.721, 3.13927
-4.45421e+07, 6.42911, 65.1712
-4.25106e+07, 13.1514, 32.4475
-4.25157e+07, 13.1514, 32.48
-4.76788e+06, 231.432, 1.99383
-7.28047e+06, 76.0635, 5.88166
-7.28918e+06, 76.0635, 5.88754
-1.63508e+06, 145.754, 3.12667
-1.61534e+06, 142.352, 3.19624
-1.6159e+06, 142.352, 3.19944
-1.61334e+06, 140.77, 3.23435
-4.45427e+07, 6.42269, 73.6768
-4.45427e+07, 6.42269, 73.7505
-4.30744e+07, 13.1618, 36.6744
-4.34489e+06, 230.957, 2.25161
-4.3407e+06, 230.957, 2.25387
-1.73686e+07, 47.7085, 10.4668
-1.80849e+06, 161.645, 3.18699
-1.80797e+06, 161.645, 3.19018
-1.70941e+06, 149.641, 3.439
-6.63401e+06, 84.4092, 5.9996
-6.64229e+06, 84.4092, 6.0056
-1.70927e+06, 149.306, 3.44652
-4.2419e+07, 6.42269, 14.989
-4.2424e+07, 6.42269, 15.0039
-2.88008e+07, 13.3999, 7.60352
-1.46005e+07, 252.624, 0.503486
-1.45899e+07, 252.624, 0.50399
-1.13205e+06, 65.7165, 1.74915
-4.44363e+07, 6.42269, 34.0904
-4.44368e+07, 6.42269, 34.1246
-3.75891e+07, 13.2141, 17.039
-7.73459e+06, 235.585, 1.06339
-7.73381e+06, 235.585, 1.06446
-4.57272e+06, 176.56, 1.40503
-1.35828e+06, 113.665, 2.14478
-1.35725e+06, 113.665, 2.14693
-1.39411e+07, 38.7747, 6.04524
-1.21727e+06, 104.679, 2.32172
-1.21757e+06, 104.679, 2.32404
-4.17339e+07, 6.42911, 13.2542
-2.74745e+07, 13.4179, 6.74064
-2.74853e+07, 13.4179, 6.74738
-1.59002e+07, 255.856, 0.450913
-1.02732e+06, 66.1901, 1.55812
-1.02782e+06, 66.1901, 1.55968
-4.454e+07, 6.42911, 57.3752
-4.17922e+07, 13.1573, 28.5793
-4.17983e+07, 13.1573, 28.6079
-5.25011e+06, 231.954, 1.75939
-1.45665e+07, 48.3496, 8.06781
-1.45766e+07, 48.3496, 8.07588
-1.63249e+06, 143.915, 2.7978
-1.53214e+06, 128.895, 3.1111
-1.53321e+06, 128.895, 3.11421
-3.64506e+07, 6.42911, 6.8112
-2.0454e+07, 13.7463, 3.55991
-2.04642e+07, 13.7463, 3.56347
-2.29548e+07, 288.729, 0.265644
-1.21642e+06, 53.9085, 1.11018
-1.21485e+06, 53.9085, 1.11129
-4.45237e+07, 6.42911, 45.1732
-4.00978e+07, 13.1738, 22.5303
-4.01057e+07, 13.1738, 22.5529
-6.79684e+06, 233.408, 1.39417
-6.41017e+06, 66.6029, 4.69106
-6.41855e+06, 66.6029, 4.69575
-1.64901e+06, 134.922, 2.37034
-1.36776e+06, 116.782, 2.7234
-1.36862e+06, 116.782, 2.72613
-4.45429e+07, 0.850184, 64.4421
-4.45429e+07, 2.30873, 64.5491
-4.45429e+07, 2.30873, 64.6137
-4.45429e+07, 1.13207, 64.4727
-4.45429e+07, 0.980093, 64.4574
-4.45429e+07, 0.980093, 64.5219
-4.45429e+07, 1.07169, 64.4669
-4.45429e+07, 1.10777, 64.4705
-4.45429e+07, 1.10777, 64.535
-4.45429e+07, 1.13207, 64.4727
-4.45429e+07, 0.849335, 65.7398
-4.45429e+07, 0.849335, 65.8056
-4.45429e+07, 2.31078, 64.7601
-4.45429e+07, 0.996304, 65.5825
-4.45429e+07, 0.996304, 65.6481
-4.45429e+07, 0.895004, 65.6891
-4.45429e+07, 0.849335, 64.4576
-4.45429e+07, 0.849335, 64.5221
-4.45429e+07, 2.30923, 61.9562
-4.45429e+07, 1.34583, 63.293
-4.45429e+07, 1.34583, 63.3563
-4.45429e+07, 1.00248, 64.0382
-4.45429e+07, 1.22064, 63.5382
-4.45429e+07, 1.22064, 63.6018
-4.45429e+07, 0.850184, 80.1609
-4.45429e+07, 2.30617, 76.4739
-4.45429e+07, 2.30617, 76.5504
-4.45429e+07, 1.04125, 79.3985
-4.45429e+07, 0.895956, 79.9592
-4.45429e+07, 0.895956, 80.0392
-4.45429e+07, 0.865544, 80.0932
-4.45429e+07, 0.885521, 80.0034
-4.45429e+07, 0.885521, 80.0834
-4.45429e+07, 0.892788, 79.9763
-4.45429e+07, 0.895956, 79.9592
-4.45429e+07, 0.895956, 80.0392
-4.45429e+07, 0.850184, 82.0222
-4.45429e+07, 2.3087, 81.5797
-4.45429e+07, 2.3087, 81.6613
-4.45429e+07, 1.30011, 81.8339
-4.45429e+07, 0.968125, 81.9641
-4.45429e+07, 0.968125, 82.0461
-4.45429e+07, 0.88607, 82.0039
-4.55767e+07, 0.849335, 1.23612
-4.55753e+07, 0.849335, 1.23735
-3.72215e+07, 2.2271, 1.61845
-3.58007e+06, 104.763, 4.75624
-3.58609e+06, 104.763, 4.761
-4.45429e+07, 0.850184, 60.9037
-4.45429e+07, 2.30704, 58.6163
-4.45429e+07, 2.30704, 58.6749
-4.45429e+07, 1.17019, 60.1629
-4.45429e+07, 0.924493, 60.7062
-4.45429e+07, 0.924493, 60.7669
-4.45429e+07, 0.884913, 60.8104
-4.45429e+07, 0.908118, 60.7478
-4.45429e+07, 0.908118, 60.8085
-4.45429e+07, 0.918596, 60.7234
-4.45429e+07, 0.924493, 60.7062
-4.45429e+07, 0.924493, 60.7669
-4.45429e+07, 0.850184, 65.1712
-4.45429e+07, 2.30864, 64.5843
-4.45429e+07, 2.30864, 64.6489
-4.45429e+07, 1.42262, 64.8684
-4.45429e+07, 0.96058, 65.0986
-4.45429e+07, 0.96058, 65.1638
-4.45429e+07, 0.850184, 73.6768
-4.45429e+07, 2.30773, 75.8764
-4.45429e+07, 2.30773, 75.9523
-4.45429e+07, 1.14441, 74.324
-4.45429e+07, 0.93504, 73.8856
-4.45429e+07, 0.93504, 73.9595
-4.45429e+07, 0.871815, 73.7313
-4.45429e+07, 0.85868, 73.7005
-4.45429e+07, 0.85868, 73.7743
-4.45429e+07, 0.850184, 14.989
-4.45429e+07, 0.808862, 40.6956
-4.45429e+07, 0.808862, 40.7363
-4.45429e+07, 0.850184, 34.0904
-4.45429e+07, 2.30873, 34.0176
-4.45429e+07, 2.30873, 34.0517
-1.91677e+07, 126.177, 33.728
-3.65086e+07, 1.12006e+09, 32.5937
-3.65025e+07, 1.12006e+09, 32.6263
-2.26563e+07, 10549.4, 33.4103
-6.43337e+06, 1132.23, 33.57
-6.43468e+06, 1132.23, 33.6036
-6.38834e+06, 947.958, 33.5829
-4.45429e+07, 0.849335, 13.2542
-4.45429e+07, 0.849335, 13.2675
-4.45429e+07, 0.546052, 32.491
-4.45429e+07, 0.849335, 57.3752
-4.45429e+07, 0.849335, 57.4326
-4.45429e+07, 2.31057, 58.5426
-4.45429e+07, 1.41116, 57.9651
-4.45429e+07, 1.41116, 58.0231
-4.45429e+07, 1.09092, 57.6641
-4.45429e+07, 0.915886, 57.4624
-4.45429e+07, 0.915886, 57.5199
-4.45429e+07, 0.864486, 57.3944
-4.45429e+07, 0.855639, 57.3837
-4.45429e+07, 0.855639, 57.4411
-4.45429e+07, 0.861024, 57.3898
-4.45429e+07, 0.862645, 57.3931
-4.45429e+07, 0.862645, 57.4506
-4.45429e+07, 0.86298, 57.3924
-4.45429e+07, 0.862645, 57.3931
-4.45429e+07, 0.862645, 57.4506
-4.45444e+07, 0.850184, 6.8112
-4.45429e+07, 0.719336, 18.2593
-4.45429e+07, 0.719336, 18.2775
-4.45429e+07, 0.850184, 45.1732
-4.45429e+07, 2.30761, 43.7894
-4.45429e+07, 2.30761, 43.8332
-2.05963e+07, 125.874, 38.6653
-3.84708e+07, 1.10879e+09, 23.5035
-3.8465e+07, 1.10879e+09, 23.527
-2.34247e+07, 11061.4, 33.6368
-6.57786e+06, 1199.13, 36.0443
-6.57912e+06, 1199.13, 36.0804
-6.54486e+06, 1009.71, 36.2389
-4.45416e+07, 6.63206, 64.4421
-4.45416e+07, 6.63206, 64.5066
-4.22693e+07, 13.5913, 32.0789
-4.90375e+06, 238.532, 1.96978
-4.90224e+06, 238.532, 1.97175
-3.50616e+06, 100.896, 4.55648
-2.62325e+06, 183.2, 2.54688
-2.6204e+06, 183.2, 2.54942
-1.62791e+06, 142.455, 3.25679
-1.62692e+06, 141.842, 3.26731
-1.62771e+06, 141.842, 3.27058
-4.45418e+07, 6.6387, 65.7398
-4.23828e+07, 13.5763, 32.7214
-4.23882e+07, 13.5763, 32.7541
-4.87269e+06, 238.646, 2.00837
-5.08703e+06, 89.6375, 5.20671
-5.09449e+06, 89.6375, 5.21192
-1.64414e+06, 141.946, 3.33099
-1.64996e+06, 146.324, 3.23076
-1.65039e+06, 146.324, 3.234
-1.64414e+06, 141.946, 3.33099
-4.45416e+07, 6.63206, 64.4576
-4.45416e+07, 6.63206, 64.5221
-4.22707e+07, 13.5917, 32.0874
-4.90359e+06, 238.559, 1.97049
-4.90207e+06, 238.559, 1.97246
-3.52372e+06, 100.755, 4.56461
-2.62322e+06, 183.231, 2.54761
-2.62037e+06, 183.231, 2.55016
-1.62825e+06, 142.485, 3.25753
-1.62726e+06, 141.872, 3.26807
-1.62805e+06, 141.872, 3.27134
-4.45428e+07, 6.6387, 80.1609
-4.32815e+07, 13.5712, 39.8839
-4.32853e+07, 13.5712, 39.9238
-4.18213e+06, 238.197, 2.44421
-2.04061e+07, 43.655, 12.7679
-2.04167e+07, 43.655, 12.7807
-1.86286e+06, 167.669, 3.44186
-1.8021e+06, 158.418, 3.63412
-1.80285e+06, 158.418, 3.63776
-7.83186e+06, 83.2442, 6.81177
-1.8015e+06, 157.534, 3.654
-1.80235e+06, 157.534, 3.65766
-1.80234e+06, 157.648, 3.65499
-4.45428e+07, 6.63206, 82.0222
-4.45428e+07, 6.63206, 82.1043
-4.3362e+07, 13.5847, 40.8097
-4.07104e+06, 237.949, 2.50086
-4.06646e+06, 237.949, 2.50336
-2.15688e+07, 41.8599, 13.623
-1.86823e+06, 168.138, 3.50853
-1.86831e+06, 168.138, 3.51204
-1.82221e+06, 158.647, 3.71664
-1.99519e+07, 6.63206, 1.23612
-1.99604e+07, 6.63206, 1.23735
-5.81584e+06, 15.6385, 0.738124
-4.45407e+07, 6.63206, 60.9037
-4.45407e+07, 6.63206, 60.9646
-4.19459e+07, 13.5942, 30.324
-5.10742e+06, 238.78, 1.86361
-5.10077e+06, 238.78, 1.86547
-1.52706e+07, 48.8445, 8.73642
-1.69644e+06, 150.197, 2.92583
-1.69581e+06, 150.197, 2.92876
-1.59579e+06, 134.91, 3.25109
-4.45417e+07, 6.63206, 65.1712
-4.45418e+07, 6.63206, 65.2364
-4.23307e+07, 13.5919, 32.4433
-4.886e+06, 238.584, 1.99251
-4.88427e+06, 238.584, 1.99451
-4.35757e+06, 94.3899, 4.91859
-2.53719e+06, 181.89, 2.5948
-2.53435e+06, 181.89, 2.5974
-1.63678e+06, 142.917, 3.2845
-1.63599e+06, 142.666, 3.28691
-1.63678e+06, 142.666, 3.2902
-4.45426e+07, 6.6387, 73.6768
-4.29374e+07, 13.574, 36.6655
-4.29418e+07, 13.574, 36.7021
-4.53908e+06, 238.441, 2.24886
-1.51176e+07, 54.0449, 9.54147
-1.51278e+07, 54.0449, 9.55101
-1.83047e+06, 163.902, 3.24026
-1.73493e+06, 153.132, 3.45872
-1.73555e+06, 153.132, 3.46218
-5.73122e+06, 91.0636, 5.74468
-1.73236e+06, 151.348, 3.49843
-1.73319e+06, 151.348, 3.50193
-1.73317e+06, 151.437, 3.49986
-4.22389e+07, 6.63206, 14.989
-4.22442e+07, 6.63206, 15.0039
-2.84042e+07, 13.8218, 7.59463
-1.49082e+07, 259.451, 0.500549
-1.48976e+07, 259.451, 0.50105
-1.08369e+06, 67.804, 1.73846
-4.44161e+07, 6.63206, 34.0904
-4.44167e+07, 6.63206, 34.1246
-3.72562e+07, 13.6435, 17.0373
-7.77062e+06, 243.145, 1.06285
-7.77043e+06, 243.145, 1.06392
-4.15208e+07, 6.6387, 13.2542
-2.70764e+07, 13.8629, 6.74465
-2.70872e+07, 13.8629, 6.7514
-1.61792e+07, 264.919, 0.452258
-1.01292e+06, 68.7342, 1.55548
-1.01299e+06, 68.7342, 1.55704
-4.45391e+07, 6.6387, 57.3752
-4.15827e+07, 13.584, 28.5744
-4.15892e+07, 13.584, 28.603
-5.5182e+06, 239.318, 1.7579
-1.36915e+07, 51.272, 7.85446
-1.37016e+07, 51.272, 7.86232
-1.64162e+06, 145.376, 2.85412
-1.55446e+06, 130.674, 3.1628
-1.55556e+06, 130.674, 3.16596
-3.6095e+07, 6.6387, 6.8112
-2.00559e+07, 14.1992, 3.56133
-2.00662e+07, 14.1992, 3.56489
-2.31828e+07, 298.649, 0.266174
-1.18678e+06, 54.3477, 1.13526
-1.18541e+06, 54.3477, 1.1364
-4.45189e+07, 6.6387, 45.1732
-3.98254e+07, 13.6003, 22.5254
-3.98336e+07, 13.6003, 22.548
-7.01333e+06, 240.762, 1.39265
-5.06248e+06, 73.9359, 4.36736
-5.07005e+06, 73.9359, 4.37173
-1.82102e+06, 141.928, 2.32396
-1.38918e+06, 122.016, 2.68793
-1.38951e+06, 122.016, 2.69062
-1.38444e+06, 120.333, 2.72701
-4.45429e+07, 2.27768, 64.4421
-4.45429e+07, 2.27768, 64.5066
-4.45429e+07, 0.838776, 63.9365
-4.45429e+07, 1.4023, 64.1964
-4.45429e+07, 1.4023, 64.2606
-4.45429e+07, 1.85796, 64.3383
-4.45429e+07, 2.14084, 64.4107
-4.45429e+07, 2.14084, 64.4751
-4.45429e+07, 2.22596, 64.4299
-4.45429e+07, 2.25414, 64.4368
-4.45429e+07, 2.25414, 64.5013
-4.45429e+07, 2.27996, 65.7398
-4.45429e+07, 0.838241, 63.9235
-4.45429e+07, 0.838241, 63.9874
-4.45429e+07, 2.27996, 64.4576
-4.45429e+07, 0.838098, 65.8299
-4.45429e+07, 0.838098, 65.8957
-4.45429e+07, 1.74455, 64.8222
-4.45429e+07, 1.96787, 64.6565
-4.45429e+07, 1.96787, 64.7212
-4.45429e+07, 2.18391, 64.5161
-4.45429e+07, 2.23714, 64.482
-4.45429e+07, 2.23714, 64.5465
-4.45429e+07, 2.26577, 64.4661
-4.45429e+07, 2.27138, 64.4614
-4.45429e+07, 2.27138, 64.5259
-4.45429e+07, 2.27802, 64.4588
-4.45429e+07, 2.27768, 80.1609
-4.45429e+07, 2.27768, 80.2411
-4.45429e+07, 0.839197, 82.8203
-4.45429e+07, 1.87346, 80.6739
-4.45429e+07, 1.87346, 80.7546
-4.45429e+07, 2.05477, 80.4336
-4.45429e+07, 2.27768, 82.0222
-4.45429e+07, 2.27768, 82.1043
-4.45429e+07, 0.838843, 83.2515
-4.45429e+07, 1.82758, 82.2913
-4.45429e+07, 1.82758, 82.3737
-4.45429e+07, 2.03084, 82.1635
-4.45429e+07, 2.19087, 82.0696
-4.45429e+07, 2.19087, 82.1518
-4.45429e+07, 2.24786, 82.0395
-4.45429e+07, 2.26948, 82.0266
-4.45429e+07, 2.26948, 82.1087
-4.45429e+07, 2.26583, 82.0298
-4.45429e+07, 2.26852, 82.0271
-4.45429e+07, 2.26852, 82.1092
-3.5342e+07, 2.27996, 1.23612
-1.89814e+07, 5.72727, 0.839441
-1.89888e+07, 5.72727, 0.840281
-2.64247e+07, 229.194, 0.178531
-4.45429e+07, 2.27768, 60.9037
-4.45429e+07, 2.27768, 60.9646
-4.45429e+07, 0.83875, 60.865
-4.45429e+07, 1.91019, 60.8969
-4.45429e+07, 1.91019, 60.9578
-4.45429e+07, 2.11668, 60.9008
-4.45429e+07, 2.20059, 60.9024
-4.45429e+07, 2.20059, 60.9633
-4.45429e+07, 2.25427, 60.9033
-4.45429e+07, 2.26752, 60.9035
-4.45429e+07, 2.26752, 60.9645
-4.45429e+07, 2.27676, 60.9036
-4.45429e+07, 2.27271, 60.9036
-4.45429e+07, 2.27271, 60.9645
-4.45429e+07, 2.27659, 60.9036
-4.45429e+07, 2.27448, 60.9036
-4.45429e+07, 2.27448, 60.9646
-4.45429e+07, 2.27996, 65.1712
-4.45429e+07, 0.838255, 63.3322
-4.45429e+07, 0.838255, 63.3956
-4.45429e+07, 1.67818, 64.6018
-4.45429e+07, 2.13539, 65.0509
-4.45429e+07, 2.13539, 65.116
-4.45429e+07, 2.23561, 65.1345
-4.45429e+07, 2.20263, 65.1087
-4.45429e+07, 2.20263, 65.1738
-4.45429e+07, 2.27996, 73.6768
-4.45429e+07, 0.838205, 75.6515
-4.45429e+07, 0.838205, 75.7272
-4.45429e+07, 1.41157, 74.6174
-4.45429e+07, 1.98798, 73.9425
-4.45429e+07, 1.98798, 74.0165
-4.45429e+07, 2.12213, 73.8168
-4.45429e+07, 2.04697, 73.8853
-4.45429e+07, 2.04697, 73.9592
-4.45429e+07, 2.01876, 73.9144
-4.45429e+07, 2.03476, 73.897
-4.45429e+07, 2.03476, 73.9709
-4.45429e+07, 2.04902, 73.8853
-4.45231e+07, 2.27768, 14.989
-4.45232e+07, 2.27768, 15.0039
-4.03076e+07, 4.81523, 7.71522
-7.45207e+06, 95.7072, 0.541572
-7.44424e+06, 95.7072, 0.542113
-7.31589e+06, 24.4403, 1.82247
-1.7422e+06, 54.2021, 0.897435
-1.73873e+06, 54.2021, 0.898333
-1.3186e+06, 45.4448, 1.05044
-4.45429e+07, 2.27768, 34.0904
-4.45429e+07, 2.27768, 34.1246
-4.40129e+07, 4.71443, 17.147
-2.30521e+06, 86.1006, 1.0975
-2.30132e+06, 86.1006, 1.0986
-2.73247e+07, 13.1525, 6.49679
-1.10295e+06, 68.6283, 1.36013
-1.10186e+06, 68.6283, 1.3615
-1.03942e+06, 66.1458, 1.40971
-9.94907e+06, 29.4659, 3.02631
-9.95859e+06, 29.4659, 3.02934
-1.0242e+06, 64.288, 1.44821
-4.45004e+07, 2.27768, 13.2542
-4.45007e+07, 2.27768, 13.2675
-3.93933e+07, 4.83589, 6.85547
-8.26454e+06, 97.778, 0.49065
-8.25794e+06, 97.778, 0.491141
-2.93184e+06, 32.1177, 1.3034
-2.30631e+06, 56.1502, 0.797962
-2.3015e+06, 56.1502, 0.79876
-1.38952e+06, 44.1162, 0.986757
-4.45429e+07, 2.27768, 57.3752
-4.45429e+07, 2.27768, 57.4326
-4.45429e+07, 0.838782, 57.8811
-4.45429e+07, 1.36999, 57.6318
-4.45429e+07, 1.36999, 57.6895
-4.45429e+07, 1.90899, 57.4647
-4.45429e+07, 2.15644, 57.4027
-4.45429e+07, 2.15644, 57.4602
-4.45429e+07, 2.22346, 57.3878
-4.45429e+07, 2.26011, 57.3791
-4.45429e+07, 2.26011, 57.4365
-4.45429e+07, 2.27494, 57.3763
-4.45429e+07, 2.27655, 57.3754
-4.45429e+07, 2.27655, 57.4328
-4.45429e+07, 2.27991, 57.3752
-4.45429e+07, 2.27768, 57.3752
-4.45429e+07, 2.27768, 57.4326
-4.45429e+07, 2.27996, 57.3752
-4.45429e+07, 2.27768, 57.3752
-4.45429e+07, 2.27768, 57.4326
-4.45429e+07, 2.27996, 57.3752
-4.38218e+07, 2.27768, 6.8112
-4.3824e+07, 2.27768, 6.81802
-3.35803e+07, 4.99671, 3.66414
-1.3688e+07, 115.153, 0.306878
-1.3675e+07, 115.153, 0.307185
-3.41216e+06, 25.311, 1.01673
-2.33217e+06, 41.3734, 0.689024
-2.3278e+06, 41.3734, 0.689714
-1.90342e+06, 34.7184, 0.792058
-4.45429e+07, 2.27768, 45.1732
-4.45429e+07, 2.27768, 45.2183
-4.45376e+07, 2.12533, 16.6594
-3.55315e+07, 1.6032, 0.308156
-3.55337e+07, 1.6032, 0.308464
-4.45429e+07, 0.521676, 3.60759e-08
-3.97033e+07, 1.37538, 0.0349409
-3.97005e+07, 1.37538, 0.0349759
-3.5396e+07, 1.57725, 0.240974
-3.54113e+07, 1.56969, 0.228292
-3.54127e+07, 1.56969, 0.22852
-3.65899e+07, 1.4708, 0.0893126
-3.54113e+07, 1.56938, 0.227654
-3.54127e+07, 1.56938, 0.227882
-4.45429e+07, 3.20748, 64.4421
-4.44031e+07, 5.63099, 28.2151
-4.44038e+07, 5.63099, 28.2433
-1.33049e+06, 53.7576, 1.03687
-3.20195e+07, 12.1522, 9.14324
-3.20304e+07, 12.1522, 9.15239
-1.19216e+06, 50.4389, 1.13832
-1.19263e+06, 50.3063, 1.14105
-1.19217e+06, 50.3063, 1.14219
-1.24718e+07, 24.7499, 3.23
-1.19263e+06, 50.2932, 1.14148
-1.19218e+06, 50.2932, 1.14262
-4.45429e+07, 3.20748, 65.7398
-4.44874e+07, 4.31195, 25.2998
-4.44878e+07, 4.31195, 25.3251
-5.86046e+06, 14.1542, 0.554976
-4.45429e+07, 1635.14, 1.28499e-07
-4.45429e+07, 1635.14, 1.28628e-07
-3.02825e+07, 29.1507, 0.0543428
-5.4275e+06, 15.0996, 0.449325
-5.42595e+06, 15.0996, 0.449774
-5.42232e+06, 15.1376, 0.447149
-4.45429e+07, 3.20427, 64.4576
-4.45429e+07, 3.20427, 64.5221
-4.44319e+07, 5.08688, 26.5413
-2.08344e+06, 32.1489, 0.762975
-2.0825e+06, 32.1489, 0.763739
-4.40804e+07, 244.83, 0.0153801
-2.08354e+06, 32.3164, 0.755385
-2.08237e+06, 32.3164, 0.756141
-2.08132e+06, 32.181, 0.762975
-4.45429e+07, 3.20427, 80.1609
-4.45429e+07, 3.20427, 80.2411
-4.45429e+07, 1.18101, 83.6054
-4.45429e+07, 2.82212, 80.5907
-4.45429e+07, 2.82212, 80.6713
-4.45429e+07, 2.26057, 81.3506
-4.45429e+07, 2.58721, 80.8862
-4.45429e+07, 2.58721, 80.9671
-4.45429e+07, 2.75323, 80.678
-4.45429e+07, 2.79734, 80.6206
-4.45429e+07, 2.79734, 80.7013
-4.45429e+07, 2.82495, 80.5907
-4.45429e+07, 3.20427, 82.0222
-4.45429e+07, 3.20427, 82.1043
-4.45429e+07, 1.18188, 86.8196
-4.45429e+07, 1.85342, 84.619
-4.45429e+07, 1.85342, 84.7037
-4.45429e+07, 2.63423, 82.9469
-4.45429e+07, 2.97169, 82.3749
-4.45429e+07, 2.97169, 82.4573
-4.45429e+07, 3.16707, 82.0814
-4.45429e+07, 3.18493, 82.0505
-4.45429e+07, 3.18493, 82.1326
-4.45429e+07, 3.20215, 82.03
-4.45429e+07, 3.20368, 82.0231
-4.45429e+07, 3.20368, 82.1051
-4.45429e+07, 3.20747, 82.0222
-4.45429e+07, 3.20427, 82.0222
-4.45429e+07, 3.20427, 82.1043
-4.45429e+07, 3.20748, 82.0222
-4.45429e+07, 3.20427, 82.0222
-4.45429e+07, 3.20427, 82.1043
-4.45429e+07, 3.20748, 82.0222
-4.45429e+07, 3.20427, 82.0222
-4.45429e+07, 3.20427, 82.1043
-4.45429e+07, 3.20748, 82.0222
-3.05109e+07, 3.20427, 1.23612
-3.0518e+07, 3.20427, 1.23735
-1.40712e+07, 7.87972, 0.797423
-3.1339e+07, 286.724, 0.138104
-3.13262e+07, 286.724, 0.138242
-3.87931e+06, 21.9393, 0.483955
-4.45429e+07, 3.20427, 60.9037
-4.45429e+07, 3.20427, 60.9646
-4.43365e+07, 6.12429, 28.4064
-1.4147e+06, 81.318, 1.34433
-1.41232e+06, 81.318, 1.34567
-3.37471e+07, 13.0719, 11.6178
-1.01746e+06, 71.6805, 1.55994
-1.01712e+06, 71.6805, 1.56151
-1.01207e+06, 70.585, 1.59041
-4.45429e+07, 3.20427, 65.1712
-4.45429e+07, 3.20427, 65.2364
-4.44333e+07, 5.17247, 27.0743
-1.87118e+06, 34.9462, 0.80642
-1.87005e+06, 34.9462, 0.807227
-8.41146e+06, 22.2473, 1.85302
-1.87022e+06, 34.7245, 0.81591
-1.86936e+06, 34.7245, 0.816726
-4.45429e+07, 3.20748, 73.6768
-4.45429e+07, 1.18359, 67.3287
-4.45429e+07, 1.18359, 67.3961
-4.45429e+07, 2.93802, 73.0942
-4.45429e+07, 3.10382, 73.4648
-4.45429e+07, 3.10382, 73.5383
-4.45429e+07, 3.19325, 73.6472
-4.45429e+07, 3.19997, 73.6679
-4.45429e+07, 3.19997, 73.7416
-4.45429e+07, 3.2072, 73.6762
-4.45429e+07, 3.20427, 73.6768
-4.45429e+07, 3.20427, 73.7505
-4.45429e+07, 3.20748, 73.6768
-4.45429e+07, 3.20427, 73.6768
-4.45429e+07, 3.20427, 73.7505
-4.45429e+07, 3.20748, 73.6768
-4.45429e+07, 3.20427, 73.6768
-4.45429e+07, 3.20427, 73.7505
-4.45429e+07, 3.20748, 73.6768
-4.45429e+07, 3.20427, 73.6768
-4.45429e+07, 3.20427, 73.7505
-4.45429e+07, 3.20748, 73.6768
-4.45429e+07, 3.20427, 73.6768
-4.45429e+07, 3.20427, 73.7505
-4.45429e+07, 3.20748, 73.6768
-4.43798e+07, 3.20427, 14.989
-4.43806e+07, 3.20427, 15.0039
-3.70488e+07, 6.72545, 7.65349
-8.45946e+06, 129.872, 0.52025
-8.45674e+06, 129.872, 0.52077
-5.04789e+06, 92.7709, 0.70671
-1.36844e+06, 58.9759, 1.06524
-1.36597e+06, 58.9759, 1.0663
-1.37115e+07, 19.9258, 2.85531
-1.15438e+06, 53.3746, 1.16625
-1.15354e+06, 53.3746, 1.16741
-4.45425e+07, 3.20748, 34.0904
-4.28946e+07, 6.61669, 17.1223
-4.28989e+07, 6.61669, 17.1395
-3.95879e+06, 120.426, 1.08964
-1.41757e+07, 27.915, 4.36331
-1.4186e+07, 27.915, 4.36768
-1.14349e+06, 82.2416, 1.56524
-1.03129e+06, 77.3406, 1.65771
-1.0309e+06, 77.3406, 1.65937
-4.76244e+06, 46.5111, 2.68945
-1.01937e+06, 75.2903, 1.70056
-1.01954e+06, 75.2903, 1.70226
-4.42613e+07, 3.20748, 13.2542
-3.58973e+07, 6.74318, 6.79499
-3.59069e+07, 6.74318, 6.80179
-9.69354e+06, 132.386, 0.469388
-4.15773e+06, 32.4092, 1.65941
-4.16409e+06, 32.4092, 1.66107
-1.65892e+06, 59.2035, 0.966862
-1.20474e+06, 50.227, 1.11969
-1.20403e+06, 50.227, 1.12081
-4.45429e+07, 3.20748, 57.3752
-4.42657e+07, 6.45348, 28.0952
-4.42669e+07, 6.45348, 28.1233
-1.70494e+06, 106.288, 1.61535
-3.40083e+07, 13.9637, 12.7874
-3.40191e+07, 13.9637, 12.8002
-1.08114e+06, 88.3515, 1.95042
-1.079e+06, 87.2378, 1.97381
-1.07936e+06, 87.2378, 1.97578
-4.24072e+07, 3.20748, 6.8112
-2.92986e+07, 6.93866, 3.60998
-2.93084e+07, 6.93866, 3.61359
-1.69755e+07, 152.719, 0.284859
-1.80154e+06, 34.9258, 0.956701
-1.80235e+06, 34.9258, 0.957659
-4.45429e+07, 3.20748, 45.1732
-4.38387e+07, 6.59791, 22.6212
-4.38412e+07, 6.59791, 22.6439
-2.52978e+06, 118.726, 1.42252
-2.598e+07, 18.4827, 8.43611
-2.5991e+07, 18.4827, 8.44455
-1.11889e+06, 90.5517, 1.84381
-1.07495e+06, 84.5487, 1.9671
-1.07559e+06, 84.5487, 1.96906
-4.45429e+07, 3.32009, 64.4421
-4.4399e+07, 8.05613, 40.6439
-4.43998e+07, 8.05613, 40.6845
-2.93733e+06, 280.676, 6.43126
-2.48589e+07, 40.2421, 17.6271
-2.48702e+07, 40.2421, 17.6447
-2.89739e+06, 261.483, 6.67226
-4.45429e+07, 3.31677, 65.7398
-4.45429e+07, 3.31677, 65.8056
-4.44321e+07, 8.30573, 44.1112
-3.49386e+06, 324.98, 8.94187
-3.49568e+06, 324.98, 8.95081
-3.01656e+07, 18386.3, 1.54524
-3.48939e+06, 340.429, 8.76298
-3.49081e+06, 340.429, 8.77175
-4.45429e+07, 3.32009, 64.4576
-4.43957e+07, 8.01178, 40.2299
-4.43964e+07, 8.01178, 40.2701
-2.86392e+06, 273.034, 6.10446
-2.63216e+07, 36.2287, 17.9585
-2.6333e+07, 36.2287, 17.9765
-2.80557e+06, 252.007, 6.37162
-4.45429e+07, 3.31677, 80.1609
-4.45429e+07, 3.31677, 80.2411
-4.45392e+07, 9.02327, 78.6356
-1.39919e+07, 491.798, 72.8191
-1.4e+07, 491.798, 72.892
-3.3748e+07, 4.36165e+09, 53.5489
-3.14374e+07, 28512, 67.3542
-3.14194e+07, 28512, 67.4216
-7.9053e+06, 2143.07, 70.7898
-7.86051e+06, 1947.31, 70.9188
-7.86276e+06, 1947.31, 70.9898
-4.45429e+07, 3.32009, 82.0222
-4.45407e+07, 9.01488, 83.2802
-4.45407e+07, 9.01488, 83.3635
-1.55407e+07, 492.46, 88.5079
-3.14334e+07, 4.36358e+09, 112.913
-3.14332e+07, 4.36358e+09, 113.026
-2.96153e+07, 34493.7, 94.4218
-8.35888e+06, 2630.46, 90.7956
-8.3599e+06, 2630.46, 90.8865
-8.33936e+06, 2216.83, 90.5581
-3.00097e+07, 3.31677, 1.23612
-3.00169e+07, 3.31677, 1.23735
-1.36038e+07, 8.13743, 0.793656
-3.1784e+07, 293.36, 0.134872
-3.17714e+07, 293.36, 0.135007
-3.86276e+06, 21.9953, 0.485509
-4.45429e+07, 3.31677, 60.9037
-4.45429e+07, 3.31677, 60.9646
-4.43025e+07, 7.36405, 33.2752
-2.15314e+06, 178.053, 2.96501
-2.15184e+06, 178.053, 2.96798
-3.12139e+07, 20.6923, 15.1932
-1.70467e+06, 151.179, 3.35697
-1.70515e+06, 151.179, 3.36033
-1.69443e+06, 147.799, 3.41766
-1.20808e+07, 55.2466, 7.2059
-1.20907e+07, 55.2466, 7.21311
-1.69403e+06, 147.116, 3.42969
-1.69333e+06, 146.947, 3.43008
-1.69424e+06, 146.947, 3.43351
-4.45429e+07, 3.32009, 65.1712
-4.44183e+07, 8.19461, 42.5428
-4.4419e+07, 8.19461, 42.5853
-3.22286e+06, 305.642, 7.72516
-5.96128e+06, 171.461, 10.141
-5.96831e+06, 171.461, 10.1512
-3.22169e+06, 302.749, 7.75988
-3.22089e+06, 301.502, 7.77133
-3.22239e+06, 301.502, 7.7791
-4.45429e+07, 3.32009, 73.6768
-4.45303e+07, 8.97884, 67.2886
-4.45304e+07, 8.97884, 67.3559
-1.07761e+07, 482.695, 46.8148
-4.21236e+07, 4.01153e+09, 10.9686
-4.21201e+07, 4.01153e+09, 10.9795
-3.08755e+07, 16100.7, 34.0144
-6.95476e+06, 1438.53, 42.3792
-6.95582e+06, 1438.53, 42.4216
-6.88398e+06, 1255.85, 42.9105
-4.43488e+07, 3.31677, 14.989
-4.43497e+07, 3.31677, 15.0039
-3.66772e+07, 6.95801, 7.64918
-8.72249e+06, 134.088, 0.518786
-8.71207e+06, 134.088, 0.519305
-4.5869e+06, 33.415, 1.8367
-1.54278e+06, 62.5126, 1.03829
-1.53976e+06, 62.5126, 1.03933
-1.13559e+06, 53.4561, 1.19815
-4.45423e+07, 3.31677, 34.0904
-4.45423e+07, 3.31677, 34.1246
-4.27245e+07, 6.85467, 17.1192
-4.1038e+06, 124.422, 1.08866
-4.09978e+06, 124.422, 1.08975
-1.10929e+07, 32.9972, 3.84594
-1.11575e+06, 82.4884, 1.6088
-1.11472e+06, 82.4884, 1.61041
-1.03867e+06, 78.9004, 1.67984
-1.02315e+06, 76.4163, 1.73004
-1.02337e+06, 76.4163, 1.73177
-4.42139e+07, 3.32009, 13.2542
-3.55071e+07, 6.97611, 6.79086
-3.55168e+07, 6.97611, 6.79765
-9.981e+06, 136.659, 0.467962
-3.87492e+06, 33.565, 1.65294
-3.88091e+06, 33.565, 1.6546
-1.61888e+06, 59.7683, 0.984603
-1.18813e+06, 50.8759, 1.13709
-1.18749e+06, 50.8759, 1.13823
-4.45429e+07, 3.32009, 57.3752
-4.42222e+07, 7.10361, 30.0114
-4.42236e+07, 7.10361, 30.0414
-2.08676e+06, 149.612, 2.24665
-3.30157e+07, 16.9015, 14.3542
-3.30268e+07, 16.9015, 14.3685
-1.37929e+06, 120.118, 2.70816
-1.37767e+06, 118.943, 2.72859
-1.37837e+06, 118.943, 2.73132
-4.22075e+07, 3.32009, 6.8112
-2.88567e+07, 7.17578, 3.60603
-2.88666e+07, 7.17578, 3.60963
-1.72958e+07, 157.369, 0.283301
-1.70883e+06, 36.0928, 0.952557
-1.70913e+06, 36.0928, 0.95351
-4.45429e+07, 3.32009, 45.1732
-4.37464e+07, 6.83999, 22.6574
-4.37491e+07, 6.83999, 22.6801
-2.71729e+06, 123.837, 1.43394
-2.63652e+07, 18.5305, 8.76151
-2.63762e+07, 18.5305, 8.77028
-1.11308e+06, 91.6141, 1.91121
-1.08515e+06, 87.1429, 2.00267
-1.08567e+06, 87.1429, 2.00468
-4.45117e+07, 9.76305, 64.4421
-3.94385e+07, 19.9397, 32.0325
-3.94472e+07, 19.9397, 32.0645
-7.85952e+06, 348.672, 1.95557
-3.91299e+06, 119.278, 5.57477
-3.91914e+06, 119.278, 5.58035
-2.50138e+06, 206.401, 3.2648
-1.9341e+06, 167.975, 3.98921
-1.93514e+06, 167.975, 3.9932
-4.45156e+07, 9.76305, 65.7398
-3.961e+07, 19.9363, 32.672
-3.96185e+07, 19.9363, 32.7047
-7.77251e+06, 348.381, 1.99325
-4.70337e+06, 112.673, 6.00583
-4.71031e+06, 112.673, 6.01183
-2.43849e+06, 204.96, 3.34868
-1.95282e+06, 173.353, 3.9408
-1.95349e+06, 173.353, 3.94474
-1.95062e+06, 171.653, 3.98285
-4.4512e+07, 9.75329, 64.4576
-4.45122e+07, 9.75329, 64.5221
-3.94316e+07, 19.9597, 32.0403
-7.85216e+06, 348.33, 1.95608
-7.84804e+06, 348.33, 1.95804
-3.91672e+06, 119.32, 5.57975
-2.49568e+06, 206.17, 3.26608
-2.49337e+06, 206.17, 3.26935
-1.93509e+06, 168.147, 3.9902
-4.45367e+07, 9.75329, 80.1609
-4.45368e+07, 9.75329, 80.2411
-4.11483e+07, 19.948, 39.8221
-6.62437e+06, 347.31, 2.42534
-6.61782e+06, 347.31, 2.42777
-1.23669e+07, 78.2346, 10.4474
-2.20605e+06, 201.724, 4.12867
-2.20609e+06, 201.724, 4.1328
-2.13109e+06, 187.205, 4.4463
-4.45378e+07, 9.75329, 82.0222
-4.45378e+07, 9.75329, 82.1043
-4.13076e+07, 19.9472, 40.7452
-6.47279e+06, 347.245, 2.48118
-6.46617e+06, 347.245, 2.48367
-1.30835e+07, 76.2214, 10.964
-2.23715e+06, 204.961, 4.15785
-2.23718e+06, 204.961, 4.16201
-2.15254e+06, 190.348, 4.47457
-1.46596e+07, 9.75329, 1.23612
-1.46682e+07, 9.75329, 1.23735
-3.25747e+06, 22.5696, 0.716271
-4.44984e+07, 9.75329, 60.9037
-4.44987e+07, 9.75329, 60.9646
-3.89289e+07, 19.962, 30.2774
-8.05548e+06, 348.536, 1.84935
-8.05248e+06, 348.536, 1.8512
-2.18481e+06, 144.124, 4.38728
-2.36766e+06, 197.442, 3.22248
-2.36648e+06, 197.442, 3.2257
-1.88605e+06, 163.439, 3.87992
-4.45142e+07, 9.75329, 65.1712
-4.45144e+07, 9.75329, 65.2364
-3.95267e+07, 19.9611, 32.3974
-7.80655e+06, 348.454, 1.97846
-7.80223e+06, 348.454, 1.98044
-4.34552e+06, 115.647, 5.81952
-2.45915e+06, 205.554, 3.31392
-2.45805e+06, 205.554, 3.31723
-1.94717e+06, 172.692, 3.9328
-1.94361e+06, 170.92, 3.96875
-1.94447e+06, 170.92, 3.97272
-4.45308e+07, 9.76305, 73.6768
-4.0535e+07, 19.932, 36.6085
-4.05427e+07, 19.932, 36.6451
-7.16711e+06, 348.004, 2.23143
-9.39987e+06, 88.1018, 8.5502
-9.4091e+06, 88.1018, 8.55876
-2.07822e+06, 187.807, 4.08054
-2.05308e+06, 179.169, 4.26878
-2.05414e+06, 179.169, 4.27305
-3.93597e+07, 9.76305, 14.989
-2.36948e+07, 20.2826, 7.58506
-2.37056e+07, 20.2826, 7.59265
-1.83761e+07, 379.709, 0.497406
-1.32044e+06, 98.3072, 1.74691
-1.31876e+06, 98.3072, 1.74866
-4.38436e+07, 9.76305, 34.0904
-3.28971e+07, 20.0241, 17.0194
-3.29084e+07, 20.0241, 17.0364
-1.0749e+07, 356.121, 1.05727
-2.75242e+06, 94.9154, 3.78734
-2.75763e+06, 94.9154, 3.79113
-1.77489e+06, 145.335, 2.51227
-3.82908e+07, 9.75329, 13.2542
-3.82999e+07, 9.75329, 13.2675
-2.23603e+07, 20.3695, 6.73097
-1.95019e+07, 385.593, 0.447688
-1.94923e+07, 385.593, 0.448136
-1.18905e+06, 90.4783, 1.7039
-4.44791e+07, 9.75329, 57.3752
-4.44794e+07, 9.75329, 57.4326
-3.83776e+07, 19.9714, 28.5369
-8.19951e+06, 349.354, 1.74639
-8.19784e+06, 349.354, 1.74814
-2.15214e+06, 184.946, 3.25173
-1.88796e+06, 170.072, 3.52552
-1.888e+06, 170.072, 3.52905
-1.48454e+07, 58.3094, 10.0303
-1.83686e+06, 162.246, 3.69139
-1.83755e+06, 162.246, 3.69509
-3.15296e+07, 9.76305, 6.8112
-1.54036e+07, 20.8039, 3.54584
-1.54138e+07, 20.8039, 3.54939
-2.60519e+07, 431.077, 0.260437
-4.432e+07, 9.75329, 45.1732
-4.4321e+07, 9.75329, 45.2183
-3.59761e+07, 19.9963, 22.4968
-8.24334e+06, 351.54, 1.38382
-8.235e+06, 351.54, 1.3852
-4.38932e+06, 94.7378, 4.95698
-1.89373e+06, 162.473, 2.93096
-1.89257e+06, 162.473, 2.93389
-1.64636e+06, 142.95, 3.32271
-4.45429e+07, 0.524375, 64.4421
-4.45429e+07, 0.524375, 64.5066
-4.45429e+07, 0.1931, 64.2634
-4.45429e+07, 0.524375, 65.7398
-4.45429e+07, 0.524375, 65.8056
-4.45429e+07, 0.193347, 69.1489
-4.45429e+07, 0.299197, 67.6339
-4.45429e+07, 0.299197, 67.7016
-4.45429e+07, 0.229237, 68.5554
-4.45429e+07, 0.209844, 68.8594
-4.45429e+07, 0.209844, 68.9283
-4.45429e+07, 0.229237, 68.5554
-4.45429e+07, 0.524375, 64.4576
-4.45429e+07, 0.524375, 64.5221
-4.45429e+07, 0.193147, 65.8957
-4.45429e+07, 0.302786, 65.2436
-4.45429e+07, 0.302786, 65.3089
-4.45429e+07, 0.404803, 64.8283
-4.45429e+07, 0.478398, 64.5883
-4.45429e+07, 0.478398, 64.6529
-4.45429e+07, 0.524899, 80.1609
-4.45429e+07, 0.192953, 81.9433
-4.45429e+07, 0.192953, 82.0252
-4.45429e+07, 0.397297, 80.6535
-4.45429e+07, 0.31595, 81.0592
-4.45429e+07, 0.31595, 81.1403
-4.45429e+07, 0.365125, 80.8034
-4.45429e+07, 0.385452, 80.7054
-4.45429e+07, 0.385452, 80.7862
-4.45429e+07, 0.397297, 80.6535
-4.45429e+07, 0.524375, 82.0222
-4.45429e+07, 0.524375, 82.1043
-4.45429e+07, 0.193282, 85.6607
-4.45429e+07, 0.0035499, 101.902
-4.45429e+07, 0.0035499, 102.004
-4.45429e+07, 0.0873741, 88.6669
-4.45429e+07, 0.157995, 86.4104
-4.45429e+07, 0.157995, 86.4969
-4.66647e+07, 0.524899, 1.23612
-4.4567e+07, 0.472122, 3.3416
-4.45669e+07, 0.472122, 3.34495
-4.45429e+07, 0.524899, 60.9037
-4.45429e+07, 0.193647, 55.8046
-4.45429e+07, 0.193647, 55.8605
-4.45429e+07, 0.524899, 65.1712
-4.45429e+07, 0.192927, 66.1293
-4.45429e+07, 0.192927, 66.1955
-4.45429e+07, 0.00353863, 70.105
-4.45429e+07, 0.0221698, 68.2512
-4.45429e+07, 0.0221698, 68.3194
-4.45429e+07, 0.116748, 66.617
-4.45429e+07, 0.170826, 66.2469
-4.45429e+07, 0.170826, 66.3132
-4.45429e+07, 0.183728, 66.1775
-4.45429e+07, 0.524375, 73.6768
-4.45429e+07, 0.524375, 73.7505
-4.45429e+07, 0.193236, 76.4982
-4.45429e+07, 0.00354571, 88.9066
-4.45429e+07, 0.00354571, 88.9956
-4.45429e+07, 0.0213293, 83.1084
-4.45429e+07, 0.123427, 77.7958
-4.45429e+07, 0.123427, 77.8737
-4.45429e+07, 0.171579, 76.841
-4.45429e+07, 0.155755, 77.1182
-4.45429e+07, 0.155755, 77.1954
-4.45429e+07, 0.171579, 76.841
-4.45429e+07, 0.524375, 14.989
-4.45429e+07, 0.524375, 15.0039
-4.45429e+07, 0.193107, 15.1232
-4.45429e+07, 0.00353391, 15.6724
-4.45429e+07, 0.00353391, 15.6881
-4.45429e+07, 0.0494994, 15.3079
-4.45429e+07, 0.115157, 15.193
-4.45429e+07, 0.115157, 15.2082
-4.45429e+07, 0.166033, 15.1436
-4.45429e+07, 0.180225, 15.1324
-4.45429e+07, 0.180225, 15.1475
-4.45429e+07, 0.193107, 15.1232
-4.45429e+07, 0.524375, 34.0904
-4.45429e+07, 0.524375, 34.1246
-4.45429e+07, 0.193286, 32.6244
-4.45429e+07, 0.306592, 33.2949
-4.45429e+07, 0.306592, 33.3282
-4.45429e+07, 0.392088, 33.6557
-4.45429e+07, 0.348829, 33.4845
-4.45429e+07, 0.348829, 33.518
-4.45429e+07, 0.378594, 33.6039
-4.45429e+07, 0.38676, 33.6369
-4.45429e+07, 0.38676, 33.6706
-4.45429e+07, 0.392088, 33.6557
-4.45429e+07, 0.524375, 13.2542
-4.45429e+07, 0.524375, 13.2675
-4.45429e+07, 0.193158, 13.5853
-4.45429e+07, 0.312574, 13.4245
-4.45429e+07, 0.312574, 13.4379
-4.45429e+07, 0.432761, 13.3175
-4.45429e+07, 0.337816, 13.3988
-4.45429e+07, 0.337816, 13.4122
-4.45429e+07, 0.317171, 13.42
-4.45429e+07, 0.524375, 57.3752
-4.45429e+07, 0.524375, 57.4326
-4.45429e+07, 0.193102, 57.6591
-4.45429e+07, 0.443163, 57.4228
-4.45429e+07, 0.443163, 57.4803
-4.45429e+07, 0.360804, 57.4814
-4.45429e+07, 0.405445, 57.4481
-4.45429e+07, 0.405445, 57.5055
-4.4543e+07, 0.524899, 6.8112
-4.45429e+07, 0.274705, 14.6066
-4.45429e+07, 0.274705, 14.6212
-4.45429e+07, 0.524899, 45.1732
-4.45429e+07, 0.19302, 43.653
-4.45429e+07, 0.19302, 43.6967
-4.45429e+07, 0.302826, 44.3301
-4.45429e+07, 0.494789, 45.0834
-4.45429e+07, 0.494789, 45.1285
-4.45429e+07, 2.68127, 64.4421
-4.454e+07, 7.28083, 65.0556
-4.454e+07, 7.28083, 65.1207
-1.50393e+07, 397.846, 67.5686
-3.20822e+07, 3.52923e+09, 78.6297
-3.2079e+07, 3.52923e+09, 78.7084
-2.94328e+07, 26922.3, 70.3217
-7.84254e+06, 2073.46, 68.6346
-7.84401e+06, 2073.46, 68.7033
-7.79952e+06, 1869.73, 68.5667
-4.45429e+07, 2.67859, 65.7398
-4.45429e+07, 2.67859, 65.8056
-4.45426e+07, 7.15022, 79.874
-2.54616e+07, 361.246, 174.065
-2.54732e+07, 361.246, 174.239
-1.27548e+08, 2.36542e+09, 3925.89
-1.26346e+07, 2257.4, 250.447
-1.264e+07, 2257.4, 250.698
-1.04114e+07, 5163.67, 295.106
-1.12619e+08, 3.4914e+06, 1076.36
-1.12594e+08, 3.4914e+06, 1077.44
-1.02613e+07, 6408.1, 308.032
-1.03596e+07, 8086.07, 322.653
-1.03593e+07, 8086.07, 322.976
-1.02613e+07, 6408.1, 308.032
-4.45429e+07, 2.67859, 64.4576
-4.45429e+07, 2.67859, 64.5221
-4.45385e+07, 7.28339, 62.1024
-1.31845e+07, 396.162, 53.5112
-1.31923e+07, 396.162, 53.5647
-3.72036e+07, 3.48501e+09, 29.4979
-2.94739e+07, 19280.8, 46.3016
-2.94568e+07, 19280.8, 46.3479
-7.27699e+06, 1629.84, 50.7668
-7.26877e+06, 1334.29, 51.1447
-7.27133e+06, 1334.29, 51.1958
-4.45429e+07, 2.68127, 80.1609
-4.45408e+07, 7.1468, 66.1507
-4.45408e+07, 7.1468, 66.2169
-9.50052e+06, 362.551, 30.6777
-4.45093e+07, 2.38907e+09, 1.41898
-4.45092e+07, 2.38907e+09, 1.4204
-3.42896e+07, 10522.5, 15.867
-5.86551e+06, 906.089, 25.6371
-5.86697e+06, 906.089, 25.6628
-5.84382e+06, 856.496, 25.9263
-5.8407e+06, 811.529, 26.1963
-5.84311e+06, 811.529, 26.2225
-4.45429e+07, 2.68127, 82.0222
-4.4542e+07, 7.2269, 72.5964
-4.4542e+07, 7.2269, 72.669
-1.19763e+07, 383.329, 44.5501
-4.35547e+07, 3.01911e+09, 6.31804
-4.35529e+07, 3.01911e+09, 6.32436
-3.16087e+07, 14489.4, 28.4988
-6.73005e+06, 1296.27, 38.3456
-6.73122e+06, 1296.27, 38.3839
-6.68242e+06, 1154.29, 38.9014
-3.30867e+07, 2.67859, 1.23612
-3.30931e+07, 2.67859, 1.23735
-1.65842e+07, 6.6642, 0.817406
-2.89296e+07, 254.067, 0.156297
-2.89163e+07, 254.067, 0.156454
-4.45429e+07, 2.68127, 60.9037
-4.45195e+07, 7.09418, 48.5545
-4.45197e+07, 7.09418, 48.603
-6.64111e+06, 349.401, 19.6142
-4.4541e+07, 2.04568e+09, 0.522323
-4.4541e+07, 2.04568e+09, 0.522846
-3.12404e+07, 6550.68, 9.91753
-5.01944e+06, 652.424, 16.9579
-5.02037e+06, 652.424, 16.9748
-4.95806e+06, 589.391, 17.3676
-4.45429e+07, 2.67859, 65.1712
-4.45429e+07, 2.67859, 65.2364
-4.45308e+07, 7.15107, 53.6711
-7.9669e+06, 361.462, 24.6877
-7.97394e+06, 361.462, 24.7124
-4.45259e+07, 2.37136e+09, 1.10521
-3.27746e+07, 8595.17, 13.1863
-3.27598e+07, 8595.17, 13.1995
-5.4903e+06, 785.469, 21.1768
-5.43739e+06, 692.914, 21.7045
-5.43932e+06, 692.914, 21.7262
-4.45429e+07, 2.68127, 73.6768
-4.45398e+07, 7.20597, 63.8146
-4.45398e+07, 7.20597, 63.8784
-1.04136e+07, 377.81, 35.915
-4.42204e+07, 2.8407e+09, 3.60332
-4.42197e+07, 2.8407e+09, 3.60692
-3.06414e+07, 11325.9, 21.9192
-6.27778e+06, 1080.86, 30.8265
-6.27911e+06, 1080.86, 30.8573
-6.22319e+06, 984.783, 31.2506
-6.3409e+06, 847.928, 31.9324
-6.34404e+06, 847.928, 31.9643
-6.22319e+06, 984.783, 31.2506
-4.44836e+07, 2.67859, 14.989
-4.44839e+07, 2.67859, 15.0039
-3.88631e+07, 5.6389, 7.67882
-8.19639e+06, 110.199, 0.528916
-8.191e+06, 110.199, 0.529445
-1.42818e+06, 43.77, 1.21496
-1.93406e+06, 60.4233, 0.908212
-1.92997e+06, 60.4233, 0.909121
-1.23176e+06, 48.8122, 1.10144
-4.45429e+07, 2.67859, 34.0904
-4.45429e+07, 2.67859, 34.1246
-4.3589e+07, 5.54942, 17.1639
-3.01568e+06, 101.729, 1.10293
-3.01015e+06, 101.729, 1.10404
-2.47784e+07, 15.8798, 6.36615
-1.07493e+06, 74.0265, 1.48864
-1.07387e+06, 74.0265, 1.49013
-1.01909e+06, 68.734, 1.59805
-4.44296e+07, 2.67859, 13.2542
-4.44301e+07, 2.67859, 13.2675
-3.78176e+07, 5.66143, 6.82044
-8.69232e+06, 112.418, 0.478244
-8.68844e+06, 112.418, 0.478723
-2.82587e+06, 64.5956, 0.783332
-1.45704e+06, 51.2575, 0.961281
-1.45467e+06, 51.2575, 0.962242
-1.44715e+07, 17.0435, 2.56054
-1.30333e+06, 47.2323, 1.03377
-1.30222e+06, 47.2323, 1.03481
-4.45429e+07, 2.68127, 57.3752
-4.44502e+07, 6.33648, 34.5036
-4.44507e+07, 6.33648, 34.5381
-2.20772e+06, 198.633, 4.51259
-2.41036e+07, 32.4924, 13.1389
-2.41147e+07, 32.4924, 13.1521
-2.18874e+06, 190.437, 4.62631
-4.32758e+07, 2.67859, 6.8112
-4.32791e+07, 2.67859, 6.81802
-3.15644e+07, 5.83609, 3.63286
-1.52848e+07, 130.862, 0.294003
-1.52716e+07, 130.862, 0.294297
-2.48902e+06, 29.3301, 0.985347
-2.18012e+06, 42.9607, 0.723242
-2.17598e+06, 42.9607, 0.723965
-4.45429e+07, 2.68127, 45.1732
-4.41974e+07, 5.58634, 22.9306
-4.41988e+07, 5.58634, 22.9536
-1.87415e+06, 105.791, 1.52251
-3.25887e+07, 13.0859, 10.4571
-3.25997e+07, 13.0859, 10.4676
-1.06271e+06, 85.3882, 1.85522
-1.05649e+06, 83.267, 1.89702
-1.05688e+06, 83.267, 1.89892
-4.45421e+07, 6.33185, 64.4421
-4.25336e+07, 12.9529, 32.0858
-4.25387e+07, 12.9529, 32.1179
-4.73161e+06, 227.974, 1.97191
-7.69017e+06, 73.2224, 5.94801
-7.69906e+06, 73.2224, 5.95397
-1.62255e+06, 144.748, 3.0678
-1.59681e+06, 140.922, 3.14576
-1.59732e+06, 140.922, 3.1489
-1.59359e+06, 139.04, 3.19026
-3.24626e+06, 100.85, 4.35611
-3.25198e+06, 100.85, 4.36047
-1.59357e+06, 138.962, 3.19202
-4.45423e+07, 6.32552, 65.7398
-4.45423e+07, 6.32552, 65.8056
-4.26283e+07, 12.966, 32.7322
-4.67391e+06, 227.754, 2.01169
-4.67103e+06, 227.754, 2.0137
-9.5519e+06, 66.5832, 6.66248
-1.66099e+06, 148.418, 3.05147
-1.66093e+06, 148.418, 3.05453
-1.61923e+06, 143.711, 3.15172
-1.60822e+06, 140.484, 3.21901
-1.60896e+06, 140.484, 3.22223
-3.82039e+06, 96.7638, 4.63105
-1.60814e+06, 140.181, 3.22577
-1.60892e+06, 140.181, 3.229
-4.45421e+07, 6.33185, 64.4576
-4.25348e+07, 12.9553, 32.0997
-4.25399e+07, 12.9553, 32.1319
-4.73259e+06, 228.188, 1.97429
-7.7139e+06, 73.1785, 5.96057
-7.72278e+06, 73.1785, 5.96653
-1.62456e+06, 144.944, 3.06954
-1.59834e+06, 141.08, 3.14819
-1.59885e+06, 141.08, 3.15134
-1.59501e+06, 139.169, 3.19333
-3.2543e+06, 100.866, 4.3628
-3.26003e+06, 100.866, 4.36717
-1.59499e+06, 139.087, 3.19517
-4.45429e+07, 6.32552, 80.1609
-4.45429e+07, 6.32552, 80.2411
-4.34515e+07, 12.9644, 39.9076
-3.87007e+06, 227.618, 2.45148
-3.86543e+06, 227.618, 2.45393
-2.27463e+07, 38.4058, 13.868
-1.80228e+06, 161.714, 3.41918
-1.80242e+06, 161.714, 3.4226
-1.76802e+06, 153.832, 3.59305
-4.45429e+07, 6.32552, 82.0222
-4.45429e+07, 6.32552, 82.1043
-4.35276e+07, 12.9668, 40.8419
-3.76521e+06, 227.825, 2.51075
-3.76057e+06, 227.825, 2.51327
-2.37486e+07, 37.1525, 14.6689
-1.81413e+06, 162.607, 3.48562
-1.81436e+06, 162.607, 3.48911
-1.78863e+06, 155.809, 3.637
-2.06244e+07, 6.32552, 1.23612
-2.06329e+07, 6.32552, 1.23735
-6.22727e+06, 14.9565, 0.741503
-4.45415e+07, 6.32552, 60.9037
-4.45415e+07, 6.32552, 60.9646
-4.22279e+07, 12.9677, 30.3284
-4.83893e+06, 227.904, 1.86497
-4.83751e+06, 227.904, 1.86683
-2.96504e+06, 100.645, 4.13355
-2.58316e+06, 175.276, 2.40755
-2.58028e+06, 175.276, 2.40996
-1.55198e+06, 135.223, 3.10156
-4.45422e+07, 6.32552, 65.1712
-4.45422e+07, 6.32552, 65.2364
-4.25851e+07, 12.9668, 32.4512
-4.69866e+06, 227.826, 1.99494
-4.69594e+06, 227.826, 1.99693
-8.74485e+06, 69.3487, 6.35115
-1.65051e+06, 147.448, 3.04613
-1.65047e+06, 147.448, 3.04917
-1.61201e+06, 142.968, 3.14201
-1.60195e+06, 139.881, 3.20631
-1.60269e+06, 139.881, 3.20952
-3.56476e+06, 98.5408, 4.51262
-1.60189e+06, 139.622, 3.21211
-1.60267e+06, 139.622, 3.21533
-4.45427e+07, 6.33185, 73.6768
-4.31428e+07, 12.9511, 36.6786
-4.31468e+07, 12.9511, 36.7153
-4.25813e+06, 227.816, 2.25288
-1.83468e+07, 45.1745, 10.8714
-1.83572e+07, 45.1745, 10.8822
-1.78273e+06, 159.678, 3.18394
-1.69728e+06, 147.836, 3.4286
-1.69813e+06, 147.836, 3.43203
-4.2496e+07, 6.33185, 14.989
-2.9002e+07, 13.1846, 7.60389
-2.9013e+07, 13.1846, 7.6115
-1.44686e+07, 249.108, 0.503611
-1.15918e+06, 64.6555, 1.74971
-1.16094e+06, 64.6555, 1.75146
-4.44443e+07, 6.33185, 34.0904
-3.77553e+07, 13.0057, 17.0453
-3.77649e+07, 13.0057, 17.0623
-7.7131e+06, 232.661, 1.06534
-3.98442e+06, 161.671, 1.51041
-3.98019e+06, 161.671, 1.51192
-1.47727e+06, 117.043, 2.06261
-1.36833e+07, 38.9963, 5.92939
-1.36936e+07, 38.9963, 5.93533
-1.21589e+06, 104.885, 2.29204
-4.18384e+07, 6.32552, 13.2542
-4.18442e+07, 6.32552, 13.2675
-2.76511e+07, 13.2319, 6.7427
-1.57506e+07, 252.086, 0.451601
-1.57397e+07, 252.086, 0.452053
-1.03908e+06, 65.233, 1.56135
-4.45404e+07, 6.32552, 57.3752
-4.45405e+07, 6.32552, 57.4326
-4.18823e+07, 12.9723, 28.5818
-5.1154e+06, 228.312, 1.76015
-5.1087e+06, 228.312, 1.76191
-1.49534e+07, 47.12, 8.16244
-1.61702e+06, 142.606, 2.78056
-1.61639e+06, 142.606, 2.78335
-1.52124e+06, 128.35, 3.08317
-3.66286e+07, 6.32552, 6.8112
-3.66379e+07, 6.32552, 6.81802
-2.0631e+07, 13.5582, 3.56185
-2.28168e+07, 284.738, 0.26637
-2.28045e+07, 284.738, 0.266637
-1.23042e+06, 53.8704, 1.10035
-4.45259e+07, 6.32552, 45.1732
-4.4526e+07, 6.32552, 45.2183
-4.02161e+07, 12.9881, 22.5316
-6.6819e+06, 229.709, 1.39456
-6.6761e+06, 229.709, 1.39595
-7.03128e+06, 63.6676, 4.83487
-1.36696e+06, 120.253, 2.6096
-1.36715e+06, 120.253, 2.61222
-1.3568e+06, 117.094, 2.68032
-4.45066e+07, 9.98992, 64.4421
-4.45069e+07, 9.98992, 64.5066
-3.92126e+07, 20.4444, 32.0333
-8.00177e+06, 356.82, 1.95583
-7.99814e+06, 356.82, 1.95779
-3.07261e+06, 131.969, 5.17586
-2.58494e+06, 210.7, 3.27305
-2.5825e+06, 210.7, 3.27633
-1.955e+06, 171.113, 4.0153
-4.4511e+07, 9.98992, 65.7398
-4.45112e+07, 9.98992, 65.8056
-3.93877e+07, 20.4401, 32.6715
-7.92334e+06, 356.451, 1.99311
-7.91932e+06, 356.451, 1.9951
-3.77231e+06, 123.843, 5.61031
-2.5519e+06, 211.027, 3.32803
-2.54956e+06, 211.027, 3.33136
-1.97227e+06, 171.796, 4.07354
-4.45067e+07, 9.98992, 64.4576
-4.45069e+07, 9.98992, 64.5221
-3.92147e+07, 20.4399, 32.0338
-7.99843e+06, 356.428, 1.9541
-7.99479e+06, 356.428, 1.95606
-3.07796e+06, 131.781, 5.17613
-2.58321e+06, 210.523, 3.27039
-2.58078e+06, 210.523, 3.27366
-1.95365e+06, 170.983, 4.01224
-4.45354e+07, 9.98992, 80.1609
-4.45354e+07, 9.98992, 80.2411
-4.09729e+07, 20.4301, 39.8185
-6.8373e+06, 355.577, 2.42424
-6.83086e+06, 355.577, 2.42666
-1.16018e+07, 82.458, 10.1535
-2.22159e+06, 203.279, 4.19189
-2.22166e+06, 203.279, 4.19608
-2.15365e+06, 188.399, 4.52031
-4.45367e+07, 9.98992, 82.0222
-4.45367e+07, 9.98992, 82.1043
-4.11368e+07, 20.4292, 40.7413
-6.68782e+06, 355.501, 2.47998
-6.68128e+06, 355.501, 2.48246
-1.23591e+07, 80.1196, 10.6835
-2.24831e+06, 206.068, 4.23082
-2.24837e+06, 206.068, 4.23505
-2.17446e+06, 191.249, 4.55613
-1.43445e+07, 9.98992, 1.23612
-1.4353e+07, 9.98992, 1.23735
-3.13982e+06, 23.0969, 0.715308
-4.44912e+07, 9.98992, 60.9037
-4.44915e+07, 9.98992, 60.9646
-3.87024e+07, 20.4452, 30.2757
-8.17355e+06, 356.893, 1.84883
-8.17111e+06, 356.893, 1.85068
-1.91674e+06, 162.434, 3.99417
-1.95958e+06, 177.019, 3.66866
-1.95963e+06, 177.019, 3.67233
-1.91674e+06, 162.434, 3.99417
-4.45092e+07, 9.98992, 65.1712
-4.45094e+07, 9.98992, 65.2364
-3.93117e+07, 20.4393, 32.3876
-7.95701e+06, 356.382, 1.97547
-7.95316e+06, 356.382, 1.97745
-3.4554e+06, 127.172, 5.41786
-2.5742e+06, 211.055, 3.2977
-2.57181e+06, 211.055, 3.301
-1.96367e+06, 171.454, 4.04493
-4.45285e+07, 9.98992, 73.6768
-4.45286e+07, 9.98992, 73.7505
-4.03349e+07, 20.4346, 36.6058
-7.3565e+06, 355.965, 2.23063
-7.35076e+06, 355.965, 2.23286
-8.46921e+06, 94.1747, 8.20477
-2.09214e+06, 188.737, 4.15077
-2.09256e+06, 188.737, 4.15492
-2.07461e+06, 182.005, 4.30519
-3.91499e+07, 9.98992, 14.989
-3.91585e+07, 9.98992, 15.0039
-2.33951e+07, 20.7867, 7.58163
-1.85748e+07, 387.715, 0.496282
-1.85655e+07, 387.715, 0.496778
-1.29743e+06, 98.58, 1.77867
-4.37835e+07, 9.98992, 34.0904
-4.37861e+07, 9.98992, 34.1246
-3.25981e+07, 20.5287, 17.0178
-1.09914e+07, 364.24, 1.0568
-1.09822e+07, 364.24, 1.05786
-2.6533e+06, 97.2612, 3.78732
-1.7818e+06, 146.62, 2.54524
-1.78041e+06, 146.62, 2.54778
-3.80425e+07, 9.99992, 13.2542
-2.20863e+07, 20.8453, 6.73183
-2.20969e+07, 20.8453, 6.73857
-1.97027e+07, 395.577, 0.447975
-1.17158e+06, 90.7652, 1.73652
-1.17047e+06, 90.7652, 1.73825
-4.44689e+07, 9.99992, 57.3752
-3.81514e+07, 20.431, 28.5305
-3.8161e+07, 20.431, 28.559
-8.28448e+06, 357.792, 1.74442
-2.96508e+06, 212.9, 2.89319
-2.96234e+06, 212.9, 2.89608
-1.88643e+06, 169.614, 3.6157
-1.488e+07, 58.838, 10.1567
-1.48901e+07, 58.838, 10.1668
-1.85519e+06, 163.339, 3.75126
-3.12469e+07, 9.98992, 6.8112
-3.12575e+07, 9.98992, 6.81802
-1.51123e+07, 21.3241, 3.54471
-2.62168e+07, 440.485, 0.260019
-2.62051e+07, 440.485, 0.26028
-4.42923e+07, 9.99992, 45.1732
-3.57206e+07, 20.4608, 22.4966
-3.57313e+07, 20.4608, 22.5191
-8.49225e+06, 360.415, 1.38376
-4.28245e+06, 96.7296, 4.96717
-4.28921e+06, 96.7296, 4.97214
-1.9143e+06, 164.481, 2.96716
-1.66406e+06, 144.466, 3.36289
-1.66494e+06, 144.466, 3.36626
-4.45374e+07, 7.76778, 64.4421
-4.12744e+07, 15.8773, 32.0588
-4.12813e+07, 15.8773, 32.0908
-6.07281e+06, 278.527, 1.96361
-1.25261e+07, 62.1425, 8.47215
-1.25361e+07, 62.1425, 8.48062
-1.82472e+06, 163.891, 3.29358
-1.74611e+06, 151.931, 3.54276
-1.74701e+06, 151.931, 3.5463
-4.45382e+07, 7.76778, 65.7398
-4.14091e+07, 15.8762, 32.702
-4.14158e+07, 15.8762, 32.7347
-5.93969e+06, 278.427, 2.00242
-1.31343e+07, 60.8354, 8.8202
-1.31443e+07, 60.8354, 8.82903
-1.84986e+06, 166.161, 3.31312
-1.77508e+06, 149.626, 3.66621
-1.77634e+06, 149.626, 3.66988
-4.45374e+07, 7.76778, 64.4576
-4.12761e+07, 15.8773, 32.0665
-4.12829e+07, 15.8773, 32.0986
-6.07122e+06, 278.527, 1.96408
-1.25338e+07, 62.1257, 8.47644
-1.25438e+07, 62.1257, 8.48492
-1.82533e+06, 163.947, 3.29329
-1.74629e+06, 151.977, 3.54255
-1.74718e+06, 151.977, 3.5461
-4.45422e+07, 7.76778, 80.1609
-4.25727e+07, 15.8704, 39.8609
-4.25777e+07, 15.8704, 39.9008
-5.08555e+06, 277.927, 2.43718
-8.71651e+06, 85.42, 7.7051
-8.72553e+06, 85.42, 7.71281
-1.97001e+06, 177.784, 3.77017
-1.9374e+06, 172.573, 3.8775
-1.93798e+06, 172.573, 3.88138
-1.93193e+06, 169.575, 3.94828
-3.80701e+06, 120.294, 5.5156
-3.81305e+06, 120.294, 5.52112
-1.9319e+06, 169.414, 3.95196
-4.45424e+07, 7.76001, 82.0222
-4.45424e+07, 7.76001, 82.1043
-4.26815e+07, 15.8853, 40.7838
-5.01792e+06, 277.56, 2.49296
-5.01498e+06, 277.56, 2.49545
-1.08396e+07, 76.7876, 8.75333
-2.01077e+06, 182.049, 3.76363
-2.01082e+06, 182.049, 3.7674
-1.96468e+06, 175.963, 3.89452
-1.95124e+06, 171.537, 3.98872
-1.95211e+06, 171.537, 3.99271
-4.48541e+06, 114.826, 5.90885
-1.95113e+06, 171.102, 3.99862
-1.95203e+06, 171.102, 4.00262
-1.77375e+07, 7.76778, 1.23612
-4.60346e+06, 18.1366, 0.728696
-4.60579e+06, 18.1366, 0.729425
-4.45341e+07, 7.76778, 60.9037
-4.08757e+07, 15.8804, 30.3046
-4.0883e+07, 15.8804, 30.3349
-6.44268e+06, 278.799, 1.85765
-1.06511e+07, 66.6541, 7.48676
-1.06608e+07, 66.6541, 7.49425
-1.75174e+06, 157.046, 3.25033
-1.70549e+06, 146.119, 3.48363
-1.70659e+06, 146.119, 3.48712
-4.45379e+07, 7.76778, 65.1712
-4.13508e+07, 15.8768, 32.4204
-4.13576e+07, 15.8768, 32.4528
-5.99787e+06, 278.481, 1.98549
-1.28727e+07, 61.3909, 8.66866
-1.28827e+07, 61.3909, 8.67733
-1.84059e+06, 165.327, 3.30171
-1.76264e+06, 150.112, 3.62418
-1.76379e+06, 150.112, 3.62781
-4.45412e+07, 7.76778, 73.6768
-4.21173e+07, 15.8728, 36.6421
-4.21231e+07, 15.8728, 36.6788
-5.22446e+06, 278.13, 2.24172
-2.24484e+06, 139.441, 4.39377
-2.24822e+06, 139.441, 4.39816
-2.80391e+06, 208.789, 2.96578
-1.85769e+06, 162.721, 3.7791
-1.85855e+06, 162.721, 3.78288
-4.12176e+07, 7.76778, 14.989
-2.64773e+07, 16.1469, 7.58983
-2.64883e+07, 16.1469, 7.59743
-1.63573e+07, 302.992, 0.498971
-1.04717e+06, 80.58, 1.70556
-1.04671e+06, 80.58, 1.70727
-4.42669e+07, 7.76778, 34.0904
-3.55582e+07, 15.9418, 17.0304
-3.55688e+07, 15.9418, 17.0475
-8.44544e+06, 284.229, 1.06071
-3.80692e+06, 76.2983, 3.76486
-3.8135e+06, 76.2983, 3.76863
-1.61408e+06, 129.808, 2.25786
-1.31235e+06, 113.339, 2.57085
-1.31292e+06, 113.339, 2.57342
-4.03469e+07, 7.76778, 13.2542
-2.51406e+07, 16.1908, 6.73114
-2.51514e+07, 16.1908, 6.73788
-1.75868e+07, 307.133, 0.447746
-1.17021e+06, 81.4573, 1.51935
-1.1687e+06, 81.4573, 1.52087
-4.45291e+07, 7.76778, 57.3752
-4.04274e+07, 15.8845, 28.5563
-4.04352e+07, 15.8845, 28.5849
-6.81295e+06, 279.158, 1.75234
-8.41064e+06, 73.2153, 6.44658
-8.41981e+06, 73.2153, 6.45303
-1.67685e+06, 149.618, 3.21692
-1.6553e+06, 143.568, 3.34562
-1.65619e+06, 143.568, 3.34897
-3.42901e+07, 7.76778, 6.8112
-1.81299e+07, 16.5886, 3.55492
-1.81402e+07, 16.5886, 3.55848
-2.43826e+07, 346.765, 0.263788
-4.4477e+07, 7.76001, 45.1732
-4.44774e+07, 7.76001, 45.2183
-3.83689e+07, 15.9219, 22.5145
-7.81266e+06, 280.77, 1.38929
-7.81071e+06, 280.77, 1.39068
-1.80129e+06, 148.561, 2.57887
-1.53833e+06, 136.688, 2.79321
-1.53819e+06, 136.688, 2.79601
-1.47585e+07, 46.6746, 7.93019
-1.48574e+06, 130.41, 2.92359
-1.48627e+06, 130.41, 2.92652
-4.45429e+07, 0.00299717, 0.490343
-4.45429e+07, 0.00110189, 0.477452
-4.45429e+07, 0.00110189, 0.477929
-4.45429e+07, 0.00259034, 0.488441
-4.45429e+07, 0.00293516, 0.490083
-4.45429e+07, 0.00293516, 0.490574
-4.45429e+07, 0.00298982, 0.490311
-4.45429e+07, 0.00299314, 0.490339
-4.45429e+07, 0.00299314, 0.490829
-4.45429e+07, 0.00299716, 0.490343
-4.45429e+07, 0.00299418, 0.490343
-4.45429e+07, 0.00299418, 0.490834
-4.45429e+07, 0.00299717, 0.490343
-4.45429e+07, 0.00299418, 0.490343
-4.45429e+07, 0.00299418, 0.490834
-4.45429e+07, 0.00299717, 0.490343
-4.45429e+07, 0.00299418, 0.490343
-4.45429e+07, 0.00299418, 0.490834
-4.45429e+07, 0.00299717, 0.653598
-4.45429e+07, 0.00117199, 0.924478
-4.45429e+07, 0.00117199, 0.925403
-4.45429e+07, 0.00180523, 0.788323
-4.45429e+07, 0.00289882, 0.661465
-4.45429e+07, 0.00289882, 0.662127
-4.45429e+07, 0.00295455, 0.657068
-4.45429e+07, 0.00298721, 0.654161
-4.45429e+07, 0.00298721, 0.654815
-4.45429e+07, 0.00299652, 0.653651
-4.45429e+07, 0.00299417, 0.653598
-4.45429e+07, 0.00299417, 0.654252
-4.45429e+07, 0.00299716, 0.653599
-4.45429e+07, 0.00299417, 0.653598
-4.45429e+07, 0.00299417, 0.654252
-4.45429e+07, 0.00299717, 0.653598
-4.45429e+07, 0.00299418, 0.133045
-4.45429e+07, 0.00299418, 0.133178
-4.45429e+07, 0.0011497, 0.099932
-4.45429e+07, 0.00174115, 0.113155
-4.45429e+07, 0.00174115, 0.113268
-4.45429e+07, 0.00299717, 0.769031
-4.45429e+07, 0.0011144, 0.895457
-4.45429e+07, 0.0011144, 0.896353
-4.45429e+07, 2.14062e-05, 1.64607
-4.45429e+07, 0.000305902, 1.09272
-4.45429e+07, 0.000305902, 1.09381
-4.45429e+07, 0.00078302, 0.945616
-4.45429e+07, 0.000992592, 0.911563
-4.45429e+07, 0.000992592, 0.912475
-4.45429e+07, 0.00107892, 0.900069
-4.45429e+07, 0.0011144, 0.895457
-4.45429e+07, 0.0011144, 0.896353
-4.45429e+07, 0.00299717, 0.151637
-4.45429e+07, 0.00117646, 0.216664
-4.45429e+07, 0.00117646, 0.21688
-4.45429e+07, 0.00175029, 0.186227
-4.45429e+07, 0.00287221, 0.154065
-4.45429e+07, 0.00287221, 0.154219
-4.45429e+07, 0.00293185, 0.152919
-4.45429e+07, 0.00296313, 0.152242
-4.45429e+07, 0.00296313, 0.152394
-4.45429e+07, 0.0029953, 0.151673
-4.45429e+07, 0.00299416, 0.151637
-4.45429e+07, 0.00299416, 0.151789
-4.45429e+07, 0.00299717, 0.151637
-4.45429e+07, 0.00299418, 0.151637
-4.45429e+07, 0.00299418, 0.151789
-4.45429e+07, 0.00299717, 0.151637
-4.45429e+07, 0.00299418, 0.151637
-4.45429e+07, 0.00299418, 0.151789
-4.47094e+07, 0.0634717, 0.490343
-4.45429e+07, 0.0329358, 1.04389
-4.45429e+07, 0.0329358, 1.04493
-4.45557e+07, 0.0634717, 0.653598
-4.45429e+07, 0.0324302, 1.37251
-4.45429e+07, 0.0324302, 1.37389
-7.48823e+07, 0.0634717, 0.133045
-4.47445e+07, 0.0408137, 0.326491
-4.47429e+07, 0.0408137, 0.326818
-4.4545e+07, 0.0634717, 0.769031
-4.45429e+07, 0.0321998, 1.60444
-4.45429e+07, 0.0321998, 1.60605
-6.92466e+07, 0.0634717, 0.151637
-4.46003e+07, 0.0391118, 0.36395
-4.45997e+07, 0.0391118, 0.364314
-4.61021e+07, 0.0982316, 0.490343
-4.45429e+07, 0.0530514, 1.07877
-4.45429e+07, 0.0530514, 1.07985
-4.48442e+07, 0.0982316, 0.653598
-4.45429e+07, 0.0516503, 1.40717
-4.45429e+07, 0.0516503, 1.40858
-8.05777e+07, 0.0982316, 0.133045
-4.8146e+07, 0.0824205, 0.356148
-4.81311e+07, 0.0824205, 0.356504
-4.46364e+07, 0.0982316, 0.769031
-4.45429e+07, 0.0510475, 1.63925
-4.45429e+07, 0.0510475, 1.64089
-7.64757e+07, 0.0982316, 0.151637
-4.60816e+07, 0.0748946, 0.397137
-4.60736e+07, 0.0748946, 0.397534
-4.45453e+07, 0.0392749, 0.490343
-4.45429e+07, 0.0198842, 1.0211
-4.45429e+07, 0.0198842, 1.02212
-4.4543e+07, 0.0392749, 0.653598
-4.45429e+07, 0.0197104, 1.3499
-4.45429e+07, 0.0197104, 1.35125
-6.14558e+07, 0.0392749, 0.133045
-4.45443e+07, 0.022198, 0.302663
-4.45443e+07, 0.022198, 0.302966
-4.45429e+07, 0.0392749, 0.769031
-4.45429e+07, 0.0199044, 1.60294
-4.45429e+07, 0.0199044, 1.60455
-5.59062e+07, 0.0392749, 0.151637
-4.45431e+07, 0.0217454, 0.339936
-4.45431e+07, 0.0217454, 0.340277
-4.45429e+07, 0.00464996, 0.490343
-4.45429e+07, 0.00171061, 0.512692
-4.45429e+07, 0.00171061, 0.513205
-4.45429e+07, 0.00269199, 0.502448
-4.45429e+07, 0.00378267, 0.494858
-4.45429e+07, 0.00378267, 0.495353
-4.45429e+07, 0.00445, 0.491306
-4.45429e+07, 0.00454549, 0.490819
-4.45429e+07, 0.00454549, 0.49131
-4.45429e+07, 0.00463054, 0.490435
-4.45429e+07, 0.004643, 0.490354
-4.45429e+07, 0.004643, 0.490845
-4.45429e+07, 0.00464982, 0.490344
-4.45429e+07, 0.00464531, 0.490343
-4.45429e+07, 0.00464531, 0.490834
-4.45429e+07, 0.00464996, 0.490343
-4.45429e+07, 0.00464531, 0.490343
-4.45429e+07, 0.00464531, 0.490834
-4.45429e+07, 0.00464996, 0.490343
-4.45429e+07, 0.00464531, 0.490343
-4.45429e+07, 0.00464531, 0.490834
-4.45429e+07, 0.00464996, 0.490343
-4.45429e+07, 0.00464531, 0.490343
-4.45429e+07, 0.00464531, 0.490834
-4.45429e+07, 0.00464996, 0.490343
-4.45429e+07, 0.00464531, 0.490343
-4.45429e+07, 0.00464531, 0.490834
-4.45429e+07, 0.00464996, 0.653598
-4.45429e+07, 0.00170892, 0.653019
-4.45429e+07, 0.00170892, 0.653672
-4.45429e+07, 0.0031201, 0.653367
-4.45429e+07, 0.00373127, 0.653471
-4.45429e+07, 0.00373127, 0.654125
-4.45429e+07, 0.00428904, 0.653551
-4.45429e+07, 0.00451014, 0.653581
-4.45429e+07, 0.00451014, 0.654235
-4.45429e+07, 0.00462063, 0.653594
-4.45429e+07, 0.00463928, 0.653597
-4.45429e+07, 0.00463928, 0.654251
-4.45429e+07, 0.00464959, 0.653598
-4.45429e+07, 0.00464529, 0.653598
-4.45429e+07, 0.00464529, 0.654252
-4.45429e+07, 0.00464996, 0.653598
-4.45429e+07, 0.00464531, 0.653598
-4.45429e+07, 0.00464531, 0.654252
-4.45429e+07, 0.00464996, 0.653598
-4.45429e+07, 0.00464531, 0.653598
-4.45429e+07, 0.00464531, 0.654252
-4.45429e+07, 0.00464996, 0.653598
-4.45429e+07, 0.00464531, 0.653598
-4.45429e+07, 0.00464531, 0.654252
-4.45429e+07, 0.00464996, 0.133045
-4.45429e+07, 0.00171231, 0.141689
-4.45429e+07, 0.00171231, 0.141831
-4.45429e+07, 0.00285024, 0.137216
-4.45429e+07, 0.00224547, 0.139287
-4.45429e+07, 0.00224547, 0.139427
-4.45429e+07, 0.00200793, 0.140282
-4.45429e+07, 0.00214883, 0.139674
-4.45429e+07, 0.00214883, 0.139814
-4.45429e+07, 0.00224772, 0.139287
-4.45429e+07, 0.00464531, 0.769031
-4.45429e+07, 0.00464531, 0.7698
-4.45429e+07, 0.00171093, 0.78375
-4.45429e+07, 0.00339292, 0.773626
-4.45429e+07, 0.00339292, 0.7744
-4.45429e+07, 0.00397874, 0.771308
-4.45429e+07, 0.00448196, 0.769553
-4.45429e+07, 0.00448196, 0.770323
-4.45429e+07, 0.00460486, 0.769173
-4.45429e+07, 0.00462576, 0.769093
-4.45429e+07, 0.00462576, 0.769862
-4.45429e+07, 0.00464517, 0.769046
-4.45429e+07, 0.00464497, 0.769032
-4.45429e+07, 0.00464497, 0.769802
-4.45429e+07, 0.00464996, 0.769031
-4.45429e+07, 0.00464531, 0.769031
-4.45429e+07, 0.00464531, 0.7698
-4.45429e+07, 0.00464996, 0.769031
-4.45429e+07, 0.00464531, 0.769031
-4.45429e+07, 0.00464531, 0.7698
-4.45429e+07, 0.00464996, 0.769031
-4.45429e+07, 0.00464531, 0.769031
-4.45429e+07, 0.00464531, 0.7698
-4.45429e+07, 0.00464996, 0.769031
-4.45429e+07, 0.00464531, 0.769031
-4.45429e+07, 0.00464531, 0.7698
-4.45429e+07, 0.00464996, 0.769031
-4.45429e+07, 0.00464531, 0.151637
-4.45429e+07, 0.00464531, 0.151789
-4.45429e+07, 0.00171249, 0.144723
-4.45429e+07, 0.00393842, 0.150472
-4.45429e+07, 0.00393842, 0.150623
-4.45429e+07, 0.00437931, 0.151213
-4.45429e+07, 0.00450025, 0.151412
-4.45429e+07, 0.00450025, 0.151564
-4.45429e+07, 0.00462491, 0.151599
-4.45429e+07, 0.00464029, 0.151629
-4.45429e+07, 0.00464029, 0.151781
-4.45429e+07, 0.00464942, 0.151636
-4.45429e+07, 0.00464531, 0.151637
-4.45429e+07, 0.00464531, 0.151789
-4.45429e+07, 0.00464996, 0.151637
-4.45429e+07, 0.00464531, 0.151637
-4.45429e+07, 0.00464531, 0.151789
-4.45429e+07, 0.00464996, 0.151637
-4.45429e+07, 0.00464531, 0.151637
-4.45429e+07, 0.00464531, 0.151789
-4.45429e+07, 0.00464996, 0.151637
-4.45429e+07, 0.00464531, 0.151637
-4.45429e+07, 0.00464531, 0.151789
-4.45429e+07, 0.00464996, 0.151637
-4.45429e+07, 0.00464531, 0.151637
-4.45429e+07, 0.00464531, 0.151789
