-1142.5, 0.0208541, 0.048202
-117.072, 0.0128021, 0.11545
-117.111, 0.0128021, 0.115565
-93.7193, 0.0208541, 0.134044
-1187.41, 0.0396628, 0.0623665
-1186.47, 0.0396628, 0.0624289
-88.7558, 0.0212738, 0.130908
-79.8304, 0.0228913, 0.119847
-79.7838, 0.0228913, 0.119967
-261.742, 0.0208541, 0.082264
-121.521, 0.0114762, 0.183591
-121.521, 0.0114762, 0.183775
-109.766, 0.0208541, 0.15606
-1022.84, 0.0401141, 0.0733149
-1021.69, 0.0401141, 0.0733882
-106.327, 0.0212699, 0.152547
-102.1, 0.0217036, 0.148866
-102.208, 0.0217036, 0.149015
-278.273, 0.0295358, 0.10447
-85.55, 0.0232911, 0.137228
-85.6579, 0.0232911, 0.137365
-80.3301, 0.0249118, 0.127133
-922.602, 0.0208333, 0.0554802
-920.917, 0.0208333, 0.0555357
-120.476, 0.0123497, 0.130034
-1516.42, 0.0208333, 0.0340918
-1515.64, 0.0208333, 0.0341259
-79.5076, 0.014785, 0.0871865
-1348.29, 0.0208333, 0.040873
-1347.2, 0.0208333, 0.0409139
-103.59, 0.0135492, 0.100757
-789.23, 0.0208333, 0.0599099
-787.449, 0.0208333, 0.0599698
-121.094, 0.012142, 0.138926
-116.533, 0.0208333, 0.175063
-116.573, 0.0208333, 0.175238
-879.541, 0.0404361, 0.0827477
-114.929, 0.0212049, 0.171595
-114.979, 0.0212049, 0.171767
-112.627, 0.0216495, 0.167802
-160.08, 0.029558, 0.117836
-159.324, 0.029558, 0.117954
-88.0122, 0.0244666, 0.146109
-79.3434, 0.0259035, 0.136817
-79.3589, 0.0259035, 0.136954
-819.519, 0.0208541, 0.058932
-121.006, 0.0121706, 0.136952
-121.012, 0.0121706, 0.137089
-1085.68, 0.0195004, 0.048202
-119.083, 0.0117437, 0.11419
-119.106, 0.0117437, 0.114304
-100.563, 0.0195004, 0.134044
-1161.52, 0.0372849, 0.0626467
-1160.5, 0.0372849, 0.0627094
-95.6566, 0.0199006, 0.130892
-90.7398, 0.020283, 0.127854
-90.8637, 0.020283, 0.127982
-422.685, 0.0275275, 0.0894966
-83.3339, 0.0209551, 0.123062
-83.4301, 0.0209551, 0.123186
-203.014, 0.0195004, 0.082264
-121.524, 0.0106326, 0.182322
-121.524, 0.0106326, 0.182504
-113.75, 0.0195004, 0.15606
-984.918, 0.0376702, 0.0735876
-983.685, 0.0376702, 0.0736612
-111.476, 0.0198462, 0.152964
-108.517, 0.0202139, 0.149625
-108.602, 0.0202139, 0.149775
-219.393, 0.0276222, 0.104931
-87.2516, 0.0222466, 0.134142
-87.3669, 0.0222466, 0.134276
-79.57, 0.0233512, 0.127077
-849.331, 0.0194809, 0.0554802
-847.543, 0.0194809, 0.0555357
-121.007, 0.0113769, 0.128822
-1495.01, 0.0194809, 0.0340918
-1494.16, 0.0194809, 0.0341259
-85.3804, 0.013314, 0.0859165
-1310.37, 0.0194809, 0.040873
-1309.18, 0.0194809, 0.0409139
-110.156, 0.0123555, 0.0995118
-709.251, 0.0194809, 0.0599099
-707.402, 0.0194809, 0.0599698
-121.325, 0.0111933, 0.137636
-118.491, 0.0194809, 0.175063
-118.517, 0.0194809, 0.175238
-832.45, 0.0379528, 0.0830226
-117.518, 0.0197985, 0.17192
-117.552, 0.0197985, 0.172092
-116.062, 0.0201887, 0.168391
-124.994, 0.0276529, 0.118238
-124.44, 0.0276529, 0.118356
-86.9493, 0.0236749, 0.140868
-79.2867, 0.0250164, 0.132285
-79.293, 0.0250164, 0.132417
-740.836, 0.0195004, 0.058932
-121.281, 0.0112176, 0.135675
-121.284, 0.0112176, 0.13581
-103.498, 0.00848683, 0.048202
-121.526, 0.0044735, 0.103993
-121.526, 0.0044735, 0.104097
-112.132, 0.00694003, 0.0613988
-79.8377, 0.00793412, 0.0522056
-79.8884, 0.00793412, 0.0522578
-121.518, 0.00848683, 0.134044
-380.757, 0.0168797, 0.0649115
-379.094, 0.0168797, 0.0649764
-120.433, 0.0102706, 0.109648
-86.1521, 0.0130572, 0.0850656
-86.2737, 0.0130572, 0.0851507
-80.5973, 0.0134609, 0.0824685
-79.2818, 0.0137343, 0.0806554
-79.2789, 0.0137343, 0.0807361
-118.058, 0.00848683, 0.082264
-1252.54, 0.0165703, 0.0391602
-1251.15, 0.0165703, 0.0391994
-117.53, 0.00855154, 0.0815748
-116.918, 0.00861384, 0.0808319
-116.959, 0.00861384, 0.0809128
-205.965, 0.0119591, 0.0562618
-97.9937, 0.00961425, 0.0715689
-98.1268, 0.00961425, 0.0716405
-79.3855, 0.0104768, 0.0651439
-121.525, 0.00847835, 0.15606
-121.525, 0.00847835, 0.156216
-176.963, 0.0169775, 0.0759186
-121.164, 0.0105607, 0.124214
-121.168, 0.0105607, 0.124338
-87.2441, 0.0141413, 0.0918008
-79.3451, 0.0148749, 0.0870102
-79.3625, 0.0148749, 0.0870973
-79.2796, 0.0149575, 0.0866008
-80.0918, 0.00847835, 0.0554802
-80.1509, 0.00847835, 0.0555357
-1651.04, 0.0160053, 0.0256111
-79.5369, 0.00852748, 0.055091
-79.5723, 0.00852748, 0.0551461
-651.226, 0.00848683, 0.0340918
-121.517, 0.00465604, 0.0759098
-121.517, 0.00465604, 0.0759857
-275.605, 0.00848683, 0.040873
-121.525, 0.00455418, 0.0894704
-121.525, 0.00455418, 0.0895599
-88.2093, 0.00848683, 0.0599099
-1592.8, 0.0162378, 0.0280154
-1592.05, 0.0162378, 0.0280435
-84.3982, 0.0086115, 0.0588966
-121.526, 0.00847835, 0.175063
-121.526, 0.00847835, 0.175238
-99.8313, 0.0170777, 0.0856508
-121.526, 0.00847837, 0.175063
-121.526, 0.00847837, 0.175238
-107.759, 0.0137911, 0.10657
-79.439, 0.0158717, 0.0922152
-79.4646, 0.0158717, 0.0923074
-79.2785, 0.0159963, 0.0915749
-86.1284, 0.00847835, 0.058932
-86.2581, 0.00847835, 0.0589909
-1605.81, 0.0162257, 0.0275172
-82.8729, 0.00859366, 0.0580038
-82.9795, 0.00859366, 0.0580618
-1376.57, 0.0358686, 0.048202
-107.964, 0.0294648, 0.128518
-107.548, 0.0294648, 0.128647
-169.761, 0.0358686, 0.134044
-121.519, 0.0199255, 0.301224
-121.519, 0.0199255, 0.301526
-803.037, 0.0358686, 0.082264
-118.673, 0.0221956, 0.197901
-118.697, 0.0221956, 0.198099
-93.1174, 0.0358686, 0.15606
-121.525, 0.0194817, 0.344852
-121.525, 0.0194817, 0.345197
-101.341, 0.0301822, 0.195356
-79.2995, 0.0337827, 0.168492
-79.3083, 0.0337827, 0.168661
-1264.67, 0.0358686, 0.0554802
-80.6502, 0.0264262, 0.143816
-80.7109, 0.0264262, 0.14396
-1545, 0.0358686, 0.0340918
-1083.44, 0.0622455, 0.0784729
-1082.68, 0.0622455, 0.0785514
-114.29, 0.567356, 2.20291
-1475.22, 0.0358327, 0.040873
-1474.72, 0.0358327, 0.0409139
-395.283, 0.0369288, 0.111057
-121.526, 0.041451, 6.05323
-121.526, 0.041451, 6.05929
-1191.96, 0.0358686, 0.0599099
-90.2161, 0.0252676, 0.152908
-90.3351, 0.0252676, 0.153061
-79.2886, 0.0358686, 0.175063
-121.526, 0.0172043, 0.34537
-121.526, 0.0172043, 0.345716
-79.6137, 0.0353413, 0.177481
-79.278, 0.0357723, 0.175337
-79.2787, 0.0357723, 0.175513
-1208.25, 0.0358686, 0.058932
-87.8523, 0.0254759, 0.150867
-87.9666, 0.0254759, 0.151018
-1290.37, 0.0656213, 0.048202
-655.001, 0.172305, 0.0623376
-655.281, 0.172305, 0.0624
-1310.75, 8.23164, 0.174377
-83.7399, 0.673182, 0.0895869
-83.734, 0.673182, 0.0896766
-574.701, 0.0656213, 0.134044
-116.932, 0.0426989, 0.33083
-116.966, 0.0426989, 0.331161
-1052.52, 0.0656213, 0.082264
-95.722, 0.0585508, 0.222189
-95.4699, 0.0585508, 0.222411
-405.487, 0.0656213, 0.15606
-120.417, 0.0405158, 0.37497
-120.427, 0.0405158, 0.375345
-1261.65, 0.0656213, 0.0554802
-795.541, 0.132818, 0.112636
-795.131, 0.132818, 0.112749
-378.777, 2.24011, 1.91353
-1251.96, 0.0655557, 0.0340918
-1252.29, 0.0655557, 0.0341259
-317.84, 0.164132, 0.0228659
-1291.59, 0.0655557, 0.040873
-1291.69, 0.0655557, 0.0409139
-426.352, 0.175977, 0.034689
-189.077, 9.09212, 0.0179976
-189.164, 9.09212, 0.0180157
-1235.32, 0.0656213, 0.0599099
-668.647, 0.106859, 0.143358
-667.87, 0.106859, 0.143502
-121.211, 0.755159, 4.70022
-288.561, 0.0655557, 0.175063
-287.627, 0.0655557, 0.175238
-121.199, 0.0392395, 0.412736
-1241.81, 0.0655557, 0.058932
-1241.44, 0.0655557, 0.0589909
-704.859, 0.111974, 0.137227
-121.149, 0.948367, 4.03452
-121.15, 0.948367, 4.03856
-1013.49, 0.0181009, 0.048202
-120.342, 0.0106977, 0.112905
-120.354, 0.0106977, 0.113018
-107.204, 0.0181009, 0.134044
-1127.01, 0.0347959, 0.0629373
-1125.9, 0.0347959, 0.0630003
-103.409, 0.0184458, 0.131154
-98.9763, 0.0187979, 0.128172
-99.0952, 0.0187979, 0.128301
-343.57, 0.0256008, 0.0898155
-85.8249, 0.0198382, 0.120441
-85.9372, 0.0198382, 0.120561
-79.9828, 0.0211374, 0.112061
-149.458, 0.0180828, 0.082264
-148.674, 0.0180828, 0.0823463
-121.525, 0.0097857, 0.180988
-116.914, 0.0180828, 0.15606
-116.952, 0.0180828, 0.156216
-936.928, 0.0351541, 0.0738702
-115.613, 0.0183607, 0.153401
-115.659, 0.0183607, 0.153555
-113.779, 0.0186942, 0.150491
-163.414, 0.0256099, 0.105436
-162.613, 0.0256099, 0.105542
-89.679, 0.0211238, 0.131135
-79.3421, 0.0224916, 0.122047
-79.3578, 0.0224916, 0.122169
-761.063, 0.0181009, 0.0554802
-121.306, 0.0103864, 0.127515
-121.308, 0.0103864, 0.127642
-1466.18, 0.0181009, 0.0340918
-95.5748, 0.0119358, 0.0846637
-95.708, 0.0119358, 0.0847484
-1261.4, 0.0181009, 0.040873
-115.163, 0.011195, 0.098299
-115.216, 0.011195, 0.0983974
-615.794, 0.0181009, 0.0599099
-121.447, 0.0102363, 0.136341
-121.448, 0.0102363, 0.136478
-119.857, 0.0181009, 0.175063
-772.855, 0.0353267, 0.0833038
-771.403, 0.0353267, 0.0833871
-119.343, 0.018362, 0.172305
-118.445, 0.0187073, 0.168595
-118.472, 0.0187073, 0.168764
-99.0938, 0.025733, 0.11851
-116.863, 0.0191703, 0.164085
-116.901, 0.0191703, 0.164249
-80.344, 0.0235956, 0.130472
-79.2784, 0.0240283, 0.127728
-79.2803, 0.0240283, 0.127856
-646.896, 0.0181009, 0.058932
-121.427, 0.0102652, 0.134377
-121.428, 0.0102652, 0.134511
-1225.86, 0.0745906, 0.048202
-440.46, 0.202503, 0.0471164
-440.798, 0.202503, 0.0471635
-342.938, 11.0559, 0.0430128
-634.966, 0.0745161, 0.134044
-633.93, 0.0745161, 0.134178
-110.172, 0.0515813, 0.339562
-1055.54, 0.0745161, 0.082264
-1054.91, 0.0745161, 0.0823463
-187.253, 0.0792652, 0.223204
-121.526, 0.100982, 12.0967
-121.526, 0.100982, 12.1088
-475.912, 0.0745906, 0.15606
-118.228, 0.0482142, 0.383943
-118.254, 0.0482142, 0.384327
-1215.44, 0.0745906, 0.0554802
-636.418, 0.189256, 0.0796999
-636.573, 0.189256, 0.0797797
-2263.27, 7.88277, 0.33942
-89.1861, 0.623351, 0.126663
-89.1945, 0.623351, 0.126789
-1146.6, 0.0745906, 0.0340918
-256.723, 0.182795, 0.0219274
-256.985, 0.182795, 0.0219494
-1205.79, 0.0745906, 0.040873
-323.127, 0.193552, 0.0303369
-323.441, 0.193552, 0.0303672
-1199, 0.0745906, 0.0599099
-718.741, 0.165124, 0.109789
-718.542, 0.165124, 0.109899
-1596.49, 3.9855, 1.23821
-98.2241, 0.594747, 0.291215
-98.2069, 0.594747, 0.291506
-359.14, 0.0745906, 0.175063
-120.409, 0.0463479, 0.422091
-120.419, 0.0463479, 0.422513
-1203.15, 0.0745906, 0.058932
-711.316, 0.170729, 0.103083
-711.2, 0.170729, 0.103186
-2157.57, 4.70949, 0.965024
-110.559, 0.566438, 0.231455
-110.552, 0.566438, 0.231687
-121.026, 0.00387176, 0.048202
-1319.19, 0.00764034, 0.0231702
-1317.47, 0.00764034, 0.0231934
-121.004, 0.00387873, 0.0481089
-120.986, 0.00388204, 0.048013
-120.992, 0.00388204, 0.0480611
-104.189, 0.00545156, 0.0333538
-120.925, 0.0038991, 0.047787
-120.932, 0.0038991, 0.0478348
-87.2358, 0.00492404, 0.0372141
-79.2782, 0.0051504, 0.0354189
-79.2805, 0.0051504, 0.0354543
-121.526, 0.00387176, 0.134044
-121.526, 0.00386789, 0.082264
-121.526, 0.00386789, 0.0823463
-199.069, 0.00778795, 0.0402328
-121.399, 0.00482341, 0.065627
-121.401, 0.00482341, 0.0656927
-91.7607, 0.00647147, 0.0486279
-79.3443, 0.00688117, 0.0456202
-79.364, 0.00688117, 0.0456658
-79.2811, 0.00691655, 0.0454278
-121.526, 0.00386789, 0.15606
-121.526, 0.00386789, 0.156216
-121.449, 0.00387176, 0.0554802
-1040.91, 0.00767712, 0.0267889
-1038.71, 0.00767712, 0.0268157
-121.443, 0.00388218, 0.0553222
-121.432, 0.00389648, 0.0550482
-121.434, 0.00389648, 0.0551032
-80.3687, 0.00547482, 0.0384015
-79.8453, 0.00549598, 0.0382039
-79.8992, 0.00549598, 0.0382421
-79.3055, 0.00557108, 0.0376972
-105.2, 0.00386789, 0.0340918
-105.322, 0.00386789, 0.0341259
-1734.6, 0.00752714, 0.016152
-101.924, 0.00391687, 0.0336132
-102.061, 0.00391687, 0.0336468
-97.9625, 0.0039735, 0.0331126
-788.919, 0.00546345, 0.0231265
-786.299, 0.00546345, 0.0231496
-91.5974, 0.00405627, 0.0323543
-86.444, 0.00412341, 0.0317273
-86.5887, 0.00412341, 0.031759
-190.18, 0.00475112, 0.0270876
-80.0093, 0.00424566, 0.0307026
-80.0718, 0.00424566, 0.0307333
-118.294, 0.00387176, 0.040873
-1559.1, 0.00758934, 0.0195264
-1557.92, 0.00758934, 0.019546
-117.953, 0.00389085, 0.0406533
-117.59, 0.00390745, 0.0404198
-117.629, 0.00390745, 0.0404602
-314.391, 0.00545109, 0.0280937
-102.166, 0.00428995, 0.0364875
-102.3, 0.00428995, 0.036524
-79.9349, 0.00467008, 0.0332821
-79.3388, 0.00473483, 0.0327477
-79.3208, 0.00473483, 0.0327805
-121.501, 0.00387176, 0.0599099
-863.716, 0.00769654, 0.0289969
-861.346, 0.00769654, 0.0290259
-121.025, 0.00432326, 0.0533308
-117.903, 0.00473157, 0.0484379
-117.939, 0.00473157, 0.0484864
-90.9703, 0.00604066, 0.0374773
-115.765, 0.00485009, 0.0471905
-115.818, 0.00485009, 0.0472377
-80.3958, 0.00570589, 0.0398
-79.2781, 0.00579222, 0.0391333
-79.2793, 0.00579222, 0.0391725
-121.526, 0.00387176, 0.175063
-121.495, 0.00386789, 0.058932
-121.495, 0.00386789, 0.0589909
-904.472, 0.00769993, 0.0285084
-121.132, 0.00424268, 0.0534472
-121.137, 0.00424268, 0.0535007
-119.686, 0.0045399, 0.0498108
-84.4337, 0.00590653, 0.0376833
-84.2289, 0.00590653, 0.037721
-118.529, 0.00464876, 0.0485796
-81.1528, 0.00562403, 0.0396854
-81.2418, 0.00562403, 0.0397251
-79.2791, 0.00574599, 0.0388372
-1332.01, 0.0588904, 0.048202
-1331.78, 0.0588904, 0.0482503
-865.109, 0.134643, 0.0847029
-1594.84, 3.66071, 0.807661
-1594.67, 3.66071, 0.808469
-107.34, 0.575253, 0.228226
-511.494, 0.0588904, 0.134044
-510.309, 0.0588904, 0.134178
-119.594, 0.0368858, 0.324228
-1037.45, 0.0588904, 0.082264
-1036.59, 0.0588904, 0.0823463
-79.278, 0.0473674, 0.218266
-339.071, 0.0588904, 0.15606
-338.017, 0.0588904, 0.156216
-121.13, 0.0352604, 0.367999
-1287.89, 0.0588904, 0.0554802
-1287.48, 0.0588904, 0.0555357
-675.429, 0.0902271, 0.137128
-121.509, 0.494694, 5.11771
-121.51, 0.494694, 5.12283
-1329.41, 0.0589493, 0.0340918
-389.199, 0.151943, 0.0247857
-389.584, 0.151943, 0.0248105
-141.191, 6.73991, 0.00692472
-1350.97, 0.0588904, 0.040873
-1350.97, 0.0588904, 0.0409139
-566.359, 0.160227, 0.0414189
-338.103, 8.73627, 0.0436762
-338.398, 8.73627, 0.0437199
-1253.26, 0.0589493, 0.0599099
-452.755, 0.0737842, 0.158712
-451.712, 0.0737842, 0.158871
-121.526, 0.182001, 7.81731
-229.069, 0.0588904, 0.175063
-228.226, 0.0588904, 0.175238
-121.424, 0.0343289, 0.406006
-1261.38, 0.0588904, 0.058932
-1260.9, 0.0588904, 0.0589909
-500.197, 0.0768119, 0.154581
-121.526, 0.221204, 7.31778
-121.526, 0.221204, 7.3251
-1376.07, 0.0488747, 0.048202
-679.853, 0.0680112, 0.123827
-678.775, 0.0680112, 0.123951
-121.526, 0.256294, 5.39286
-381.975, 0.0488258, 0.134044
-380.785, 0.0488258, 0.134178
-121.207, 0.0289113, 0.313956
-982.682, 0.0488258, 0.082264
-981.62, 0.0488258, 0.0823463
-97.086, 0.0345018, 0.210048
-222.042, 0.0488258, 0.15606
-221.162, 0.0488258, 0.156216
-121.477, 0.0279906, 0.357985
-1306.4, 0.0488258, 0.0554802
-1305.82, 0.0488258, 0.0555357
-266.264, 0.0497822, 0.150785
-121.526, 0.0535302, 8.22703
-121.526, 0.0535302, 8.23526
-1440.5, 0.0488747, 0.0340918
-593.47, 0.132275, 0.0314056
-593.965, 0.132275, 0.0314371
-207.373, 7.13232, 0.0226171
-1426.65, 0.0488258, 0.040873
-1426.45, 0.0488258, 0.0409139
-978.827, 0.11319, 0.0703409
-1367.89, 3.25289, 0.617011
-1367.97, 3.25289, 0.617629
-104.788, 0.582668, 0.202872
-1258.1, 0.0488258, 0.0599099
-1257.43, 0.0488258, 0.0599698
-145.909, 0.0445594, 0.162156
-121.526, 0.0307556, 8.70309
-121.526, 0.0307556, 8.7118
-139.454, 0.0488747, 0.175063
-121.516, 0.0273804, 0.395788
-121.516, 0.0273804, 0.396184
-1269.1, 0.0488747, 0.058932
-164.733, 0.0454639, 0.159786
-164.042, 0.0454639, 0.159946
-121.526, 0.0342114, 8.63556
-1229.32, 3.47895, 0.325969
-272.972, 1.41841, 0.209169
-273.039, 1.41841, 0.209378
-1241.74, 3.47895, 1.31118
-163.487, 1.35781, 1.84501
-163.417, 1.35781, 1.84686
-725.632, 3.47895, 2.35293
-133.315, 1.47519, 3.93958
-133.281, 1.47519, 3.94352
-1495.84, 3.47895, 0.759406
-203.836, 1.28092, 0.806987
-203.775, 1.28092, 0.807794
-938.703, 3.47895, 0.208689
-270.519, 1.62497, 0.108985
-270.644, 1.62497, 0.109094
-1222.1, 3.47895, 0.322208
-275.569, 1.42979, 0.203514
-275.642, 1.42979, 0.203718
-1345.8, 3.47895, 0.400211
-258.707, 1.3486, 0.289968
-258.734, 1.3486, 0.290258
-1097.62, 3.47895, 0.265339
-279.367, 1.51343, 0.15221
-279.474, 1.51343, 0.152363
-1491.11, 3.47895, 0.604212
-223.504, 1.28283, 0.55682
-223.466, 1.28283, 0.557377
-1124.82, 3.47895, 1.51127
-154.403, 1.38769, 2.2464
-154.339, 1.38769, 2.24864
-179.824, 1.16402, 0.325969
-158.643, 0.427798, 0.324219
-158.523, 0.427798, 0.324544
-147.632, 1.16402, 1.31118
-105.219, 0.432736, 1.52514
-105.268, 0.432736, 1.52667
-131.253, 1.16402, 2.35293
-120.827, 0.440454, 2.99047
-120.832, 0.440454, 2.99346
-166.288, 1.16402, 0.759406
-79.3182, 0.42928, 0.825353
-79.3225, 0.42928, 0.826179
-174.932, 1.16402, 0.208689
-198.094, 0.428179, 0.199998
-198.061, 0.428179, 0.200198
-79.1649, 0.747338, 0.204789
-179.325, 1.16286, 0.322208
-179.328, 1.16286, 0.32253
-159.918, 0.428228, 0.320224
-178.895, 1.16286, 0.400211
-178.889, 1.16286, 0.400611
-130.319, 0.428262, 0.405924
-178.012, 1.16286, 0.265339
-178.023, 1.16286, 0.265605
-182.169, 0.428343, 0.259033
-78.8893, 0.748145, 0.262539
-78.889, 0.748145, 0.262801
-172.748, 1.16402, 0.604212
-85.7695, 0.428499, 0.639941
-85.7141, 0.428499, 0.640581
-142.996, 1.16402, 1.51127
-112.049, 0.434125, 1.79277
-112.085, 0.434125, 1.79456
-221.299, 1.26143, 0.325969
-142.738, 0.463634, 0.321493
-142.649, 0.463634, 0.321814
-167.622, 1.26143, 1.31118
-105.748, 0.473512, 1.60904
-105.794, 0.473512, 1.61065
-139.076, 1.26143, 2.35293
-120.816, 0.486955, 3.20715
-120.82, 0.486955, 3.21036
-200.118, 1.26143, 0.759406
-79.5058, 0.466591, 0.850621
-79.515, 0.466591, 0.851472
-211.131, 1.26143, 0.208689
-168.789, 0.464798, 0.194167
-168.779, 0.464798, 0.194362
-221.198, 1.26143, 0.322208
-143.85, 0.46364, 0.317473
-143.762, 0.46364, 0.31779
-221.324, 1.26143, 0.400211
-120.429, 0.463636, 0.405954
-120.331, 0.463636, 0.40636
-218.11, 1.26143, 0.265339
-160.068, 0.463981, 0.254665
-160.01, 0.463981, 0.254919
-211.049, 1.26143, 0.604212
-83.8135, 0.464962, 0.652474
-83.7716, 0.464962, 0.653127
-159.517, 1.26143, 1.51127
-112.319, 0.476079, 1.90027
-112.353, 0.476079, 1.90217
-432.645, 1.69188, 0.325969
-90.8152, 0.624125, 0.29894
-90.8032, 0.624125, 0.299239
-295.025, 1.69188, 1.31118
-106.973, 0.654288, 1.79688
-107.008, 0.654288, 1.79868
-192.631, 1.69188, 2.35293
-120.43, 0.688194, 3.64946
-120.436, 0.688194, 3.65312
-400.035, 1.69188, 0.759406
-82.3603, 0.63052, 0.896925
-82.3815, 0.63052, 0.897822
-382.456, 1.69188, 0.208689
-89.2824, 0.634453, 0.170892
-89.2885, 0.634453, 0.171063
-431.777, 1.69188, 0.322208
-90.9512, 0.624115, 0.295543
-90.9397, 0.624115, 0.295839
-442.905, 1.69188, 0.400211
-86.898, 0.622015, 0.389504
-86.8786, 0.622015, 0.389894
-413.233, 1.69188, 0.265339
-91.5819, 0.628286, 0.229792
-91.5807, 0.628286, 0.230022
-428.709, 1.69188, 0.604212
-79.2661, 0.624763, 0.666168
-79.265, 0.624763, 0.666834
-266.451, 1.69188, 1.51127
-112.412, 0.661873, 2.14015
-112.439, 0.661873, 2.14229
-446.376, 1.71861, 0.325969
-88.8554, 0.634168, 0.297966
-88.8454, 0.634168, 0.298264
-304.895, 1.71861, 1.31118
-107.136, 0.665378, 1.80299
-107.17, 0.665378, 1.80479
-196.999, 1.71861, 2.35293
-120.41, 0.70007, 3.66015
-120.416, 0.70007, 3.66382
-414.524, 1.71861, 0.759406
-82.7099, 0.640609, 0.897981
-82.7316, 0.640609, 0.89888
-393.052, 1.71861, 0.208689
-86.9119, 0.646456, 0.168434
-86.9169, 0.646456, 0.168602
-445.423, 1.71861, 0.322208
-88.9688, 0.634154, 0.294601
-88.9593, 0.634154, 0.294895
-457.658, 1.71861, 0.400211
-85.5783, 0.631902, 0.388224
-85.5617, 0.631902, 0.388612
-425.614, 1.71861, 0.265339
-89.3475, 0.638463, 0.229176
-89.3467, 0.638463, 0.229405
-443.998, 1.71861, 0.604212
-79.2538, 0.63455, 0.665267
-79.2544, 0.63455, 0.665932
-274.85, 1.71861, 1.51127
-112.499, 0.673413, 2.14938
-112.525, 0.673413, 2.15153
-135.689, 0.476999, 0.325969
-195.168, 1.20694, 0.471566
-195.15, 1.20694, 0.472038
-79.3494, 0.708987, 0.381563
-95.3706, 0.476522, 1.31118
-95.4226, 0.476522, 1.31249
-81.0541, 0.637593, 0.503564
-117.781, 0.476522, 2.35293
-117.799, 0.476522, 2.35528
-95.569, 0.804838, 1.00341
-79.6211, 0.476522, 0.759406
-79.6099, 0.476522, 0.760166
-111.504, 0.583708, 2.02221
-79.2802, 0.483024, 0.811009
-79.2813, 0.483024, 0.811821
-159.025, 0.476999, 0.208689
-225.628, 1.29332, 0.220618
-225.666, 1.29332, 0.220838
-79.1806, 0.730465, 0.2137
-136.825, 0.476522, 0.322208
-136.745, 0.476522, 0.32253
-198.049, 1.21286, 0.461508
-79.3773, 0.709066, 0.375483
-79.3754, 0.709066, 0.375859
-118.029, 0.476999, 0.400211
-147.341, 1.09635, 0.695701
-147.325, 1.09635, 0.696397
-79.2186, 0.688412, 0.510529
-150.271, 0.476522, 0.265339
-150.214, 0.476522, 0.265605
-224.768, 1.2692, 0.325919
-79.3016, 0.720338, 0.289408
-79.3008, 0.720338, 0.289697
-86.9074, 0.476999, 0.604212
-102.681, 0.760072, 1.46299
-102.711, 0.760072, 1.46445
-79.2806, 0.546056, 0.780558
-102.636, 0.476522, 1.51127
-102.685, 0.476522, 1.51278
-79.3891, 0.689325, 0.596428
-132.793, 0.125523, 0.325969
-132.418, 0.125523, 0.326295
-121.287, 0.0770906, 0.780053
-121.425, 0.125523, 1.31118
-121.427, 0.125523, 1.31249
-80.516, 0.245128, 0.623145
-121.364, 0.128533, 1.27705
-121.365, 0.128533, 1.27832
-79.6523, 0.22919, 0.671567
-79.2781, 0.234574, 0.653706
-79.2784, 0.234574, 0.65436
-121.526, 0.125649, 2.35293
-107.869, 0.24994, 1.13956
-107.924, 0.24994, 1.1407
-374.632, 3.93292, 0.0626977
-84.2837, 0.313572, 0.897523
-84.3334, 0.313572, 0.898421
-79.5258, 0.347103, 0.807341
-177.417, 1.16722, 0.224985
-177.434, 1.16722, 0.22521
-89.5201, 0.479657, 0.574359
-79.2782, 0.356996, 0.782983
-79.2787, 0.356996, 0.783767
-79.278, 0.357762, 0.782041
-83.5972, 0.413836, 0.670203
-83.5501, 0.413836, 0.670874
-79.278, 0.357782, 0.781995
-79.278, 0.357404, 0.782041
-79.278, 0.357404, 0.782824
-113.912, 0.125649, 0.759406
-199.928, 0.236, 0.349685
-199.564, 0.236, 0.350035
-92.9369, 0.146436, 0.629217
-81.7189, 0.158751, 0.569106
-81.7685, 0.158751, 0.569675
-79.2783, 0.166782, 0.53629
-404.997, 0.125523, 0.208689
-404.248, 0.125523, 0.208898
-108.66, 0.0935032, 0.542502
-137.24, 0.125523, 0.322208
-136.85, 0.125523, 0.32253
-121.255, 0.0773388, 0.772434
-84.453, 0.125523, 0.400211
-84.3498, 0.125523, 0.400611
-121.506, 0.0730396, 0.927093
-86.0954, 0.112123, 0.476662
-86.1746, 0.112123, 0.477139
-79.2784, 0.119809, 0.43082
-236.834, 0.125523, 0.265339
-236.215, 0.125523, 0.265605
-119.635, 0.0827895, 0.65841
-99.2029, 0.125523, 0.604212
-99.2863, 0.125523, 0.604817
-298.551, 0.230431, 0.27282
-87.5216, 0.134252, 0.553235
-87.6007, 0.134252, 0.553789
-79.3764, 0.147862, 0.488092
-121.505, 0.125523, 1.51127
-121.505, 0.125523, 1.51278
-80.452, 0.246719, 0.722464
-249.994, 3.66392, 0.0377324
-250.156, 3.66392, 0.0377701
-89.7169, 0.297836, 0.587994
-79.2824, 0.257539, 0.688578
-79.2846, 0.257539, 0.689267
-79.2782, 0.258569, 0.686329
-99.0412, 0.582427, 0.325969
-99.0145, 0.582427, 0.326295
-371.246, 1.56088, 0.387794
-79.4989, 0.711029, 0.337642
-79.4972, 0.711029, 0.33798
-93.9873, 0.583009, 1.31118
-91.5027, 0.544619, 0.483444
-91.457, 0.544619, 0.483928
-79.7305, 0.565224, 0.82726
-115.643, 0.582427, 2.35293
-115.665, 0.582427, 2.35528
-98.5677, 0.849232, 0.93155
-79.3146, 0.582427, 0.759406
-79.3176, 0.582427, 0.760166
-192.909, 0.308381, 0.351273
-79.2719, 0.575484, 0.748462
-79.2725, 0.575484, 0.749211
-104.727, 0.583009, 0.208689
-338.454, 1.58318, 0.207594
-338.563, 1.58318, 0.207802
-79.277, 0.727436, 0.208446
-99.3484, 0.582427, 0.322208
-99.3223, 0.582427, 0.32253
-371.874, 1.56262, 0.380862
-79.472, 0.712176, 0.33339
-79.4704, 0.712176, 0.333723
-92.6841, 0.583009, 0.400211
-340.508, 1.51634, 0.53516
-340.454, 1.51634, 0.535695
-79.4657, 0.697639, 0.422632
-103.358, 0.582427, 0.265339
-103.343, 0.582427, 0.265605
-367.487, 1.5798, 0.287246
-79.278, 0.722127, 0.269918
-79.2774, 0.722127, 0.270188
-81.0783, 0.583009, 0.604212
-194.533, 1.31414, 1.08049
-194.456, 1.31414, 1.08157
-79.2528, 0.638908, 0.645047
-100.223, 0.582427, 1.51127
-100.267, 0.582427, 1.51278
-80.326, 0.628036, 0.557508
-135.623, 1.04467, 0.325969
-135.623, 1.04467, 0.326295
-178.801, 0.384699, 0.326065
-78.9134, 0.744313, 0.326002
-78.914, 0.744313, 0.326328
-127.863, 1.04572, 1.31118
-103.296, 0.384843, 1.38176
-103.351, 0.384843, 1.38314
-123.808, 1.04572, 2.35293
-120.547, 0.385901, 2.57628
-120.554, 0.385901, 2.57886
-132.381, 1.04572, 0.759406
-79.331, 0.384468, 0.781202
-79.3257, 0.384468, 0.781983
-135.113, 1.04572, 0.208689
-237.931, 0.384338, 0.206396
-237.858, 0.384338, 0.206602
-79.2882, 0.756427, 0.207944
-135.625, 1.04467, 0.322208
-135.625, 1.04467, 0.32253
-180.771, 0.384699, 0.322208
-78.9112, 0.745146, 0.322208
-78.9118, 0.745146, 0.32253
-135.725, 1.04572, 0.400211
-143.409, 0.384322, 0.402828
-143.244, 0.384322, 0.403231
-79.0269, 0.724922, 0.401168
-135.454, 1.04467, 0.265339
-135.455, 1.04467, 0.265605
-211.259, 0.384704, 0.263975
-78.9619, 0.754692, 0.264895
-78.9617, 0.754692, 0.26516
-133.964, 1.04572, 0.604212
-88.8869, 0.38439, 0.61635
-88.811, 0.38439, 0.616967
-126.725, 1.04572, 1.51127
-110.512, 0.38501, 1.60494
-110.553, 0.38501, 1.60654
-82.0049, 0.805943, 0.325969
-225.834, 0.296333, 0.316128
-225.546, 0.296333, 0.316445
-78.9016, 0.739221, 0.325106
-102.214, 0.805137, 1.31118
-102.239, 0.805137, 1.31249
-81.7991, 0.325115, 0.862083
-115.477, 0.805137, 2.35293
-115.493, 0.805137, 2.35528
-86.03, 0.439351, 1.06262
-1434.35, 0.0387623, 0.0442039
-1433.83, 0.0387623, 0.0442481
-83.6226, 0.416034, 0.98935
-80.7693, 0.313866, 0.684809
-80.7351, 0.313866, 0.685495
-79.437, 0.35635, 0.807672
-89.8239, 0.805137, 0.759406
-89.8418, 0.805137, 0.760166
-86.1018, 0.303166, 0.615647
-82.2695, 0.805137, 0.208689
-82.2657, 0.805137, 0.208898
-322.779, 0.29685, 0.219231
-79.1482, 0.749866, 0.209423
-79.1463, 0.749866, 0.209632
-81.9792, 0.805943, 0.322208
-228.521, 0.296312, 0.313201
-228.233, 0.296312, 0.313514
-78.8963, 0.739979, 0.321428
-82.6939, 0.805137, 0.400211
-82.6991, 0.805137, 0.400611
-178.311, 0.29717, 0.374024
-79.0555, 0.72106, 0.397228
-79.0553, 0.72106, 0.397626
-81.8185, 0.805943, 0.265339
-273.742, 0.2962, 0.26709
-273.467, 0.2962, 0.267357
-78.8852, 0.747965, 0.26547
-86.3147, 0.805137, 0.604212
-86.3276, 0.805137, 0.604817
-105.855, 0.299918, 0.519423
-79.4804, 0.644652, 0.584012
-79.4755, 0.644652, 0.584596
-105.884, 0.805943, 1.51127
-83.7401, 0.338126, 0.919136
-83.7857, 0.338126, 0.920056
-121.63, 1.37886, 9.88111
-121.526, 0.612936, 17.768
-121.526, 0.612936, 17.7858
-142.674, 1.37886, 2.7327
-121.272, 0.549163, 4.04755
-121.274, 0.549163, 4.0516
-121.701, 1.37886, 9.16457
-121.526, 0.609489, 16.3505
-121.526, 0.609489, 16.3669
-125.466, 1.37886, 4.90387
-121.525, 0.578016, 8.05163
-121.525, 0.578016, 8.05969
-121.554, 1.37886, 11.671
-121.526, 0.620134, 21.3205
-121.526, 0.620134, 21.3418
-122.371, 1.37886, 6.99853
-121.526, 0.596424, 12.0953
-121.526, 0.596424, 12.1074
-122.739, 1.37886, 6.50405
-121.526, 0.592666, 11.1311
-121.526, 0.592666, 11.1422
-123.921, 1.37886, 5.57612
-121.526, 0.584701, 9.33677
-121.526, 0.584701, 9.34611
-121.526, 1.37886, 48.1021
-122.77, 1.37748, 6.45885
-122.764, 1.37748, 6.46531
-121.526, 0.592908, 11.0435
-132.05, 2.84206, 9.88111
-132.011, 2.84206, 9.891
-121.526, 1.3338, 18.9815
-405.76, 2.84206, 2.7327
-405.265, 2.84206, 2.73543
-123.503, 1.2213, 4.66033
-135.346, 2.84206, 9.16457
-135.298, 2.84206, 9.17374
-121.526, 1.32939, 17.5372
-206.235, 2.84206, 4.90387
-206.031, 2.84206, 4.90878
-121.625, 1.28211, 8.9708
-126.95, 2.84206, 11.671
-126.927, 2.84206, 11.6827
-121.526, 1.34278, 22.5932
-154.394, 2.84206, 6.99853
-154.297, 2.84206, 7.00553
-121.531, 1.31107, 13.1713
-162.11, 2.84206, 6.50405
-161.996, 2.84206, 6.51055
-121.536, 1.30621, 12.1848
-182.993, 2.84206, 5.57612
-182.834, 2.84206, 5.5817
-121.564, 1.29291, 10.3125
-121.526, 2.84206, 48.1021
-121.526, 2.84206, 48.1502
-121.526, 1.40942, 98.0184
-162.913, 2.84206, 6.45885
-162.797, 2.84206, 6.46531
-121.537, 1.30561, 12.0933
-150.42, 3.67644, 9.88111
-150.329, 3.67644, 9.891
-121.529, 1.73454, 19.0975
-672.759, 3.67644, 2.7327
-671.9, 3.67644, 2.73543
-131.581, 1.58982, 4.70638
-157.982, 3.67644, 9.16457
-157.872, 3.67644, 9.17374
-121.533, 1.7289, 17.6466
-304.43, 3.67644, 4.90387
-304.028, 3.67644, 4.90878
-122.401, 1.67118, 9.06016
-138.123, 3.67644, 11.671
-138.064, 3.67644, 11.6827
-121.526, 1.74465, 22.7057
-199.291, 3.67644, 6.99853
-199.087, 3.67644, 7.00553
-121.611, 1.70779, 13.2826
-215.415, 3.67644, 6.50405
-215.179, 3.67644, 6.51055
-121.674, 1.70041, 12.2798
-258.094, 3.67644, 5.57612
-257.773, 3.67644, 5.5817
-121.941, 1.68581, 10.4166
-121.526, 3.67644, 48.1021
-121.526, 3.67644, 48.1502
-121.526, 1.78833, 96.1174
-217.081, 3.67644, 6.45885
-216.841, 3.67644, 6.46531
-121.681, 1.70008, 12.1916
-250.428, 5.8635, 9.88111
-250.096, 5.8635, 9.891
-121.841, 2.77929, 19.1985
-1604.39, 5.8635, 2.7327
-1602.64, 5.8635, 2.73543
-186.309, 2.5231, 4.67031
-277.514, 5.8635, 9.16457
-277.125, 5.8635, 9.17374
-122.047, 2.7718, 17.752
-729.433, 5.8635, 4.90387
-728.304, 5.8635, 4.90878
-132.495, 2.68299, 9.13653
-204.163, 5.8635, 11.671
-203.934, 5.8635, 11.6827
-121.616, 2.79425, 22.8125
-415.826, 5.8635, 6.99853
-415.173, 5.8635, 7.00553
-123.925, 2.73878, 13.3699
-466.852, 5.8635, 6.50405
-466.111, 5.8635, 6.51055
-124.939, 2.72869, 12.371
-596.312, 5.8635, 5.57612
-595.369, 5.8635, 5.5817
-128.198, 2.70462, 10.4931
-121.638, 5.8635, 48.1021
-121.637, 5.8635, 48.1502
-121.526, 2.86161, 96.4472
-472.049, 5.8635, 6.45885
-471.3, 5.8635, 6.46531
-125.051, 2.72765, 12.2795
-4336.88, 29.6683, 9.88111
-4331.63, 29.6683, 9.891
-386.986, 13.8988, 18.9421
-8998.81, 29.6683, 2.7327
-8998.73, 29.6683, 2.73543
-3900.83, 10.9268, 2.77844
-121.525, 0.200041, 2.96922
-121.525, 0.200041, 2.97219
-4744.67, 29.698, 9.16457
-440.344, 13.7899, 17.4268
-439.578, 13.7899, 17.4443
-7848.62, 29.698, 4.90387
-1398.95, 12.3805, 7.97268
-1396.71, 12.3805, 7.98066
-3502.59, 29.698, 11.671
-294.034, 14.0521, 22.6823
-293.58, 14.0521, 22.705
-6205.41, 29.698, 6.99853
-720.519, 13.2891, 12.6987
-719.232, 13.2891, 12.7114
-6585.19, 29.698, 6.50405
-824.451, 13.1751, 11.6631
-822.99, 13.1751, 11.6748
-7320.57, 29.698, 5.57612
-1104.69, 12.6961, 9.46156
-1102.81, 12.6961, 9.47103
-304.002, 29.698, 48.1021
-122.109, 14.5027, 96.707
-122.105, 14.5027, 96.8037
-6620.56, 29.698, 6.45885
-835.629, 13.1474, 11.5481
-834.152, 13.1474, 11.5596
-3931.98, 27.7167, 9.88111
-341.9, 12.9886, 18.9932
-341.342, 12.9886, 19.0122
-8662.86, 27.7167, 2.7327
-3383.6, 10.2407, 3.02978
-3380.95, 10.2407, 3.03282
-121.526, 0.191807, 4.57818
-4306.94, 27.689, 9.16457
-4301.79, 27.689, 9.17374
-388.656, 12.9227, 17.491
-7377.71, 27.689, 4.90387
-7373.85, 27.689, 4.90878
-1220.63, 11.6741, 8.1042
-3139.31, 27.689, 11.671
-3134.86, 27.689, 11.6827
-264.099, 13.1467, 22.7192
-5720.01, 27.689, 6.99853
-5714.85, 27.689, 7.00553
-629.237, 12.5145, 12.8342
-6095.71, 27.689, 6.50405
-6090.63, 27.689, 6.51055
-720.168, 12.3819, 11.7589
-6835.56, 27.689, 5.57612
-6831.06, 27.689, 5.5817
-959.736, 12.0196, 9.65998
-271.774, 27.689, 48.1021
-271.361, 27.689, 48.1502
-121.888, 13.5497, 96.7145
-6130.87, 27.689, 6.45885
-6125.86, 27.689, 6.46531
-729.809, 12.3579, 11.6464
-759.013, 10.8674, 9.88111
-757.691, 10.8674, 9.891
-131.69, 5.16279, 19.2473
-3915.99, 10.8674, 2.7327
-3913.55, 10.8674, 2.73543
-520.495, 4.48858, 4.35119
-864.805, 10.8674, 9.16457
-863.318, 10.8674, 9.17374
-135.14, 5.14804, 17.7943
-2250.45, 10.8674, 4.90387
-2247.59, 10.8674, 4.90878
-219.12, 4.93182, 9.04099
-566.986, 10.8674, 11.671
-565.994, 10.8674, 11.6827
-126.522, 5.19195, 22.8762
-1352.37, 10.8674, 6.99853
-1350.24, 10.8674, 7.00553
-156.136, 5.07931, 13.38
-1515.15, 10.8674, 6.50405
-1512.84, 10.8674, 6.51055
-165.037, 5.05303, 12.3585
-1896.79, 10.8674, 5.57612
-1894.15, 10.8674, 5.5817
-190.003, 4.993, 10.4422
-127.053, 10.8674, 48.1021
-127.027, 10.8674, 48.1502
-121.526, 5.31396, 96.6396
-1531.3, 10.8674, 6.45885
-1528.98, 10.8674, 6.46531
-165.974, 5.05061, 12.2656
-121.688, 1.44462, 9.88111
-121.687, 1.44462, 9.891
-121.526, 0.649122, 17.981
-148.254, 1.44462, 2.7327
-148.195, 1.44462, 2.73543
-121.237, 0.582082, 4.1368
-121.792, 1.44462, 9.16457
-121.79, 1.44462, 9.17374
-121.526, 0.645697, 16.5584
-126.761, 1.44462, 4.90387
-126.743, 1.44462, 4.90878
-121.525, 0.613208, 8.19766
-121.573, 1.44462, 11.671
-121.572, 1.44462, 11.6827
-121.526, 0.656188, 21.5423
-122.722, 1.44462, 6.99853
-122.716, 1.44462, 7.00553
-121.526, 0.632345, 12.2762
-123.215, 1.44462, 6.50405
-123.208, 1.44462, 6.51055
-121.526, 0.628491, 11.3054
-124.77, 1.44462, 5.57612
-124.757, 1.44462, 5.5817
-121.526, 0.620258, 9.49665
-121.526, 1.44462, 48.1021
-121.526, 1.44462, 48.1502
-123.281, 1.44606, 6.45885
-121.526, 0.627492, 11.2168
-121.526, 0.627492, 11.228
-286.481, 6.39485, 9.88111
-122.104, 3.0265, 19.2085
-122.1, 3.0265, 19.2277
-1854.96, 6.39485, 2.7327
-207.091, 2.73642, 4.64381
-206.887, 2.73642, 4.64845
-320.013, 6.39485, 9.16457
-122.444, 3.01759, 17.7564
-122.439, 3.01759, 17.7741
-863.109, 6.39485, 4.90387
-137.126, 2.92003, 9.13556
-137.072, 2.92003, 9.1447
-228.762, 6.39485, 11.671
-121.708, 3.04382, 22.8327
-121.707, 3.04382, 22.8556
-489.114, 6.39485, 6.99853
-125.292, 2.98453, 13.3884
-125.275, 2.98453, 13.4018
-550.772, 6.39485, 6.50405
-126.753, 2.97162, 12.3789
-126.73, 2.97162, 12.3913
-705.74, 6.39485, 5.57612
-131.3, 2.9453, 10.4996
-131.262, 2.9453, 10.5101
-121.751, 6.39485, 48.1021
-121.526, 3.11582, 96.4831
-121.526, 3.11582, 96.5796
-557.032, 6.39485, 6.45885
-126.913, 2.97049, 12.2874
-126.89, 2.97049, 12.2997
-397.237, 7.73253, 9.88111
-123.422, 3.66436, 19.2366
-123.412, 3.66436, 19.2558
-2493.09, 7.73253, 2.7327
-275.126, 3.27662, 4.57024
-274.786, 3.27662, 4.57481
-449.461, 7.73253, 9.16457
-124.318, 3.65288, 17.7787
-124.305, 3.65288, 17.7965
-1238.18, 7.73253, 4.90387
-153.481, 3.52603, 9.11985
-153.383, 3.52603, 9.12898
-305.758, 7.73253, 11.671
-122.252, 3.68373, 22.8547
-122.248, 3.68373, 22.8775
-705.24, 7.73253, 6.99853
-130.748, 3.60955, 13.3915
-130.711, 3.60955, 13.4049
-795.902, 7.73253, 6.50405
-133.751, 3.59525, 12.3872
-133.705, 3.59525, 12.3996
-1018.65, 7.73253, 5.57612
-142.626, 3.56066, 10.4969
-142.555, 3.56066, 10.5074
-122.38, 7.73253, 48.1021
-121.526, 3.77024, 96.5531
-121.526, 3.77024, 96.6497
-805.04, 7.73253, 6.45885
-134.071, 3.5965, 12.3062
-134.024, 3.5965, 12.3185
-338.359, 37.7359, 57.5521
-122.402, 18.4504, 115.85
-122.396, 18.4504, 115.966
-153.49, 37.7359, 109.187
-121.529, 18.5113, 220.528
-121.529, 18.5113, 220.749
-2124.53, 37.7359, 20.988
-187.315, 18.2242, 41.7099
-187.115, 18.2242, 41.7516
-171.723, 37.7359, 95.3267
-121.54, 18.502, 192.436
-121.54, 18.502, 192.629
-121.539, 37.7359, 396.138
-121.526, 18.5114, 800.095
-121.526, 18.5114, 800.896
-1563.58, 37.7359, 25.0648
-158.911, 18.2931, 50.0098
-158.787, 18.2931, 50.0599
-251.645, 37.7359, 69.4184
-121.765, 18.4695, 139.885
-121.763, 18.4695, 140.025
-122.454, 37.7359, 235.858
-121.526, 18.5264, 476.76
-121.526, 18.5264, 477.237
-330.96, 37.7359, 58.3138
-122.332, 18.4553, 117.416
-122.327, 18.4553, 117.533
-6531.66, 37.7359, 9.00281
-721.613, 17.2622, 16.8097
-720.297, 17.2622, 16.8265
-142.832, 17.9165, 57.5521
-121.526, 8.75961, 115.845
-121.526, 8.75961, 115.961
-122.579, 17.9165, 109.187
-121.526, 8.78046, 220.312
-121.526, 8.78046, 220.533
-517.248, 17.9165, 20.988
-125.108, 8.66932, 41.7948
-125.09, 8.66932, 41.8366
-123.826, 17.9165, 95.3267
-121.526, 8.7759, 192.244
-121.526, 8.7759, 192.436
-121.526, 17.9165, 396.138
-121.526, 6.62673, 443.463
-121.526, 6.62673, 443.907
-378.117, 17.9165, 25.0648
-122.91, 8.69551, 50.0712
-122.902, 8.69551, 50.1213
-131.818, 17.9165, 69.4184
-121.526, 8.76764, 139.861
-121.526, 8.76764, 140.001
-121.527, 17.9165, 235.858
-121.526, 8.76837, 475.235
-121.526, 8.76837, 475.711
-141.831, 17.9165, 58.3138
-121.526, 8.75944, 117.376
-121.526, 8.75944, 117.493
-2237.37, 17.9165, 9.00281
-202.907, 8.42864, 17.3824
-202.675, 8.42864, 17.3998
-267.081, 32.6436, 57.5521
-121.851, 15.9676, 115.902
-121.849, 15.9676, 116.018
-140.426, 32.6436, 109.187
-121.526, 16.0109, 220.495
-121.526, 16.0109, 220.716
-1635.14, 32.6436, 20.988
-162.691, 15.7785, 41.7478
-162.557, 15.7785, 41.7896
-152.334, 32.6436, 95.3267
-121.528, 16.0015, 192.39
-121.528, 16.0015, 192.582
-121.528, 32.6436, 396.138
-121.526, 16.0036, 799.598
-121.526, 16.0036, 800.398
-1189.2, 32.6436, 25.0648
-143.927, 15.8325, 50.0364
-143.847, 15.8325, 50.0865
-206.515, 32.6436, 69.4184
-121.599, 15.9846, 139.951
-121.598, 15.9846, 140.091
-121.874, 32.6436, 235.858
-121.526, 16.0197, 476.56
-121.526, 16.0197, 477.037
-261.863, 32.6436, 58.3138
-121.821, 15.9768, 117.505
-121.819, 15.9768, 117.622
-5477.1, 32.6436, 9.00281
-544.49, 15.0069, 16.9133
-543.514, 15.0069, 16.9302
-629.806, 52.7865, 57.5521
-127.022, 25.8254, 115.925
-126.997, 25.8254, 116.041
-215.369, 52.7865, 109.187
-121.621, 25.8846, 220.444
-121.62, 25.8846, 220.664
-3714.75, 52.7865, 20.988
-297.492, 25.4158, 41.576
-297.019, 25.4158, 41.6176
-260.236, 52.7865, 95.3267
-121.805, 25.8952, 192.539
-121.803, 25.8952, 192.732
-121.792, 52.7865, 396.138
-121.526, 25.9198, 800.883
-121.526, 25.9198, 801.684
-2832.62, 52.7865, 25.0648
-228.967, 25.5475, 49.9246
-228.659, 25.5475, 49.9745
-443.532, 52.7865, 69.4184
-123.656, 25.8604, 140.019
-123.644, 25.8604, 140.159
-127.261, 52.7865, 235.858
-121.526, 25.9262, 476.959
-121.526, 25.9262, 477.436
-614.261, 52.7865, 58.3138
-126.694, 25.8134, 117.403
-126.67, 25.8134, 117.521
-9239.7, 52.7865, 9.00281
-1395.23, 23.4393, 16.1643
-1392.79, 23.4393, 16.1804
-123.696, 10.7817, 57.5521
-121.526, 5.26726, 115.754
-121.526, 5.26726, 115.87
-121.544, 10.7817, 109.187
-121.526, 5.27479, 219.929
-121.526, 5.27479, 220.149
-221.417, 10.7817, 20.988
-121.658, 5.21361, 41.7665
-121.657, 5.21361, 41.8083
-121.59, 10.7817, 95.3267
-121.526, 5.2745, 191.999
-121.526, 5.2745, 192.192
-121.526, 10.7817, 396.138
-180.761, 10.7709, 25.0648
-180.581, 10.7709, 25.0899
-121.554, 5.23196, 50.0113
-122.237, 10.7709, 69.4184
-122.232, 10.7709, 69.4879
-121.526, 5.27631, 139.723
-121.526, 10.7709, 235.858
-121.526, 10.7709, 236.094
-123.546, 10.7817, 58.3138
-121.526, 5.26666, 117.273
-121.526, 5.26666, 117.39
-878.125, 10.7817, 9.00281
-135.513, 5.09653, 17.4775
-135.461, 5.09653, 17.4949
-1013.96, 67.4072, 57.5521
-137.172, 32.9627, 115.868
-137.111, 32.9627, 115.984
-309.94, 67.4072, 109.187
-122.133, 33.0536, 220.441
-122.129, 33.0536, 220.661
-5329.89, 67.4072, 20.988
-457.476, 32.3253, 41.397
-456.645, 32.3253, 41.4384
-391.227, 67.4072, 95.3267
-122.948, 33.0692, 192.549
-122.94, 33.0692, 192.742
-122.894, 67.4072, 396.138
-121.526, 33.1121, 801.203
-121.526, 33.1121, 802.005
-4184.64, 67.4072, 25.0648
-334.91, 32.5161, 49.7508
-334.349, 32.5161, 49.8006
-707.76, 67.4072, 69.4184
-128.716, 32.9968, 139.906
-128.684, 32.9968, 140.046
-137.735, 67.4072, 235.858
-121.526, 33.1144, 477.063
-121.526, 33.1144, 477.54
-988.847, 67.4072, 58.3138
-136.391, 32.9656, 117.412
-136.333, 32.9656, 117.53
-11311.8, 67.4072, 9.00281
-2220.12, 28.9854, 15.4177
-2216.55, 28.9854, 15.4331
-1032.92, 68.0538, 57.5521
-137.765, 33.279, 115.869
-137.703, 33.279, 115.984
-314.906, 68.0538, 109.187
-122.173, 33.3657, 220.407
-122.169, 33.3657, 220.628
-5401.14, 68.0538, 20.988
-465.718, 32.6228, 41.3796
-464.869, 32.6228, 41.421
-398.02, 68.0538, 95.3267
-123.03, 33.3536, 192.357
-123.022, 33.3536, 192.55
-122.974, 68.0538, 396.138
-121.526, 33.4311, 801.236
-121.526, 33.4311, 802.038
-4245.58, 68.0538, 25.0648
-340.43, 32.8539, 49.7923
-339.856, 32.8539, 49.8421
-721.056, 68.0538, 69.4184
-129.029, 33.3138, 139.908
-128.996, 33.3138, 140.048
-138.346, 68.0538, 235.858
-121.526, 33.4322, 477.065
-121.526, 33.4322, 477.542
-1007.36, 68.0538, 58.3138
-136.96, 33.2819, 117.412
-136.9, 33.2819, 117.53
-11391.5, 68.0538, 9.00281
-2263.87, 29.1567, 15.3289
-2260.24, 29.1567, 15.3443
-2825.11, 117.758, 57.5521
-223.54, 57.5493, 115.796
-223.242, 57.5493, 115.912
-877.856, 117.758, 109.187
-132.946, 57.8141, 220.713
-132.899, 57.8141, 220.934
-10423.7, 117.758, 20.988
-1345.75, 55.2373, 40.388
-1343.26, 55.2373, 40.4284
-1139.79, 117.758, 95.3267
-140.976, 57.7314, 192.417
-140.903, 57.7314, 192.609
-140.5, 117.758, 396.138
-121.526, 57.886, 801.766
-121.526, 57.886, 802.568
-8799.06, 117.758, 25.0648
-961.114, 56.093, 49.077
-959.288, 56.093, 49.1261
-2047.68, 117.758, 69.4184
-179.244, 57.6388, 139.893
-179.062, 57.6388, 140.033
-226.286, 117.758, 235.858
-121.653, 57.8686, 477.221
-121.652, 57.8686, 477.698
-2763.98, 117.758, 58.3138
-219.684, 57.5474, 117.324
-219.396, 57.5474, 117.442
-15809, 117.758, 9.00281
-5873, 45.9173, 12.6358
-5866.42, 45.9173, 12.6484
-121.526, 1.06683, 49.0343
-1580.26, 85.0476, 57.5521
-1577.37, 85.0476, 57.6097
-158.251, 41.6691, 115.859
-468.436, 85.0476, 109.187
-467.568, 85.0476, 109.297
-124.017, 41.8381, 220.712
-7236.2, 85.0476, 20.988
-7228.06, 85.0476, 21.009
-717.441, 40.6041, 41.1071
-605.12, 85.0476, 95.3267
-603.964, 85.0476, 95.4221
-126.473, 41.7852, 192.448
-126.274, 85.0476, 396.138
-126.251, 85.0476, 396.535
-121.526, 41.8783, 801.533
-5849.69, 85.0476, 25.0648
-5842.22, 85.0476, 25.0899
-512.862, 40.9925, 49.6021
-1112.93, 85.0476, 69.4184
-1110.81, 85.0476, 69.4879
-140.381, 41.7486, 140.019
-159.141, 85.0476, 235.858
-159.014, 85.0476, 236.094
-121.531, 41.8624, 477.044
-1542.6, 85.0476, 58.3138
-1539.77, 85.0476, 58.3721
-156.653, 41.6729, 117.403
-13253, 85.0476, 9.00281
-13248.5, 85.0476, 9.01181
-3384.74, 35.3646, 14.5164
-3637, 137.241, 57.5521
-3631.29, 137.241, 57.6097
-280.661, 67.1713, 115.736
-1181.74, 137.241, 109.187
-1179.49, 137.241, 109.297
-142.49, 67.4833, 220.611
-12061, 137.241, 20.988
-12052.1, 137.241, 21.009
-1803.25, 63.72, 39.8099
-1526.01, 137.241, 95.3267
-1523.19, 137.241, 95.4221
-155.512, 67.4183, 192.418
-154.521, 137.241, 396.138
-154.407, 137.241, 396.535
-121.529, 67.5962, 801.74
-10398.9, 137.241, 25.0648
-10389.3, 137.241, 25.0899
-1297.69, 65.0566, 48.7034
-2680.61, 137.241, 69.4184
-2676.09, 137.241, 69.4879
-214.609, 67.2947, 139.861
-283.796, 137.241, 235.858
-283.348, 137.241, 236.094
-121.942, 67.5522, 477.037
-3562.63, 137.241, 58.3138
-3557.03, 137.241, 58.3721
-274.969, 67.1817, 117.286
-16928.5, 137.241, 9.00281
-16926.5, 137.241, 9.01181
-7383.54, 52.5194, 11.8478
-121.526, 1.1207, 35.5371
-121.526, 1.1207, 35.5727
-2003.8, 0.000587818, 0.00208239
-120.605, 0.00032834, 0.0046981
-120.618, 0.00032834, 0.0047028
-2112.74, 0.000587818, 0.000640986
-1111.19, 0.00123764, 0.000329162
-1112.24, 0.00123764, 0.000329492
-119.133, 0.0244438, 2.28905e-05
-1856.08, 0.00058723, 0.00253025
-1854.96, 0.00058723, 0.00253278
-121.486, 0.000320289, 0.00560058
-2056.58, 0.00058723, 0.000484741
-2056.89, 0.00058723, 0.000485226
-831.399, 0.00120828, 0.000242305
-119.71, 0.0215494, 1.51278e-05
-119.708, 0.0215494, 1.51429e-05
-108.938, 0.000587818, 1.61239e-05
-107.859, 0.00119046, 7.94677e-06
-107.849, 0.00119046, 7.95472e-06
-1711.82, 0.000587818, 0.00280496
-121.52, 0.000316396, 0.0061548
-121.52, 0.000316396, 0.00616096
-406.912, 0.000587818, 6.53219e-05
-108.437, 0.00119153, 3.22234e-05
-108.469, 0.00119153, 3.22557e-05
-2023.39, 0.000587818, 0.000442967
-752, 0.00120314, 0.000220678
-752.85, 0.00120314, 0.000220899
-119.864, 0.0212219, 1.35928e-05
-962.02, 0.00058723, 0.00363924
-958.097, 0.00058723, 0.00364288
-121.526, 0.000309323, 0.00783385
-2124.14, 0.00058723, 0.000961171
-2124.12, 0.00058723, 0.000962133
-1733.18, 0.000543784, 0.00260481
-121.526, 0.000397856, 0.140501
-121.526, 0.000397856, 0.140642
-1903.61, 0.0004836, 0.00208239
-121.478, 0.000263243, 0.00460931
-121.479, 0.000263243, 0.00461392
-2127.52, 0.0004836, 0.000640986
-1349.28, 0.00111374, 0.00036985
-1350.37, 0.00111374, 0.00037022
-118.271, 0.0314885, 4.09952e-05
-1604.72, 0.000483117, 0.00253025
-1602.45, 0.000483117, 0.00253278
-121.525, 0.000258228, 0.0055124
-2104.02, 0.000483117, 0.000484741
-2104.17, 0.000483117, 0.000485226
-1022.19, 0.00100158, 0.000244231
-119.321, 0.0184094, 1.57385e-05
-119.319, 0.0184094, 1.57542e-05
-118.196, 0.0004836, 1.61239e-05
-105.948, 0.000979521, 7.94779e-06
-105.938, 0.000979521, 7.95574e-06
-1322.09, 0.0004836, 0.00280496
-121.526, 0.000255619, 0.00606544
-121.526, 0.000255619, 0.00607151
-521.53, 0.0004836, 6.53219e-05
-117.283, 0.000980344, 3.22256e-05
-117.343, 0.000980344, 3.22578e-05
-2086.55, 0.0004836, 0.000442967
-932.866, 0.000996115, 0.000222134
-933.836, 0.000996115, 0.000222356
-119.509, 0.0180208, 1.40471e-05
-335.22, 0.000483117, 0.00363924
-332.256, 0.000483117, 0.00364288
-121.526, 0.000250701, 0.00773433
-2121.6, 0.000483117, 0.000961171
-2121.55, 0.000483117, 0.000962133
-543.639, 0.000316466, 0.00237748
-121.526, 5.79767e-05, 0.0889974
-121.526, 5.79767e-05, 0.0890864
-114.709, 0.000160529, 0.00208239
-2093.21, 0.000317139, 0.00100204
-2093.04, 0.000317139, 0.00100305
-113.555, 0.000161574, 0.00206795
-112.182, 0.000162583, 0.00205197
-112.29, 0.000162583, 0.00205402
-1455.87, 0.000227299, 0.00143393
-110.858, 0.000163528, 0.00203925
-110.979, 0.000163528, 0.00204129
-109.192, 0.00016469, 0.00202601
-214.133, 0.000193285, 0.00170445
-211.802, 0.000193285, 0.00170616
-89.0494, 0.000173769, 0.00191267
-79.2784, 0.000179795, 0.00184201
-79.2838, 0.000179795, 0.00184385
-2084.48, 0.000160529, 0.000640986
-121.005, 8.81971e-05, 0.00142878
-121.013, 8.81971e-05, 0.00143021
-121.082, 0.000160529, 0.00253025
-2041.4, 0.000319304, 0.00122537
-2041.01, 0.000319304, 0.00122659
-121.074, 0.000160627, 0.00252862
-121.072, 0.000160566, 0.00252697
-121.079, 0.000160566, 0.00252949
-589.368, 0.000226654, 0.00175968
-116.184, 0.000175312, 0.00230369
-116.25, 0.000175312, 0.002306
-84.1718, 0.00019446, 0.00206768
-80.78, 0.000196548, 0.0020424
-80.901, 0.000196548, 0.00204445
-79.2982, 0.000199262, 0.00201524
-2123.67, 0.000160368, 0.000484741
-2123.6, 0.000160368, 0.000485226
-97.5102, 9.22081e-05, 0.00111415
-2081.47, 0.000141004, 0.00058803
-2081.2, 0.000141004, 0.000588618
-93.2015, 9.29409e-05, 0.00110099
-1437.48, 0.00011442, 0.000804622
-1433.83, 0.00011442, 0.000805427
-90.4279, 9.34052e-05, 0.00109279
-88.0709, 9.37487e-05, 0.00108515
-88.2953, 9.37487e-05, 0.00108624
-360.458, 0.000103674, 0.000934418
-81.147, 9.51657e-05, 0.00106099
-81.2882, 9.51657e-05, 0.00106205
-79.3367, 9.63545e-05, 0.00104296
-358.263, 0.000160368, 1.61239e-05
-358.731, 0.000160368, 1.614e-05
-105.536, 0.000325601, 7.95094e-06
-121.446, 0.000160368, 0.00280496
-121.448, 0.000160368, 0.00280776
-1989.65, 0.000320604, 0.00136238
-121.446, 0.00016039, 0.00280456
-121.447, 0.00016039, 0.00280736
-121.444, 0.000160573, 0.00280415
-223.797, 0.000226666, 0.00195457
-221.413, 0.000226666, 0.00195652
-119.287, 0.000178803, 0.00250636
-83.7108, 0.000205358, 0.00216676
-83.8886, 0.000205358, 0.00216892
-79.2787, 0.000209999, 0.002119
-79.2781, 0.000209945, 0.00211736
-79.2806, 0.000209945, 0.00211948
-1569.88, 0.000160529, 6.53219e-05
-351.216, 0.000325782, 3.22615e-05
-351.661, 0.000325782, 3.22938e-05
-2129.28, 0.000160529, 0.000442967
-79.507, 9.38322e-05, 0.00103043
-79.5653, 9.38322e-05, 0.00103146
-1995.32, 0.000126018, 0.000648565
-79.3767, 9.3939e-05, 0.00102859
-79.4169, 9.3939e-05, 0.00102962
-121.525, 0.000160529, 0.00363924
-1656.99, 0.000322242, 0.00177804
-1654.77, 0.000322242, 0.00177982
-121.525, 0.000160529, 0.00363923
-121.525, 0.000160369, 0.00363922
-121.525, 0.000160369, 0.00364286
-97.5266, 0.000227555, 0.00254375
-94.9843, 0.000228888, 0.00252595
-95.1935, 0.000228888, 0.00252848
-92.028, 0.000230668, 0.00250851
-497.606, 0.000272501, 0.00211192
-493.641, 0.000272501, 0.00211404
-83.8378, 0.000235573, 0.00245492
-79.5509, 0.000242052, 0.00238504
-79.493, 0.000242052, 0.00238743
-1742.04, 0.000160529, 0.000961171
-121.525, 8.47108e-05, 0.00207558
-121.525, 8.47108e-05, 0.00207766
-2095.18, 0.00165955, 0.00208239
-1527.66, 0.00445773, 0.00179722
-1528.63, 0.00445773, 0.00179902
-113.717, 0.23323, 0.000997152
-1506.26, 0.00165789, 0.000640986
-1507.28, 0.00165789, 0.000641628
-325.482, 0.00338351, 0.00031773
-2089.29, 0.00165789, 0.00253025
-2089.23, 0.00165789, 0.00253278
-1307.01, 0.00143802, 0.00680732
-121.526, 0.000809901, 0.356641
-121.526, 0.000809901, 0.356998
-1208.47, 0.00165955, 0.000484741
-230.468, 0.00337429, 0.000239861
-230.737, 0.00337429, 0.000240101
-104.293, 0.00165955, 1.61239e-05
-131.954, 0.000816916, 3.26796e-05
-132.051, 0.000816916, 3.27123e-05
-101.562, 0.00135739, 1.97057e-05
-2080.84, 0.00165789, 0.00280496
-2080.74, 0.00165789, 0.00280776
-622.039, 0.0011938, 0.00721078
-121.526, 0.000319347, 0.314924
-121.526, 0.000319347, 0.31524
-130.398, 0.00165955, 6.53219e-05
-104.434, 0.00336405, 3.22241e-05
-104.425, 0.00336405, 3.22563e-05
-1113.04, 0.00165955, 0.000442967
-207.519, 0.00337314, 0.000219114
-207.759, 0.00337314, 0.000219334
-2040.48, 0.00165955, 0.00363924
-79.2874, 0.00103155, 0.00877618
-79.2987, 0.00103155, 0.00878496
-1864.05, 0.00165955, 0.000961171
-544.915, 0.0033816, 0.000476653
-545.597, 0.0033816, 0.00047713
-120.29, 0.0585897, 2.88275e-05
-1688.68, 0.000398687, 0.00208239
-1686.7, 0.000398687, 0.00208447
-121.524, 0.000213205, 0.00453852
-2131.54, 0.000398687, 0.000640986
-2131.53, 0.000398687, 0.000641628
-2090.76, 0.000621137, 0.00157158
-121.503, 0.00364114, 0.0567924
-121.503, 0.00364114, 0.0568492
-1115.42, 0.000399085, 0.00253025
-121.526, 0.00020949, 0.00543991
-121.526, 0.00020949, 0.00544535
-2125.95, 0.000399085, 0.000484741
-1229.31, 0.00084871, 0.00025177
-1230.39, 0.00084871, 0.000252022
-118.837, 0.0174464, 1.83223e-05
-133.093, 0.000398687, 1.61239e-05
-133.192, 0.000398687, 1.614e-05
-104.189, 0.000809212, 7.94843e-06
-682.924, 0.000398687, 0.00280496
-678.751, 0.000398687, 0.00280776
-121.526, 0.000208079, 0.00599092
-660.794, 0.000398687, 6.53219e-05
-661.57, 0.000398687, 6.53873e-05
-131.484, 0.000809445, 3.22103e-05
-2118.87, 0.000398687, 0.000442967
-2118.97, 0.000398687, 0.00044341
-1129.98, 0.000836098, 0.000225973
-119.077, 0.0160912, 1.53038e-05
-119.075, 0.0160912, 1.53191e-05
-83.4151, 0.000399085, 0.00363924
-121.526, 0.000202455, 0.00759242
-121.526, 0.000202455, 0.00760002
-119.249, 0.00033206, 0.00444284
-82.2726, 0.000384752, 0.00378248
-82.4194, 0.000384752, 0.00378627
-2115.2, 0.000399085, 0.000961171
-89.8508, 0.000241318, 0.00228241
-89.3803, 0.000241318, 0.00228469
-121.526, 3.24234e-05, 0.0725709
-2097.08, 0.00158546, 0.00208239
-2097.08, 0.00158546, 0.00208447
-1898.39, 0.00417605, 0.00268158
-105.701, 0.200006, 0.00737406
-105.73, 0.200006, 0.00738144
-218.202, 14.1338, 0.0224365
-101.996, 0.454268, 0.00913758
-101.985, 0.454268, 0.00914672
-1551.25, 0.00158704, 0.000640986
-345.146, 0.00322393, 0.000316884
-345.586, 0.00322393, 0.000317201
-2088.67, 0.00158704, 0.00253025
-1009.32, 0.0012426, 0.00667371
-1005.93, 0.0012426, 0.00668039
-121.526, 0.000469328, 0.322988
-1257.82, 0.00158546, 0.000484741
-1258.89, 0.00158546, 0.000485226
-242.968, 0.0032304, 0.000239884
-103.886, 0.00158546, 1.61239e-05
-103.878, 0.00158546, 1.614e-05
-136.344, 0.000782004, 3.26795e-05
-101.513, 0.00131696, 1.94044e-05
-101.51, 0.00131696, 1.94238e-05
-2079.11, 0.00158704, 0.00280496
-434.73, 0.00109598, 0.00710451
-431.671, 0.00109598, 0.00711162
-121.526, 0.000250518, 0.292393
-134.761, 0.00158546, 6.53219e-05
-134.862, 0.00158546, 6.53873e-05
-104.041, 0.0032202, 3.22231e-05
-1161.55, 0.00158546, 0.000442967
-1162.6, 0.00158546, 0.00044341
-218.218, 0.00322919, 0.000219128
-2034.51, 0.00158546, 0.00363924
-2034.26, 0.00158546, 0.00364288
-82.934, 0.000973953, 0.00870999
-1895.52, 0.00158546, 0.000961171
-1896.16, 0.00158546, 0.000962133
-575.365, 0.00325824, 0.000479848
-120.231, 0.0578265, 2.98067e-05
-120.23, 0.0578265, 2.98365e-05
-1975.57, 0.00286405, 0.00208239
-710.5, 0.00596438, 0.00105652
-711.326, 0.00596438, 0.00105758
-120.061, 0.112739, 7.00071e-05
-930.673, 0.00286119, 0.000640986
-931.66, 0.00286119, 0.000641628
-170.819, 0.00577299, 0.000314128
-2036.94, 0.00286119, 0.00253025
-2037.15, 0.00286119, 0.00253278
-885.403, 0.00620245, 0.00134119
-119.751, 0.136289, 0.000105876
-119.749, 0.136289, 0.000105982
-681.03, 0.00286405, 0.000484741
-134.039, 0.0058213, 0.000239776
-134.139, 0.0058213, 0.000240015
-109.468, 0.00286405, 1.61239e-05
-104.39, 0.00140958, 3.26738e-05
-104.409, 0.00140958, 3.27065e-05
-105.008, 0.00226615, 2.03667e-05
-101.326, 0.00169956, 2.7111e-05
-101.324, 0.00169956, 2.71382e-05
-2054.19, 0.00286405, 0.00280496
-998.216, 0.00647831, 0.00157628
-999.194, 0.00647831, 0.00157786
-119.509, 0.170435, 0.000157203
-104.071, 0.00286119, 6.53219e-05
-104.089, 0.00286119, 6.53873e-05
-109.631, 0.00581308, 3.22329e-05
-101.405, 0.00349799, 5.34535e-05
-101.402, 0.00349799, 5.3507e-05
-611.551, 0.00286405, 0.000442967
-126.073, 0.00582008, 0.000219066
-126.154, 0.00582008, 0.000219285
-2064.31, 0.00286405, 0.00363924
-1990.2, 0.00574608, 0.00745266
-1990.07, 0.00574608, 0.00746012
-721.902, 0.093564, 0.131074
-242.154, 6544.64, 12541
-241.806, 6544.64, 12553.5
-1349.89, 0.00286405, 0.000961171
-271.346, 0.00579253, 0.000473086
-271.684, 0.00579253, 0.000473559
-1656.78, 0.000391129, 0.00208239
-121.525, 0.000208333, 0.00453128
-121.525, 0.000208333, 0.00453581
-2131.61, 0.000391129, 0.000640986
-2024.09, 0.000475223, 0.001709
-2023.66, 0.000475223, 0.00171071
-121.526, 0.00104083, 0.0863601
-1044.13, 0.000390738, 0.00253025
-1040.06, 0.000390738, 0.00253278
-121.526, 0.000205258, 0.0054341
-2127.36, 0.000390738, 0.000484741
-2127.41, 0.000390738, 0.000485226
-1251.76, 0.000840795, 0.000254666
-118.761, 0.0179364, 1.94006e-05
-118.758, 0.0179364, 1.942e-05
-135.015, 0.000391129, 1.61239e-05
-104.001, 0.000792286, 7.94842e-06
-103.992, 0.000792286, 7.95637e-06
-614.992, 0.000391129, 0.00280496
-121.526, 0.000203404, 0.00598274
-121.526, 0.000203404, 0.00598873
-676.078, 0.000391129, 6.53219e-05
-133.522, 0.000792969, 3.22288e-05
-133.622, 0.000792969, 3.22611e-05
-2120.87, 0.000391129, 0.000442967
-1152.91, 0.000822321, 0.000227106
-1153.99, 0.000822321, 0.000227334
-119.026, 0.0161472, 1.56914e-05
-80.0637, 0.000390738, 0.00363924
-79.9645, 0.000390738, 0.00364288
-121.526, 0.000196093, 0.00750189
-116.246, 0.000338529, 0.00422933
-116.309, 0.000338529, 0.00423356
-79.694, 0.000385235, 0.0036976
-2114.21, 0.000390738, 0.000961171
-2114.13, 0.000390738, 0.000962133
-83.0588, 0.000235616, 0.00227605
-121.526, 3.09963e-05, 0.0715657
-121.526, 3.09963e-05, 0.0716373
-1550.53, 0.0050228, 0.00208239
-350.026, 0.0103327, 0.00104286
-350.476, 0.0103327, 0.0010439
-478.771, 0.0050228, 0.000640986
-113.455, 0.010222, 0.000317468
-113.502, 0.010222, 0.000317786
-1723.97, 0.0050228, 0.00253025
-448.105, 0.0103516, 0.00126957
-448.665, 0.0103516, 0.00127084
-335.471, 0.0050228, 0.000484741
-104.328, 0.0102137, 0.000239886
-104.346, 0.0102137, 0.000240126
-113.908, 0.0050228, 1.61239e-05
-101.968, 0.0024704, 3.26519e-05
-101.963, 0.0024704, 3.26846e-05
-1801.64, 0.0050228, 0.00280496
-509.872, 0.0104622, 0.00142346
-510.516, 0.0104622, 0.00142488
-102.06, 0.0050228, 6.53219e-05
-169.075, 0.00246951, 0.000132234
-169.244, 0.00246951, 0.000132366
-101.317, 0.00449805, 7.29001e-05
-299.594, 0.00501778, 0.000442967
-299.98, 0.00501778, 0.00044341
-102.9, 0.010222, 0.00021917
-1944.55, 0.00501778, 0.00363924
-1944.95, 0.00501778, 0.00364288
-698.147, 0.0107842, 0.00190918
-120.228, 0.228944, 0.000144608
-120.226, 0.228944, 0.000144753
-778.348, 0.0050228, 0.000961171
-146.82, 0.0102382, 0.000476815
-146.943, 0.0102382, 0.000477292
-2083.93, 0.000929557, 0.00208239
-84.5264, 0.000573822, 0.00500293
-84.2449, 0.000573822, 0.00500794
-121.526, 8.37441e-05, 0.166676
-1978.4, 0.000928628, 0.000640986
-1978.9, 0.000928628, 0.000641628
-675.718, 0.00190641, 0.000319655
-120.019, 0.0336933, 1.97703e-05
-120.018, 0.0336933, 1.97901e-05
-2045.84, 0.000929557, 0.00253025
-105.732, 0.000545127, 0.00589808
-105.878, 0.000545127, 0.00590398
-1792.58, 0.000929557, 0.000484741
-480.09, 0.00189434, 0.000240415
-480.691, 0.00189434, 0.000240656
-101.473, 0.000929557, 1.61239e-05
-111.895, 0.00187847, 7.92959e-06
-111.887, 0.00187847, 7.93753e-06
-101.38, 0.000983303, 1.52363e-05
-2012.22, 0.000928628, 0.00280496
-2011.83, 0.000928628, 0.00280776
-116.427, 0.000534207, 0.00644919
-228.89, 0.000928628, 6.53219e-05
-229.161, 0.000928628, 6.53873e-05
-101.423, 0.00188601, 3.22213e-05
-1716.17, 0.000928628, 0.000442967
-1717.08, 0.000928628, 0.00044341
-427.517, 0.00189448, 0.00021949
-1837.45, 0.000928628, 0.00363924
-1836.37, 0.000928628, 0.00364288
-121.399, 0.000512451, 0.00812648
-2099.42, 0.000928628, 0.000961171
-2099.55, 0.000928628, 0.000962133
-1053.39, 0.00198339, 0.000500562
-119.269, 0.0410681, 3.68201e-05
-119.267, 0.0410681, 3.68569e-05
